year,edition,bowls,city,stall,name_key,source_url
2026,4,3,台中,金饌脆皮烤鴨,金饌脆皮烤鴨,https://500times.udn.com/wtimes/story/123497/9547367
2026,4,3,台北,許仔豬腳麵線,許仔豬腳麵線,https://500times.udn.com/wtimes/story/123497/9547367
2026,4,2,台中,合作街大麵羹,合作街大麵羹,https://500times.udn.com/wtimes/story/123497/9547367
2026,4,2,台中,日棧飯糰,日棧飯糰,https://500times.udn.com/wtimes/story/123497/9547367
2026,4,2,台北,上全肉羹,上全肉羹,https://500times.udn.com/wtimes/story/123497/9547367
2026,4,2,台北,大橋頭老牌筒仔米糕,大橋頭老牌筒仔米糕,https://500times.udn.com/wtimes/story/123497/9547367
2026,4,2,台北,大龍峒肉羹 米粉湯,大龍峒肉羹米粉湯,https://500times.udn.com/wtimes/story/123497/9547367
2026,4,2,台北,林家乾麵,林家乾麵,https://500times.udn.com/wtimes/story/123497/9547367
2026,4,2,台北,樂天羊肉,樂天羊肉,https://500times.udn.com/wtimes/story/123497/9547367
2026,4,2,台北,臨江街夜市 巷口無名麵店,臨江街夜市巷口無名麵店,https://500times.udn.com/wtimes/story/123497/9547367
2026,4,2,台北,萍姊酸菜麵,萍姊酸菜麵,https://500times.udn.com/wtimes/story/123497/9547367
2026,4,2,台北,開囍滷肉專賣店,開囍滷肉專賣店,https://500times.udn.com/wtimes/story/123497/9547367
2026,4,2,台南,無名羊肉湯大菜市,無名羊肉湯大菜市,https://500times.udn.com/wtimes/story/123497/9547367
2026,4,2,台南,阿明豬心金華店,阿明豬心金華店,https://500times.udn.com/wtimes/story/123497/9547367
2026,4,2,台南,阿銘牛肉麵,阿銘牛肉麵,https://500times.udn.com/wtimes/story/123497/9547367
2026,4,2,嘉義,阿吉鱔魚麵,阿吉鱔魚麵,https://500times.udn.com/wtimes/story/123497/9547367
2026,4,2,基隆,廣東汕頭牛肉店,廣東汕頭牛肉店,https://500times.udn.com/wtimes/story/123497/9547367
2026,4,2,宜蘭,蒸餃阿姨,蒸餃阿姨,https://500times.udn.com/wtimes/story/123497/9547367
2026,4,2,新北,朱記花枝羹,朱記花枝羹,https://500times.udn.com/wtimes/story/123497/9547367
2026,4,2,苗栗,北苗二家合,北苗二家合,https://500times.udn.com/wtimes/story/123497/9547367
2026,4,2,高雄,北港蔡三代筒仔米糕,北港蔡三代筒仔米糕,https://500times.udn.com/wtimes/story/123497/9547367
2026,4,2,高雄,正宗鴨肉飯,正宗鴨肉飯,https://500times.udn.com/wtimes/story/123497/9547367
2026,4,2,高雄,清溪小吃部,清溪小吃部,https://500times.udn.com/wtimes/story/123497/9547367
2026,4,2,高雄,迪記法式豬舌飯,迪記法式豬舌飯,https://500times.udn.com/wtimes/story/123497/9547367
2026,4,2,高雄,饅頭達人｜金獅湖肉包,饅頭達人金獅湖肉包,https://500times.udn.com/wtimes/story/123497/9547367
2026,4,1,南投,阿嬌麵店,阿嬌麵店,https://500times.udn.com/wtimes/story/123497/9547367
2026,4,1,台中,TAKU 牛丼專賣,taku牛丼專賣,https://500times.udn.com/wtimes/story/123497/9547367
2026,4,1,台中,三鮮湯包,三鮮湯包,https://500times.udn.com/wtimes/story/123497/9547367
2026,4,1,台中,主觀廚房.Subjective taste,主觀廚房subjectivetaste,https://500times.udn.com/wtimes/story/123497/9547367
2026,4,1,台中,五市肉包,五市肉包,https://500times.udn.com/wtimes/story/123497/9547367
2026,4,1,台中,北屯佳賓黑白切,北屯佳賓黑白切,https://500times.udn.com/wtimes/story/123497/9547367
2026,4,1,台中,南屯豬腳麵線,南屯豬腳麵線,https://500times.udn.com/wtimes/story/123497/9547367
2026,4,1,台中,台中唐太盅養生燉品甜湯,臺中唐太盅養生燉品甜湯,https://500times.udn.com/wtimes/story/123497/9547367
2026,4,1,台中,台南本產 阿文溫體牛肉湯,臺南本產阿文溫體牛肉湯,https://500times.udn.com/wtimes/story/123497/9547367
2026,4,1,台中,品嘉茶餐廳,品嘉茶餐廳,https://500times.udn.com/wtimes/story/123497/9547367
2026,4,1,台中,大雅炸雞,大雅炸雞,https://500times.udn.com/wtimes/story/123497/9547367
2026,4,1,台中,大雅牛肉麵,大雅牛肉麵,https://500times.udn.com/wtimes/story/123497/9547367
2026,4,1,台中,新社老街豆腐宗,新社老街豆腐宗,https://500times.udn.com/wtimes/story/123497/9547367
2026,4,1,台中,旱溪肉圓,旱溪肉圓,https://500times.udn.com/wtimes/story/123497/9547367
2026,4,1,台中,曉明湯包,曉明湯包,https://500times.udn.com/wtimes/story/123497/9547367
2026,4,1,台中,東勢牛稼莊,東勢牛稼莊,https://500times.udn.com/wtimes/story/123497/9547367
2026,4,1,台中,東興市魯肉義,東興市滷肉義,https://500times.udn.com/wtimes/story/123497/9547367
2026,4,1,台中,楊記老潼關肉夾饃（大慶夜市）,楊記老潼關肉夾饃,https://500times.udn.com/wtimes/story/123497/9547367
2026,4,1,台中,正老牌豐原肉丸,正老牌豐原肉丸,https://500times.udn.com/wtimes/story/123497/9547367
2026,4,1,台中,水湳臭豆腐,水湳臭豆腐,https://500times.udn.com/wtimes/story/123497/9547367
2026,4,1,台中,炸粿生 三代老店,炸粿生三代老店,https://500times.udn.com/wtimes/story/123497/9547367
2026,4,1,台中,珍品小吃,珍品小吃,https://500times.udn.com/wtimes/story/123497/9547367
2026,4,1,台中,紅樹腳香菇肉羹,紅樹腳香菇肉羹,https://500times.udn.com/wtimes/story/123497/9547367
2026,4,1,台中,翰德正老牌蚵仔粥,翰德正老牌蚵仔粥,https://500times.udn.com/wtimes/story/123497/9547367
2026,4,1,台中,萬順羹麵創始店,萬順羹麵創始店,https://500times.udn.com/wtimes/story/123497/9547367
2026,4,1,台中,藍山牛肉麵,藍山牛肉麵,https://500times.udn.com/wtimes/story/123497/9547367
2026,4,1,台中,鄭記上海蟹殼黃小酥餅,鄭記上海蟹殼黃小酥餅,https://500times.udn.com/wtimes/story/123497/9547367
2026,4,1,台中,阿彰飯担,阿彰飯担,https://500times.udn.com/wtimes/story/123497/9547367
2026,4,1,台中,阿靜の潤餅-向上店,阿靜の潤餅向上店,https://500times.udn.com/wtimes/story/123497/9547367
2026,4,1,台中,風飛沙小吃店,風飛沙小吃店,https://500times.udn.com/wtimes/story/123497/9547367
2026,4,1,台中,鹿港扁食,鹿港扁食,https://500times.udn.com/wtimes/story/123497/9547367
2026,4,1,台北,1976道地香港美食 敦南本店,1976道地香港美食敦南本店,https://500times.udn.com/wtimes/story/123497/9547367
2026,4,1,台北,24小吃店,24小吃店,https://500times.udn.com/wtimes/story/123497/9547367
2026,4,1,台北,Foldie,foldie,https://500times.udn.com/wtimes/story/123497/9547367
2026,4,1,台北,Hui Fu Teas 薈福村茶,huifuteas薈福村茶,https://500times.udn.com/wtimes/story/123497/9547367
2026,4,1,台北,LOUIS' BURGERS,louisburgers,https://500times.udn.com/wtimes/story/123497/9547367
2026,4,1,台北,NORI BRUNCH,noribrunch,https://500times.udn.com/wtimes/story/123497/9547367
2026,4,1,台北,Pizza Americano 老美披薩,pizzaamericano老美披薩,https://500times.udn.com/wtimes/story/123497/9547367
2026,4,1,台北,Q10旋風式烤玉米,q10旋風式烤玉米,https://500times.udn.com/wtimes/story/123497/9547367
2026,4,1,台北,SUBBER潛艇堡專賣店,subber潛艇堡專賣店,https://500times.udn.com/wtimes/story/123497/9547367
2026,4,1,台北,一幻拉麵 台北信義店,一幻拉麵臺北信義店,https://500times.udn.com/wtimes/story/123497/9547367
2026,4,1,台北,一甲子餐飲,一甲子餐飲,https://500times.udn.com/wtimes/story/123497/9547367
2026,4,1,台北,三姐鵝肉,三姐鵝肉,https://500times.udn.com/wtimes/story/123497/9547367
2026,4,1,台北,丫川水煎包,丫川水煎包,https://500times.udn.com/wtimes/story/123497/9547367
2026,4,1,台北,五草車中華食館 南昌店,五草車中華食館南昌店,https://500times.udn.com/wtimes/story/123497/9547367
2026,4,1,台北,仁愛魚丸冬粉,仁愛魚丸冬粉,https://500times.udn.com/wtimes/story/123497/9547367
2026,4,1,台北,公園餡餅粥,公園餡餅粥,https://500times.udn.com/wtimes/story/123497/9547367
2026,4,1,台北,劉山東小吃店,劉山東小吃店,https://500times.udn.com/wtimes/story/123497/9547367
2026,4,1,台北,劍潭勇伯米粉湯,劍潭勇伯米粉湯,https://500times.udn.com/wtimes/story/123497/9547367
2026,4,1,台北,劍潭肉圓王,劍潭肉圓王,https://500times.udn.com/wtimes/story/123497/9547367
2026,4,1,台北,北一菜盒店,北一菜盒店,https://500times.udn.com/wtimes/story/123497/9547367
2026,4,1,台北,博多幸龍總本店,博多幸龍總本店,https://500times.udn.com/wtimes/story/123497/9547367
2026,4,1,台北,古亭三六九包子,古亭三六九包子,https://500times.udn.com/wtimes/story/123497/9547367
2026,4,1,台北,史大華精緻麵食安和店,史大華精緻麵食安和店,https://500times.udn.com/wtimes/story/123497/9547367
2026,4,1,台北,合府小籠湯包,合府小籠湯包,https://500times.udn.com/wtimes/story/123497/9547367
2026,4,1,台北,吉家槓子頭,吉家槓子頭,https://500times.udn.com/wtimes/story/123497/9547367
2026,4,1,台北,名家魯肉飯,名家滷肉飯,https://500times.udn.com/wtimes/story/123497/9547367
2026,4,1,台北,吳家牛肉麵店,吳家牛肉麵店,https://500times.udn.com/wtimes/story/123497/9547367
2026,4,1,台北,吳記南京板鴨,吳記南京板鴨,https://500times.udn.com/wtimes/story/123497/9547367
2026,4,1,台北,呂巷仔口麵食館,呂巷仔口麵食館,https://500times.udn.com/wtimes/story/123497/9547367
2026,4,1,台北,周家豆腐捲,周家豆腐捲,https://500times.udn.com/wtimes/story/123497/9547367
2026,4,1,台北,周記肉粥店,周記肉粥店,https://500times.udn.com/wtimes/story/123497/9547367
2026,4,1,台北,四鄉五島馬祖麵店,四鄉五島馬祖麵店,https://500times.udn.com/wtimes/story/123497/9547367
2026,4,1,台北,士東市場137號米粉湯,士東市場137號米粉湯,https://500times.udn.com/wtimes/story/123497/9547367
2026,4,1,台北,夜串坊 Kushiage Yoru,夜串坊kushiageyoru,https://500times.udn.com/wtimes/story/123497/9547367
2026,4,1,台北,大佳牛雜湯,大佳牛雜湯,https://500times.udn.com/wtimes/story/123497/9547367
2026,4,1,台北,大樹下古早麵,大樹下古早麵,https://500times.udn.com/wtimes/story/123497/9547367
2026,4,1,台北,大膽牛腩麵,大膽牛腩麵,https://500times.udn.com/wtimes/story/123497/9547367
2026,4,1,台北,天東86牛肉麵 天母店,天東86牛肉麵天母店,https://500times.udn.com/wtimes/story/123497/9547367
2026,4,1,台北,天母豆漿,天母豆漿,https://500times.udn.com/wtimes/story/123497/9547367
2026,4,1,台北,好時光披薩,好時光披薩,https://500times.udn.com/wtimes/story/123497/9547367
2026,4,1,台北,家鄉碳烤香雞排 士林店,家鄉碳烤香雞排士林店,https://500times.udn.com/wtimes/story/123497/9547367
2026,4,1,台北,寧夏夜市-知高飯,寧夏夜市知高飯,https://500times.udn.com/wtimes/story/123497/9547367
2026,4,1,台北,小杜麵館 Chapman's Noodles,小杜麵館chapmansnoodles,https://500times.udn.com/wtimes/story/123497/9547367
2026,4,1,台北,小林麵館,小林麵館,https://500times.udn.com/wtimes/story/123497/9547367
2026,4,1,台北,小王煮瓜,小王煮瓜,https://500times.udn.com/wtimes/story/123497/9547367
2026,4,1,台北,小紅莓石頭火鍋,小紅莓石頭火鍋,https://500times.udn.com/wtimes/story/123497/9547367
2026,4,1,台北,小良絆-涼麵專門店 Bancoldnoodle,小良絆涼麵專門店bancoldnoodle,https://500times.udn.com/wtimes/story/123497/9547367
2026,4,1,台北,小辣椒魷魚羹,小辣椒魷魚羹,https://500times.udn.com/wtimes/story/123497/9547367
2026,4,1,台北,小都都水煎包,小都都水煎包,https://500times.udn.com/wtimes/story/123497/9547367
2026,4,1,台北,小龍飲食,小龍飲食,https://500times.udn.com/wtimes/story/123497/9547367
2026,4,1,台北,屋伴餃子 WOOPAN,屋伴餃子woopan,https://500times.udn.com/wtimes/story/123497/9547367
2026,4,1,台北,岡山肉燥飯,岡山肉燥飯,https://500times.udn.com/wtimes/story/123497/9547367
2026,4,1,台北,巧之味水餃,巧之味水餃,https://500times.udn.com/wtimes/story/123497/9547367
2026,4,1,台北,年三十鐵板串燒居酒屋 光復店,年三十鐵板串燒居酒屋光復店,https://500times.udn.com/wtimes/story/123497/9547367
2026,4,1,台北,廟口鵝肉,廟口鵝肉,https://500times.udn.com/wtimes/story/123497/9547367
2026,4,1,台北,彰化肉圓,彰化肉圓,https://500times.udn.com/wtimes/story/123497/9547367
2026,4,1,台北,得記麻辣脆皮臭豆腐,得記麻辣脆皮臭豆腐,https://500times.udn.com/wtimes/story/123497/9547367
2026,4,1,台北,感謝您鹽酥雞,感謝您鹽酥雞,https://500times.udn.com/wtimes/story/123497/9547367
2026,4,1,台北,所長茶葉蛋,所長茶葉蛋,https://500times.udn.com/wtimes/story/123497/9547367
2026,4,1,台北,排骨湯，高麗菜飯,排骨湯高麗菜飯,https://500times.udn.com/wtimes/story/123497/9547367
2026,4,1,台北,昆陽牛肉麵,昆陽牛肉麵,https://500times.udn.com/wtimes/story/123497/9547367
2026,4,1,台北,易易海南雞飯（士林夜市店）,易易海南雞飯,https://500times.udn.com/wtimes/story/123497/9547367
2026,4,1,台北,春水堂人文茶館（中正店）,春水堂人文茶館,https://500times.udn.com/wtimes/story/123497/9547367
2026,4,1,台北,曉迪筒仔米糕,曉迪筒仔米糕,https://500times.udn.com/wtimes/story/123497/9547367
2026,4,1,台北,曼谷泰式快炒,曼谷泰式快炒,https://500times.udn.com/wtimes/story/123497/9547367
2026,4,1,台北,曾記便當,曾記便當,https://500times.udn.com/wtimes/story/123497/9547367
2026,4,1,台北,木柵老爹鵝肉專賣店,木柵老爹鵝肉專賣店,https://500times.udn.com/wtimes/story/123497/9547367
2026,4,1,台北,東加炸雞,東加炸雞,https://500times.udn.com/wtimes/story/123497/9547367
2026,4,1,台北,東發號 油飯・麵線,東發號油飯麵線,https://500times.udn.com/wtimes/story/123497/9547367
2026,4,1,台北,林東芳牛肉麵,林東芳牛肉麵,https://500times.udn.com/wtimes/story/123497/9547367
2026,4,1,台北,桃源街老王記牛肉麵店,桃源街老王記牛肉麵店,https://500times.udn.com/wtimes/story/123497/9547367
2026,4,1,台北,楊家醬手作醬料麵食館,楊家醬手作醬料麵食館,https://500times.udn.com/wtimes/story/123497/9547367
2026,4,1,台北,極之好味 港式燒臘飯館｜台北大安店,極之好味港式燒臘飯館臺北大安店,https://500times.udn.com/wtimes/story/123497/9547367
2026,4,1,台北,正記麻油料理,正記麻油料理,https://500times.udn.com/wtimes/story/123497/9547367
2026,4,1,台北,武昌排骨大王,武昌排骨大王,https://500times.udn.com/wtimes/story/123497/9547367
2026,4,1,台北,永康牛肉麵,永康牛肉麵,https://500times.udn.com/wtimes/story/123497/9547367
2026,4,1,台北,江家原汁排骨湯,江家原汁排骨湯,https://500times.udn.com/wtimes/story/123497/9547367
2026,4,1,台北,添財日本料理,添財日本料理,https://500times.udn.com/wtimes/story/123497/9547367
2026,4,1,台北,源芳刈包,源芳刈包,https://500times.udn.com/wtimes/story/123497/9547367
2026,4,1,台北,溫州街蘿蔔絲餅達人,溫州街蘿蔔絲餅達人,https://500times.udn.com/wtimes/story/123497/9547367
2026,4,1,台北,無店名魷魚羹,無店名魷魚羹,https://500times.udn.com/wtimes/story/123497/9547367
2026,4,1,台北,瑪莉珍比薩 台大店,瑪莉珍比薩臺大店,https://500times.udn.com/wtimes/story/123497/9547367
2026,4,1,台北,番紅花城土耳其餐廳,番紅花城土耳其餐廳,https://500times.udn.com/wtimes/story/123497/9547367
2026,4,1,台北,疆美味,疆美味,https://500times.udn.com/wtimes/story/123497/9547367
2026,4,1,台北,百年老店柴寮鯊魚煙,百年老店柴寮鯊魚煙,https://500times.udn.com/wtimes/story/123497/9547367
2026,4,1,台北,盛味豐炭烤燒餅,盛味豐炭烤燒餅,https://500times.udn.com/wtimes/story/123497/9547367
2026,4,1,台北,矮仔財滷肉飯,矮仔財滷肉飯,https://500times.udn.com/wtimes/story/123497/9547367
2026,4,1,台北,石牌無名手工蛋餅,石牌無名手工蛋餅,https://500times.udn.com/wtimes/story/123497/9547367
2026,4,1,台北,福來伯傳統美食,福來伯傳統美食,https://500times.udn.com/wtimes/story/123497/9547367
2026,4,1,台北,福州麵店,福州麵店,https://500times.udn.com/wtimes/story/123497/9547367
2026,4,1,台北,禾甲蒸臭豆腐,禾甲蒸臭豆腐,https://500times.udn.com/wtimes/story/123497/9547367
2026,4,1,台北,紅昌吉豬血湯,紅昌吉豬血湯,https://500times.udn.com/wtimes/story/123497/9547367
2026,4,1,台北,索菲亞新疆美食,索菲亞新疆美食,https://500times.udn.com/wtimes/story/123497/9547367
2026,4,1,台北,羅媽媽米粉湯,羅媽媽米粉湯,https://500times.udn.com/wtimes/story/123497/9547367
2026,4,1,台北,羅媽媽養生苜蓿捲,羅媽媽養生苜蓿捲,https://500times.udn.com/wtimes/story/123497/9547367
2026,4,1,台北,美景紅油抄手,美景紅油抄手,https://500times.udn.com/wtimes/story/123497/9547367
2026,4,1,台北,老木小店,老木小店,https://500times.udn.com/wtimes/story/123497/9547367
2026,4,1,台北,老濟安Healing Herbar,老濟安healingherbar,https://500times.udn.com/wtimes/story/123497/9547367
2026,4,1,台北,老麵店,老麵店,https://500times.udn.com/wtimes/story/123497/9547367
2026,4,1,台北,臺鐵便當本舖-七堵製供,臺鐵便當本舖七堵製供,https://500times.udn.com/wtimes/story/123497/9547367
2026,4,1,台北,興記沙茶魷魚羹,興記沙茶魷魚羹,https://500times.udn.com/wtimes/story/123497/9547367
2026,4,1,台北,艋舺大豐魚丸店,艋舺大豐魚丸店,https://500times.udn.com/wtimes/story/123497/9547367
2026,4,1,台北,莊添喜小吃店,莊添喜小吃店,https://500times.udn.com/wtimes/story/123497/9547367
2026,4,1,台北,萬大蟹殼黃碳烤燒餅店,萬大蟹殼黃碳烤燒餅店,https://500times.udn.com/wtimes/story/123497/9547367
2026,4,1,台北,豬大郎豬血糕,豬大郎豬血糕,https://500times.udn.com/wtimes/story/123497/9547367
2026,4,1,台北,賣麵炎仔,賣麵炎仔,https://500times.udn.com/wtimes/story/123497/9547367
2026,4,1,台北,越富越南法國麵包,越富越南法國麵包,https://500times.udn.com/wtimes/story/123497/9547367
2026,4,1,台北,軟食力,軟食力,https://500times.udn.com/wtimes/story/123497/9547367
2026,4,1,台北,郭家炒牛肉,郭家炒牛肉,https://500times.udn.com/wtimes/story/123497/9547367
2026,4,1,台北,醉翁漁港海鮮,醉翁漁港海鮮,https://500times.udn.com/wtimes/story/123497/9547367
2026,4,1,台北,金仙魯肉飯 松山本店,金仙滷肉飯松山本店,https://500times.udn.com/wtimes/story/123497/9547367
2026,4,1,台北,金園排骨萬年店,金園排骨萬年店,https://500times.udn.com/wtimes/story/123497/9547367
2026,4,1,台北,金山鵝肉店,金山鵝肉店,https://500times.udn.com/wtimes/story/123497/9547367
2026,4,1,台北,阿仁炒飯,阿仁炒飯,https://500times.udn.com/wtimes/story/123497/9547367
2026,4,1,台北,阿德鵝肉店,阿德鵝肉店,https://500times.udn.com/wtimes/story/123497/9547367
2026,4,1,台北,阿枝米粉湯,阿枝米粉湯,https://500times.udn.com/wtimes/story/123497/9547367
2026,4,1,台北,阿珍滷雞腳,阿珍滷雞腳,https://500times.udn.com/wtimes/story/123497/9547367
2026,4,1,台北,陳記京滬酒釀餅,陳記京滬酒釀餅,https://500times.udn.com/wtimes/story/123497/9547367
2026,4,1,台北,陳記腸蚵專業麵線,陳記腸蚵專業麵線,https://500times.udn.com/wtimes/story/123497/9547367
2026,4,1,台北,韓貞味,韓貞味,https://500times.udn.com/wtimes/story/123497/9547367
2026,4,1,台北,頂級甜不辣,頂級甜不辣,https://500times.udn.com/wtimes/story/123497/9547367
2026,4,1,台北,香滿園,香滿園,https://500times.udn.com/wtimes/story/123497/9547367
2026,4,1,台北,高家莊米苔目,高家莊米苔目,https://500times.udn.com/wtimes/story/123497/9547367
2026,4,1,台北,魷魚標,魷魚標,https://500times.udn.com/wtimes/story/123497/9547367
2026,4,1,台北,鮮魚店,鮮魚店,https://500times.udn.com/wtimes/story/123497/9547367
2026,4,1,台北,黃家班水煎包,黃家班水煎包,https://500times.udn.com/wtimes/story/123497/9547367
2026,4,1,台北,黃家香腸,黃家香腸,https://500times.udn.com/wtimes/story/123497/9547367
2026,4,1,台北,鼎旺麻辣鍋（一店）,鼎旺麻辣鍋,https://500times.udn.com/wtimes/story/123497/9547367
2026,4,1,台北,龍記炒燴,龍記炒燴,https://500times.udn.com/wtimes/story/123497/9547367
2026,4,1,台南,Moonrock,moonrock,https://500times.udn.com/wtimes/story/123497/9547367
2026,4,1,台南,一大經濟快餐便當,一大經濟快餐便當,https://500times.udn.com/wtimes/story/123497/9547367
2026,4,1,台南,三大牛肉火鍋（創始店）,三大牛肉火鍋,https://500times.udn.com/wtimes/story/123497/9547367
2026,4,1,台南,三赫老麵燒餅,三赫老麵燒餅,https://500times.udn.com/wtimes/story/123497/9547367
2026,4,1,台南,佑師絕鼎炒飯專門店,佑師絕鼎炒飯專門店,https://500times.udn.com/wtimes/story/123497/9547367
2026,4,1,台南,你我他之家,你我他之家,https://500times.udn.com/wtimes/story/123497/9547367
2026,4,1,台南,公園口紅燒土魠魚羹,公園口紅燒土魠魚羹,https://500times.udn.com/wtimes/story/123497/9547367
2026,4,1,台南,包成羊肉,包成羊肉,https://500times.udn.com/wtimes/story/123497/9547367
2026,4,1,台南,叁號川味小館創始總店,叁號川味小館創始總店,https://500times.udn.com/wtimes/story/123497/9547367
2026,4,1,台南,和が家日式家庭料理,和が家日式家庭料理,https://500times.udn.com/wtimes/story/123497/9547367
2026,4,1,台南,咖哩鬥陣,咖哩鬥陣,https://500times.udn.com/wtimes/story/123497/9547367
2026,4,1,台南,單子葉家庭料理,單子葉家庭料理,https://500times.udn.com/wtimes/story/123497/9547367
2026,4,1,台南,圓環牛肉湯,圓環牛肉湯,https://500times.udn.com/wtimes/story/123497/9547367
2026,4,1,台南,尺二鱔魚意麵,尺二鱔魚意麵,https://500times.udn.com/wtimes/story/123497/9547367
2026,4,1,台南,山美鄭記碗粿魚羹,山美鄭記碗粿魚羹,https://500times.udn.com/wtimes/story/123497/9547367
2026,4,1,台南,度小月擔仔麵 中正旗艦店,度小月擔仔麵中正旗艦店,https://500times.udn.com/wtimes/story/123497/9547367
2026,4,1,台南,朝清麵店•現做春捲,朝清麵店現做春捲,https://500times.udn.com/wtimes/story/123497/9547367
2026,4,1,台南,松大沙茶爐,松大沙茶爐,https://500times.udn.com/wtimes/story/123497/9547367
2026,4,1,台南,正宗榨菜肉絲麵（東區直營店）,正宗榨菜肉絲麵,https://500times.udn.com/wtimes/story/123497/9547367
2026,4,1,台南,水仙宮三兄弟魚湯店,水仙宮三兄弟魚湯店,https://500times.udn.com/wtimes/story/123497/9547367
2026,4,1,台南,水仙宮古早味鍋燒麵,水仙宮古早味鍋燒麵,https://500times.udn.com/wtimes/story/123497/9547367
2026,4,1,台南,水仙宮粽葉米糕,水仙宮粽葉米糕,https://500times.udn.com/wtimes/story/123497/9547367
2026,4,1,台南,永記虱目魚丸,永記虱目魚丸,https://500times.udn.com/wtimes/story/123497/9547367
2026,4,1,台南,海安牛肉食堂,海安牛肉食堂,https://500times.udn.com/wtimes/story/123497/9547367
2026,4,1,台南,清子香腸熟肉,清子香腸熟肉,https://500times.udn.com/wtimes/story/123497/9547367
2026,4,1,台南,炒鱔魚專家,炒鱔魚專家,https://500times.udn.com/wtimes/story/123497/9547367
2026,4,1,台南,烏家庄,烏家庄,https://500times.udn.com/wtimes/story/123497/9547367
2026,4,1,台南,煙鵝店,煙鵝店,https://500times.udn.com/wtimes/story/123497/9547367
2026,4,1,台南,福州香胡椒餅,福州香胡椒餅,https://500times.udn.com/wtimes/story/123497/9547367
2026,4,1,台南,竹海產,竹海產,https://500times.udn.com/wtimes/story/123497/9547367
2026,4,1,台南,竹記冬菜鴨,竹記冬菜鴨,https://500times.udn.com/wtimes/story/123497/9547367
2026,4,1,台南,美鮮牛肉湯,美鮮牛肉湯,https://500times.udn.com/wtimes/story/123497/9547367
2026,4,1,台南,芳仔香腸熟肉,芳仔香腸熟肉,https://500times.udn.com/wtimes/story/123497/9547367
2026,4,1,台南,蓮霧腳羊肉,蓮霧腳羊肉,https://500times.udn.com/wtimes/story/123497/9547367
2026,4,1,台南,裕農清燉牛肉麵,裕農清燉牛肉麵,https://500times.udn.com/wtimes/story/123497/9547367
2026,4,1,台南,許記小館（榮譽店）,許記小館,https://500times.udn.com/wtimes/story/123497/9547367
2026,4,1,台南,進福炒鱔魚專家,進福炒鱔魚專家,https://500times.udn.com/wtimes/story/123497/9547367
2026,4,1,台南,邱家小卷米粉,邱家小卷米粉,https://500times.udn.com/wtimes/story/123497/9547367
2026,4,1,台南,鎮傳四神湯,鎮傳四神湯,https://500times.udn.com/wtimes/story/123497/9547367
2026,4,1,台南,開元紅燒𩵚魠魚羹,開元紅燒𩵚魠魚羹,https://500times.udn.com/wtimes/story/123497/9547367
2026,4,1,台南,阿元羊肉店,阿元羊肉店,https://500times.udn.com/wtimes/story/123497/9547367
2026,4,1,台南,阿助麻豆碗粿,阿助麻豆碗粿,https://500times.udn.com/wtimes/story/123497/9547367
2026,4,1,台南,阿牛牛肉湯,阿牛牛肉湯,https://500times.udn.com/wtimes/story/123497/9547367
2026,4,1,台南,阿義米粿,阿義米粿,https://500times.udn.com/wtimes/story/123497/9547367
2026,4,1,台南,阿財牛肉湯,阿財牛肉湯,https://500times.udn.com/wtimes/story/123497/9547367
2026,4,1,台南,阿財點心(詹),阿財點心,https://500times.udn.com/wtimes/story/123497/9547367
2026,4,1,台南,阿鳳肉粿,阿鳳肉粿,https://500times.udn.com/wtimes/story/123497/9547367
2026,4,1,台南,阿龍香腸熟肉,阿龍香腸熟肉,https://500times.udn.com/wtimes/story/123497/9547367
2026,4,1,台南,陳家汕頭意麵,陳家汕頭意麵,https://500times.udn.com/wtimes/story/123497/9547367
2026,4,1,台南,魚壽司,魚壽司,https://500times.udn.com/wtimes/story/123497/9547367
2026,4,1,嘉義,MY Chicken 買去啃黑羽放山雞，黑羽桶仔雞,mychicken買去啃黑羽放山雞黑羽桶仔雞,https://500times.udn.com/wtimes/story/123497/9547367
2026,4,1,嘉義,一統土產羊肉,一統土產羊肉,https://500times.udn.com/wtimes/story/123497/9547367
2026,4,1,嘉義,劉里長火雞肉飯,劉里長火雞肉飯,https://500times.udn.com/wtimes/story/123497/9547367
2026,4,1,嘉義,嘉義人火雞肉飯,嘉義人火雞肉飯,https://500times.udn.com/wtimes/story/123497/9547367
2026,4,1,嘉義,大人味 日.印咖喱,大人味日印咖喱,https://500times.udn.com/wtimes/story/123497/9547367
2026,4,1,嘉義,好口味包子(水晶餃),好口味包子,https://500times.udn.com/wtimes/story/123497/9547367
2026,4,1,嘉義,崇文錦魯麵,崇文錦滷麵,https://500times.udn.com/wtimes/story/123497/9547367
2026,4,1,嘉義,延平國華米糕,延平國華米糕,https://500times.udn.com/wtimes/story/123497/9547367
2026,4,1,嘉義,洪牛土產牛肉湯,洪牛土產牛肉湯,https://500times.udn.com/wtimes/story/123497/9547367
2026,4,1,嘉義,王家祖傳本產牛雜湯,王家祖傳本產牛雜湯,https://500times.udn.com/wtimes/story/123497/9547367
2026,4,1,嘉義,珍珍海產粥,珍珍海產粥,https://500times.udn.com/wtimes/story/123497/9547367
2026,4,1,嘉義,眼鏡火雞肉飯,眼鏡火雞肉飯,https://500times.udn.com/wtimes/story/123497/9547367
2026,4,1,嘉義,羅山生炒鱔魚麵,羅山生炒鱔魚麵,https://500times.udn.com/wtimes/story/123497/9547367
2026,4,1,嘉義,達文化-生炒鴨肉焿,達文化生炒鴨肉羹,https://500times.udn.com/wtimes/story/123497/9547367
2026,4,1,嘉義,阿伯烤玉米,阿伯烤玉米,https://500times.udn.com/wtimes/story/123497/9547367
2026,4,1,嘉義,阿宏米苔目,阿宏米苔目,https://500times.udn.com/wtimes/story/123497/9547367
2026,4,1,嘉義,阿川春捲(文化路分店）,阿川春捲,https://500times.udn.com/wtimes/story/123497/9547367
2026,4,1,嘉義,阿忠燒餅,阿忠燒餅,https://500times.udn.com/wtimes/story/123497/9547367
2026,4,1,嘉義,阿榮火雞肉飯,阿榮火雞肉飯,https://500times.udn.com/wtimes/story/123497/9547367
2026,4,1,基隆,六號碼頭麵店,六號碼頭麵店,https://500times.udn.com/wtimes/story/123497/9547367
2026,4,1,基隆,凃大的吉古拉,凃大的吉古拉,https://500times.udn.com/wtimes/story/123497/9547367
2026,4,1,基隆,卞家牛肉麵,卞家牛肉麵,https://500times.udn.com/wtimes/story/123497/9547367
2026,4,1,基隆,基隆廟口 12號攤乾麵餛飩湯排骨麵,基隆廟口12號攤乾麵餛飩湯排骨麵,https://500times.udn.com/wtimes/story/123497/9547367
2026,4,1,基隆,士杏坊越式法國麵包,士杏坊越式法國麵包,https://500times.udn.com/wtimes/story/123497/9547367
2026,4,1,基隆,好食陳,好食陳,https://500times.udn.com/wtimes/story/123497/9547367
2026,4,1,基隆,小馬納蒂 Manatee To Go,小馬納蒂manateetogo,https://500times.udn.com/wtimes/story/123497/9547367
2026,4,1,基隆,巴基斯坦廚房（真愛咖哩）,巴基斯坦廚房,https://500times.udn.com/wtimes/story/123497/9547367
2026,4,1,基隆,玥成上海美味鮮湯包,玥成上海美味鮮湯包,https://500times.udn.com/wtimes/story/123497/9547367
2026,4,1,基隆,華一街 手工包子,華一街手工包子,https://500times.udn.com/wtimes/story/123497/9547367
2026,4,1,基隆,長腳麵食,長腳麵食,https://500times.udn.com/wtimes/story/123497/9547367
2026,4,1,基隆,阿森私房菜飯麵館,阿森私房菜飯麵館,https://500times.udn.com/wtimes/story/123497/9547367
2026,4,1,基隆,饅頭店,饅頭店,https://500times.udn.com/wtimes/story/123497/9547367
2026,4,1,基隆,黃小妹純手工福州魚丸,黃小妹純手工福州魚丸,https://500times.udn.com/wtimes/story/123497/9547367
2026,4,1,宜蘭,一香飲食店 麻醬麵,一香飲食店麻醬麵,https://500times.udn.com/wtimes/story/123497/9547367
2026,4,1,宜蘭,上讚麵民生店,上讚麵民生店,https://500times.udn.com/wtimes/story/123497/9547367
2026,4,1,宜蘭,北門米粉炒,北門米粉炒,https://500times.udn.com/wtimes/story/123497/9547367
2026,4,1,宜蘭,午鯖,午鯖,https://500times.udn.com/wtimes/story/123497/9547367
2026,4,1,宜蘭,品誼古早味小吃,品誼古早味小吃,https://500times.udn.com/wtimes/story/123497/9547367
2026,4,1,宜蘭,大成羊排麵牛肉麵,大成羊排麵牛肉麵,https://500times.udn.com/wtimes/story/123497/9547367
2026,4,1,宜蘭,宜蘭湯城麵食,宜蘭湯城麵食,https://500times.udn.com/wtimes/story/123497/9547367
2026,4,1,宜蘭,彭蔥油餅,彭蔥油餅,https://500times.udn.com/wtimes/story/123497/9547367
2026,4,1,宜蘭,復興路炸醬麵,復興路炸醬麵,https://500times.udn.com/wtimes/story/123497/9547367
2026,4,1,宜蘭,復興鵝肉,復興鵝肉,https://500times.udn.com/wtimes/story/123497/9547367
2026,4,1,宜蘭,日日香包子,日日香包子,https://500times.udn.com/wtimes/story/123497/9547367
2026,4,1,宜蘭,春捲伯頭城店,春捲伯頭城店,https://500times.udn.com/wtimes/story/123497/9547367
2026,4,1,宜蘭,東麥局,東麥局,https://500times.udn.com/wtimes/story/123497/9547367
2026,4,1,宜蘭,羅東碳烤燒餅餅店,羅東碳烤燒餅餅店,https://500times.udn.com/wtimes/story/123497/9547367
2026,4,1,宜蘭,肉焿慶,肉羹慶,https://500times.udn.com/wtimes/story/123497/9547367
2026,4,1,宜蘭,財記臭豆腐,財記臭豆腐,https://500times.udn.com/wtimes/story/123497/9547367
2026,4,1,宜蘭,阿宏魯肉飯,阿宏滷肉飯,https://500times.udn.com/wtimes/story/123497/9547367
2026,4,1,宜蘭,阿川魚丸米粉,阿川魚丸米粉,https://500times.udn.com/wtimes/story/123497/9547367
2026,4,1,宜蘭,阿通伯魚丸,阿通伯魚丸,https://500times.udn.com/wtimes/story/123497/9547367
2026,4,1,屏東,一級棒牛肉麵,一級棒牛肉麵,https://500times.udn.com/wtimes/story/123497/9547367
2026,4,1,屏東,國華麵館,國華麵館,https://500times.udn.com/wtimes/story/123497/9547367
2026,4,1,屏東,大嫂的店-五十年傳統清蒸 肉圓,大嫂的店五十年傳統清蒸肉圓,https://500times.udn.com/wtimes/story/123497/9547367
2026,4,1,屏東,文記肉圓,文記肉圓,https://500times.udn.com/wtimes/story/123497/9547367
2026,4,1,屏東,武聖酵素臭豆腐,武聖酵素臭豆腐,https://500times.udn.com/wtimes/story/123497/9547367
2026,4,1,屏東,美菊麵店,美菊麵店,https://500times.udn.com/wtimes/story/123497/9547367
2026,4,1,屏東,菊子 Wouli 889（菊子窩裡）,菊子wouli889,https://500times.udn.com/wtimes/story/123497/9547367
2026,4,1,屏東,高樹26年蔥油餅第二代,高樹26年蔥油餅第二代,https://500times.udn.com/wtimes/story/123497/9547367
2026,4,1,屏東,高樹煎餃,高樹煎餃,https://500times.udn.com/wtimes/story/123497/9547367
2026,4,1,彰化,ㄎㄚㄟ香菇肉羮,ㄎㄚㄟ香菇肉羮,https://500times.udn.com/wtimes/story/123497/9547367
2026,4,1,彰化,三代祖傳粿仔湯,三代祖傳粿仔湯,https://500times.udn.com/wtimes/story/123497/9547367
2026,4,1,彰化,下午茶美食小館,下午茶美食小館,https://500times.udn.com/wtimes/story/123497/9547367
2026,4,1,彰化,中正路肉圓仔湯,中正路肉圓仔湯,https://500times.udn.com/wtimes/story/123497/9547367
2026,4,1,彰化,五信豬腳麵線,五信豬腳麵線,https://500times.udn.com/wtimes/story/123497/9547367
2026,4,1,彰化,台大牛肉爐,臺大牛肉爐,https://500times.udn.com/wtimes/story/123497/9547367
2026,4,1,彰化,吳頂釣魚場社口水煎包,吳頂釣魚場社口水煎包,https://500times.udn.com/wtimes/story/123497/9547367
2026,4,1,彰化,好香蕃麥大王(菜園烤蕃麥),好香蕃麥大王,https://500times.udn.com/wtimes/story/123497/9547367
2026,4,1,彰化,巷仔內蚵仔炸,巷仔內蚵仔炸,https://500times.udn.com/wtimes/story/123497/9547367
2026,4,1,彰化,手心蔥油餅,手心蔥油餅,https://500times.udn.com/wtimes/story/123497/9547367
2026,4,1,彰化,正老店阿美高麗菜飯,正老店阿美高麗菜飯,https://500times.udn.com/wtimes/story/123497/9547367
2026,4,1,彰化,津津餛飩麵,津津餛飩麵,https://500times.udn.com/wtimes/story/123497/9547367
2026,4,1,彰化,珍北平餡餅,珍北平餡餅,https://500times.udn.com/wtimes/story/123497/9547367
2026,4,1,彰化,老馬師肉包,老馬師肉包,https://500times.udn.com/wtimes/story/123497/9547367
2026,4,1,彰化,西門肉圓仔湯,西門肉圓仔湯,https://500times.udn.com/wtimes/story/123497/9547367
2026,4,1,彰化,趙記素食,趙記素食,https://500times.udn.com/wtimes/story/123497/9547367
2026,4,1,彰化,進發早點,進發早點,https://500times.udn.com/wtimes/story/123497/9547367
2026,4,1,彰化,過溝仔肉圓王,過溝仔肉圓王,https://500times.udn.com/wtimes/story/123497/9547367
2026,4,1,彰化,酒室宋宅,酒室宋宅,https://500times.udn.com/wtimes/story/123497/9547367
2026,4,1,彰化,關帝廟口無名發財車,關帝廟口無名發財車,https://500times.udn.com/wtimes/story/123497/9547367
2026,4,1,彰化,阿亮四神湯,阿亮四神湯,https://500times.udn.com/wtimes/story/123497/9547367
2026,4,1,彰化,阿才竹筍粥,阿才竹筍粥,https://500times.udn.com/wtimes/story/123497/9547367
2026,4,1,彰化,阿樹擔仔麵,阿樹擔仔麵,https://500times.udn.com/wtimes/story/123497/9547367
2026,4,1,彰化,阿洲蛤仔麵,阿洲蛤仔麵,https://500times.udn.com/wtimes/story/123497/9547367
2026,4,1,彰化,阿美燒烤,阿美燒烤,https://500times.udn.com/wtimes/story/123497/9547367
2026,4,1,彰化,魚市爌肉飯,魚市爌肉飯,https://500times.udn.com/wtimes/story/123497/9547367
2026,4,1,彰化,鴨頭家東山鴨頭,鴨頭家東山鴨頭,https://500times.udn.com/wtimes/story/123497/9547367
2026,4,1,彰化,黃家鱟殼炒蚵仔麵,黃家鱟殼炒蚵仔麵,https://500times.udn.com/wtimes/story/123497/9547367
2026,4,1,新北,Artisan Food Market - 奧提森食坊,artisanfoodmarket奧提森食坊,https://500times.udn.com/wtimes/story/123497/9547367
2026,4,1,新北,三塊厝鵝家庄,三塊厝鵝家庄,https://500times.udn.com/wtimes/story/123497/9547367
2026,4,1,新北,三峽鍋貼王子,三峽鍋貼王子,https://500times.udn.com/wtimes/story/123497/9547367
2026,4,1,新北,二鬮雞排專賣店,二鬮雞排專賣店,https://500times.udn.com/wtimes/story/123497/9547367
2026,4,1,新北,光興腿庫,光興腿庫,https://500times.udn.com/wtimes/story/123497/9547367
2026,4,1,新北,半邊圓米粉湯香菇肉粥,半邊圓米粉湯香菇肉粥,https://500times.udn.com/wtimes/story/123497/9547367
2026,4,1,新北,可獅切仔麵,可獅切仔麵,https://500times.udn.com/wtimes/story/123497/9547367
2026,4,1,新北,和尚洲切仔麵,和尚洲切仔麵,https://500times.udn.com/wtimes/story/123497/9547367
2026,4,1,新北,喙蘴號,喙蘴號,https://500times.udn.com/wtimes/story/123497/9547367
2026,4,1,新北,大碗公當歸羊肉,大碗公當歸羊肉,https://500times.udn.com/wtimes/story/123497/9547367
2026,4,1,新北,大碗油飯,大碗油飯,https://500times.udn.com/wtimes/story/123497/9547367
2026,4,1,新北,太順油飯,太順油飯,https://500times.udn.com/wtimes/story/123497/9547367
2026,4,1,新北,得勝街米苔目,得勝街米苔目,https://500times.udn.com/wtimes/story/123497/9547367
2026,4,1,新北,曾記花枝羹,曾記花枝羹,https://500times.udn.com/wtimes/story/123497/9547367
2026,4,1,新北,樂華小吃,樂華小吃,https://500times.udn.com/wtimes/story/123497/9547367
2026,4,1,新北,永和佳香豆漿,永和佳香豆漿,https://500times.udn.com/wtimes/story/123497/9547367
2026,4,1,新北,源慶鮮蚵,源慶鮮蚵,https://500times.udn.com/wtimes/story/123497/9547367
2026,4,1,新北,無名米粉湯,無名米粉湯,https://500times.udn.com/wtimes/story/123497/9547367
2026,4,1,新北,熊記燒餅油條專賣店,熊記燒餅油條專賣店,https://500times.udn.com/wtimes/story/123497/9547367
2026,4,1,新北,牛力士現涮牛肉湯,牛力士現涮牛肉湯,https://500times.udn.com/wtimes/story/123497/9547367
2026,4,1,新北,老占元拉麵大王,老占元拉麵大王,https://500times.udn.com/wtimes/story/123497/9547367
2026,4,1,新北,賴岡山羊肉,賴岡山羊肉,https://500times.udn.com/wtimes/story/123497/9547367
2026,4,1,新北,連莊鹹冬瓜豬腳湯,連莊鹹冬瓜豬腳湯,https://500times.udn.com/wtimes/story/123497/9547367
2026,4,1,新北,金山阿滿姨油飯蘿蔔糕,金山阿滿姨油飯蘿蔔糕,https://500times.udn.com/wtimes/story/123497/9547367
2026,4,1,新北,門前隱味牛肉麵,門前隱味牛肉麵,https://500times.udn.com/wtimes/story/123497/9547367
2026,4,1,新北,食不厭,食不厭,https://500times.udn.com/wtimes/story/123497/9547367
2026,4,1,新北,飯聚 x 貓之回憶,飯聚x貓之回憶,https://500times.udn.com/wtimes/story/123497/9547367
2026,4,1,新北,香川撈麵,香川撈麵,https://500times.udn.com/wtimes/story/123497/9547367
2026,4,1,新竹,ㄤ咕麵,ㄤ咕麵,https://500times.udn.com/wtimes/story/123497/9547367
2026,4,1,新竹,三廠麵店,三廠麵店,https://500times.udn.com/wtimes/story/123497/9547367
2026,4,1,新竹,井家,井家,https://500times.udn.com/wtimes/story/123497/9547367
2026,4,1,新竹,北門炸粿,北門炸粿,https://500times.udn.com/wtimes/story/123497/9547367
2026,4,1,新竹,唐辰小籠包,唐辰小籠包,https://500times.udn.com/wtimes/story/123497/9547367
2026,4,1,新竹,善菓堂,善菓堂,https://500times.udn.com/wtimes/story/123497/9547367
2026,4,1,新竹,弄味小廚 客家菜系,弄味小廚客家菜系,https://500times.udn.com/wtimes/story/123497/9547367
2026,4,1,新竹,張家意麵,張家意麵,https://500times.udn.com/wtimes/story/123497/9547367
2026,4,1,新竹,彭記客家米食,彭記客家米食,https://500times.udn.com/wtimes/story/123497/9547367
2026,4,1,新竹,日進客家菜包仙草專賣店,日進客家菜包仙草專賣店,https://500times.udn.com/wtimes/story/123497/9547367
2026,4,1,新竹,無名麵店,無名麵店,https://500times.udn.com/wtimes/story/123497/9547367
2026,4,1,新竹,石家魚丸,石家魚丸,https://500times.udn.com/wtimes/story/123497/9547367
2026,4,1,新竹,竹樂食堂,竹樂食堂,https://500times.udn.com/wtimes/story/123497/9547367
2026,4,1,新竹,籽田野菜屋,籽田野菜屋,https://500times.udn.com/wtimes/story/123497/9547367
2026,4,1,新竹,老陳家中央市場糯米水餃,老陳家中央市場糯米水餃,https://500times.udn.com/wtimes/story/123497/9547367
2026,4,1,新竹,芎林榕樹下麵館,芎林榕樹下麵館,https://500times.udn.com/wtimes/story/123497/9547367
2026,4,1,新竹,魏家婆菜,魏家婆菜,https://500times.udn.com/wtimes/story/123497/9547367
2026,4,1,新竹,黑皮驊魯肉飯HAPPY-HWA,黑皮驊滷肉飯happyhwa,https://500times.udn.com/wtimes/story/123497/9547367
2026,4,1,桃園,寶島甜不辣,寶島甜不辣,https://500times.udn.com/wtimes/story/123497/9547367
2026,4,1,桃園,小馬檳城炒粿條,小馬檳城炒粿條,https://500times.udn.com/wtimes/story/123497/9547367
2026,4,1,桃園,御柒香（饗饗滷味）,御柒香,https://500times.udn.com/wtimes/story/123497/9547367
2026,4,1,桃園,老巷小館,老巷小館,https://500times.udn.com/wtimes/story/123497/9547367
2026,4,1,桃園,阿秀米干,阿秀米干,https://500times.udn.com/wtimes/story/123497/9547367
2026,4,1,花蓮,889養生抓餅鍋貼,889養生抓餅鍋貼,https://500times.udn.com/wtimes/story/123497/9547367
2026,4,1,花蓮,優俐咖啡,優俐咖啡,https://500times.udn.com/wtimes/story/123497/9547367
2026,4,1,花蓮,慶修院馬告香腸,慶修院馬告香腸,https://500times.udn.com/wtimes/story/123497/9547367
2026,4,1,花蓮,時光1939,時光1939,https://500times.udn.com/wtimes/story/123497/9547367
2026,4,1,花蓮,青田の蔬食,青田の蔬食,https://500times.udn.com/wtimes/story/123497/9547367
2026,4,1,苗栗,一級棒鵝肉小吃店,一級棒鵝肉小吃店,https://500times.udn.com/wtimes/story/123497/9547367
2026,4,1,苗栗,三顧茅廬麻辣滷味-苗栗府前店,三顧茅廬麻辣滷味苗栗府前店,https://500times.udn.com/wtimes/story/123497/9547367
2026,4,1,苗栗,双冬蚵仔煎,双冬蚵仔煎,https://500times.udn.com/wtimes/story/123497/9547367
2026,4,1,苗栗,幸福手工蔥油餅水煎包專賣店,幸福手工蔥油餅水煎包專賣店,https://500times.udn.com/wtimes/story/123497/9547367
2026,4,1,苗栗,廟口肉圓,廟口肉圓,https://500times.udn.com/wtimes/story/123497/9547367
2026,4,1,苗栗,曾記餡餅,曾記餡餅,https://500times.udn.com/wtimes/story/123497/9547367
2026,4,1,苗栗,松興飲食店,松興飲食店,https://500times.udn.com/wtimes/story/123497/9547367
2026,4,1,苗栗,水上人家,水上人家,https://500times.udn.com/wtimes/story/123497/9547367
2026,4,1,苗栗,源味達快餐亭,源味達快餐亭,https://500times.udn.com/wtimes/story/123497/9547367
2026,4,1,苗栗,福滿香餐飲館,福滿香餐飲館,https://500times.udn.com/wtimes/story/123497/9547367
2026,4,1,苗栗,紫園無招牌客家米食,紫園無招牌客家米食,https://500times.udn.com/wtimes/story/123497/9547367
2026,4,1,苗栗,邱家粄條 客家美食,邱家粄條客家美食,https://500times.udn.com/wtimes/story/123497/9547367
2026,4,1,苗栗,阿戊嫂的店,阿戊嫂的店,https://500times.udn.com/wtimes/story/123497/9547367
2026,4,1,苗栗,阿蘭姊小吃店,阿蘭姊小吃店,https://500times.udn.com/wtimes/story/123497/9547367
2026,4,1,雲林,新營阿添鵝肉 斗六店,新營阿添鵝肉斗六店,https://500times.udn.com/wtimes/story/123497/9547367
2026,4,1,雲林,無名麵攤(大胖麵攤),無名麵攤,https://500times.udn.com/wtimes/story/123497/9547367
2026,4,1,雲林,番薯仔炊飯,番薯仔炊飯,https://500times.udn.com/wtimes/story/123497/9547367
2026,4,1,高雄,353汕頭香Q麵,353汕頭香q麵,https://500times.udn.com/wtimes/story/123497/9547367
2026,4,1,高雄,55年老店豬血湯,55年老店豬血湯,https://500times.udn.com/wtimes/story/123497/9547367
2026,4,1,高雄,Chào Hà Nội - 河內創意料理,chàohànội河內創意料理,https://500times.udn.com/wtimes/story/123497/9547367
2026,4,1,高雄,七分香古早味臭豆腐,七分香古早味臭豆腐,https://500times.udn.com/wtimes/story/123497/9547367
2026,4,1,高雄,七美麵店,七美麵店,https://500times.udn.com/wtimes/story/123497/9547367
2026,4,1,高雄,三塊厝鴨肉飯,三塊厝鴨肉飯,https://500times.udn.com/wtimes/story/123497/9547367
2026,4,1,高雄,上品齋素麵坊,上品齋素麵坊,https://500times.udn.com/wtimes/story/123497/9547367
2026,4,1,高雄,下一鍋水煎包,下一鍋水煎包,https://500times.udn.com/wtimes/story/123497/9547367
2026,4,1,高雄,中都外省麵,中都外省麵,https://500times.udn.com/wtimes/story/123497/9547367
2026,4,1,高雄,于家水餃大王,于家水餃大王,https://500times.udn.com/wtimes/story/123497/9547367
2026,4,1,高雄,侯記鴨肉飯,侯記鴨肉飯,https://500times.udn.com/wtimes/story/123497/9547367
2026,4,1,高雄,全鵝肉海鮮,全鵝肉海鮮,https://500times.udn.com/wtimes/story/123497/9547367
2026,4,1,高雄,前金廟切仔担,前金廟切仔担,https://500times.udn.com/wtimes/story/123497/9547367
2026,4,1,高雄,勇伯冬粉豬舌,勇伯冬粉豬舌,https://500times.udn.com/wtimes/story/123497/9547367
2026,4,1,高雄,古早味碗粿土魠魚羹,古早味碗粿土魠魚羹,https://500times.udn.com/wtimes/story/123497/9547367
2026,4,1,高雄,古早味謝家肉粽,古早味謝家肉粽,https://500times.udn.com/wtimes/story/123497/9547367
2026,4,1,高雄,右昌肉圓,右昌肉圓,https://500times.udn.com/wtimes/story/123497/9547367
2026,4,1,高雄,君腳庫飯,君腳庫飯,https://500times.udn.com/wtimes/story/123497/9547367
2026,4,1,高雄,味津排骨大王,味津排骨大王,https://500times.udn.com/wtimes/story/123497/9547367
2026,4,1,高雄,和合樂屋日式蔬食,和合樂屋日式蔬食,https://500times.udn.com/wtimes/story/123497/9547367
2026,4,1,高雄,咖啡敘事曲,咖啡敘事曲,https://500times.udn.com/wtimes/story/123497/9547367
2026,4,1,高雄,嘟嘟炒鱔魚意麵,嘟嘟炒鱔魚意麵,https://500times.udn.com/wtimes/story/123497/9547367
2026,4,1,高雄,國民市場阿蘭雞肉,國民市場阿蘭雞肉,https://500times.udn.com/wtimes/story/123497/9547367
2026,4,1,高雄,大社嘉義黑香腸,大社嘉義黑香腸,https://500times.udn.com/wtimes/story/123497/9547367
2026,4,1,高雄,大義街無名麵店,大義街無名麵店,https://500times.udn.com/wtimes/story/123497/9547367
2026,4,1,高雄,姚家蘭州拉麵,姚家蘭州拉麵,https://500times.udn.com/wtimes/story/123497/9547367
2026,4,1,高雄,小南碗粿,小南碗粿,https://500times.udn.com/wtimes/story/123497/9547367
2026,4,1,高雄,小園日本料理,小園日本料理,https://500times.udn.com/wtimes/story/123497/9547367
2026,4,1,高雄,山壹旗魚食製所YAMA ICHI Tempura,山壹旗魚食製所yamaichitempura,https://500times.udn.com/wtimes/story/123497/9547367
2026,4,1,高雄,新營鵝肉吃懷念,新營鵝肉吃懷念,https://500times.udn.com/wtimes/story/123497/9547367
2026,4,1,高雄,方家古早味雞蛋酥,方家古早味雞蛋酥,https://500times.udn.com/wtimes/story/123497/9547367
2026,4,1,高雄,旗山秀明豬心冬粉,旗山秀明豬心冬粉,https://500times.udn.com/wtimes/story/123497/9547367
2026,4,1,高雄,旻哥古早味-自由店,旻哥古早味自由店,https://500times.udn.com/wtimes/story/123497/9547367
2026,4,1,高雄,曹家麵館,曹家麵館,https://500times.udn.com/wtimes/story/123497/9547367
2026,4,1,高雄,曾記廚房,曾記廚房,https://500times.udn.com/wtimes/story/123497/9547367
2026,4,1,高雄,月娥鴨肉,月娥鴨肉,https://500times.udn.com/wtimes/story/123497/9547367
2026,4,1,高雄,朱媽媽牛肉湯,朱媽媽牛肉湯,https://500times.udn.com/wtimes/story/123497/9547367
2026,4,1,高雄,楊家肉圓．刈包,楊家肉圓刈包,https://500times.udn.com/wtimes/story/123497/9547367
2026,4,1,高雄,樂嘉早餐店,樂嘉早餐店,https://500times.udn.com/wtimes/story/123497/9547367
2026,4,1,高雄,汕頭泉成沙茶火鍋(高雄美麗島中山總店),汕頭泉成沙茶火鍋,https://500times.udn.com/wtimes/story/123497/9547367
2026,4,1,高雄,滿香屋牛肉麵,滿香屋牛肉麵,https://500times.udn.com/wtimes/story/123497/9547367
2026,4,1,高雄,爵士冰城 大連店,爵士冰城大連店,https://500times.udn.com/wtimes/story/123497/9547367
2026,4,1,高雄,米院子油飯,米院子油飯,https://500times.udn.com/wtimes/story/123497/9547367
2026,4,1,高雄,老二腿庫飯,老二腿庫飯,https://500times.udn.com/wtimes/story/123497/9547367
2026,4,1,高雄,老紀牛肉館,老紀牛肉館,https://500times.udn.com/wtimes/story/123497/9547367
2026,4,1,高雄,老蔡虱目魚粥,老蔡虱目魚粥,https://500times.udn.com/wtimes/story/123497/9547367
2026,4,1,高雄,興隆居,興隆居,https://500times.udn.com/wtimes/story/123497/9547367
2026,4,1,高雄,萬來豬血湯,萬來豬血湯,https://500times.udn.com/wtimes/story/123497/9547367
2026,4,1,高雄,藍世界啤酒屋 Focus PUB,藍世界啤酒屋focuspub,https://500times.udn.com/wtimes/story/123497/9547367
2026,4,1,高雄,謙稻sign in,謙稻signin,https://500times.udn.com/wtimes/story/123497/9547367
2026,4,1,高雄,郭家肉燥飯,郭家肉燥飯,https://500times.udn.com/wtimes/story/123497/9547367
2026,4,1,高雄,郭海產,郭海產,https://500times.udn.com/wtimes/story/123497/9547367
2026,4,1,高雄,鄭家切仔麵,鄭家切仔麵,https://500times.udn.com/wtimes/story/123497/9547367
2026,4,1,高雄,金大麵食坊,金大麵食坊,https://500times.udn.com/wtimes/story/123497/9547367
2026,4,1,高雄,阿亮飯糰,阿亮飯糰,https://500times.udn.com/wtimes/story/123497/9547367
2026,4,1,高雄,阿嬤ㄟ麻油雞飯,阿嬤ㄟ麻油雞飯,https://500times.udn.com/wtimes/story/123497/9547367
2026,4,1,高雄,阿得肉燥飯,阿得肉燥飯,https://500times.udn.com/wtimes/story/123497/9547367
2026,4,1,高雄,阿惠虱目魚米粉,阿惠虱目魚米粉,https://500times.udn.com/wtimes/story/123497/9547367
2026,4,1,高雄,阿男燒烤,阿男燒烤,https://500times.udn.com/wtimes/story/123497/9547367
2026,4,1,高雄,阿萬意麵,阿萬意麵,https://500times.udn.com/wtimes/story/123497/9547367
2026,4,1,高雄,阿蘭古早味,阿蘭古早味,https://500times.udn.com/wtimes/story/123497/9547367
2026,4,1,高雄,阿財雞絲麵,阿財雞絲麵,https://500times.udn.com/wtimes/story/123497/9547367
2026,4,1,高雄,阿霞燒肉飯,阿霞燒肉飯,https://500times.udn.com/wtimes/story/123497/9547367
2026,4,1,高雄,饌食-台南小吃,饌食臺南小吃,https://500times.udn.com/wtimes/story/123497/9547367
2026,4,1,高雄,高雄清真潮州牛雜餐廳,高雄清真潮州牛雜餐廳,https://500times.udn.com/wtimes/story/123497/9547367
2026,4,1,高雄,鴨肉和,鴨肉和,https://500times.udn.com/wtimes/story/123497/9547367
2026,4,1,高雄,鶴笙麵屋手工日式蕎麥,鶴笙麵屋手工日式蕎麥,https://500times.udn.com/wtimes/story/123497/9547367
2026,4,1,高雄,麵點麵,麵點麵,https://500times.udn.com/wtimes/story/123497/9547367
2026,4,1,高雄,鼎盛號-三民店,鼎盛號三民店,https://500times.udn.com/wtimes/story/123497/9547367
2025,3,3,台南,邱家小卷米粉,邱家小卷米粉,https://500times.udn.com/wtimes/story/123497/8874123
2025,3,3,宜蘭/花蓮,橋頭臭豆腐（玉里店／礁溪店）,橋頭臭豆腐,https://500times.udn.com/wtimes/story/123497/8874123
2025,3,3,彰化,北斗肉圓詹,北斗肉圓詹,https://500times.udn.com/wtimes/story/123497/8874123
2025,3,3,彰化,北門口肉圓（總店／民生店）,北門口肉圓,https://500times.udn.com/wtimes/story/123497/8874123
2025,3,3,新北,朱記花枝羹,朱記花枝羹,https://500times.udn.com/wtimes/story/123497/8874123
2025,3,2,南投,阿章意麵,阿章意麵,https://500times.udn.com/wtimes/story/123497/8874123
2025,3,2,台北/新北,Gino Pizza Napoletana（蘆洲店）,ginopizzanapoletana,https://500times.udn.com/wtimes/story/123497/8874123
2025,3,2,台北/新北,光興腿庫,光興腿庫,https://500times.udn.com/wtimes/story/123497/8874123
2025,3,2,台北/新北,呈信鵝肉（科技大樓店／永和永貞創始店）,呈信鵝肉,https://500times.udn.com/wtimes/story/123497/8874123
2025,3,2,台北/新北,大稻埕米粉湯,大稻埕米粉湯,https://500times.udn.com/wtimes/story/123497/8874123
2025,3,2,台北/新北,彰化肉圓,彰化肉圓,https://500times.udn.com/wtimes/story/123497/8874123
2025,3,2,台北/新北,施福建好吃雞肉,施福建好吃雞肉,https://500times.udn.com/wtimes/story/123497/8874123
2025,3,2,台北/新北,旗魚新竹米粉,旗魚新竹米粉,https://500times.udn.com/wtimes/story/123497/8874123
2025,3,2,台北/新北,林家乾麵,林家乾麵,https://500times.udn.com/wtimes/story/123497/8874123
2025,3,2,台北/新北,林記牛肉麵,林記牛肉麵,https://500times.udn.com/wtimes/story/123497/8874123
2025,3,2,台北/新北,武昌排骨大王,武昌排骨大王,https://500times.udn.com/wtimes/story/123497/8874123
2025,3,2,台北/新北,老牌張豬腳飯,老牌張豬腳飯,https://500times.udn.com/wtimes/story/123497/8874123
2025,3,2,台北/新北,香滿園,香滿園,https://500times.udn.com/wtimes/story/123497/8874123
2025,3,2,台北/新北,麗園壽司,麗園壽司,https://500times.udn.com/wtimes/story/123497/8874123
2025,3,2,台北/新北,黃記魯肉飯,黃記滷肉飯,https://500times.udn.com/wtimes/story/123497/8874123
2025,3,2,台北/新北,黑點雞肉,黑點雞肉,https://500times.udn.com/wtimes/story/123497/8874123
2025,3,2,台南,公園口紅燒土魠魚焿,公園口紅燒土魠魚羹,https://500times.udn.com/wtimes/story/123497/8874123
2025,3,2,嘉義,丸仔榮小吃店,丸仔榮小吃店,https://500times.udn.com/wtimes/story/123497/8874123
2025,3,2,嘉義,源滷肉飯（菜鴨魯熟肉）,源滷肉飯,https://500times.udn.com/wtimes/story/123497/8874123
2025,3,2,基隆,圳記紅燒鰻,圳記紅燒鰻,https://500times.udn.com/wtimes/story/123497/8874123
2025,3,2,基隆,成功市場黑白炒咖哩麵,成功市場黑白炒咖哩麵,https://500times.udn.com/wtimes/story/123497/8874123
2025,3,2,基隆,正豐鵝肉,正豐鵝肉,https://500times.udn.com/wtimes/story/123497/8874123
2025,3,2,基隆,長腳麵食,長腳麵食,https://500times.udn.com/wtimes/story/123497/8874123
2025,3,2,屏東,東港正宗肉丸,東港正宗肉丸,https://500times.udn.com/wtimes/story/123497/8874123
2025,3,2,彰化,林家素食,林家素食,https://500times.udn.com/wtimes/story/123497/8874123
2025,3,2,新竹,廟口鴨香飯,廟口鴨香飯,https://500times.udn.com/wtimes/story/123497/8874123
2025,3,2,高雄,小暫渡米糕四神湯,小暫渡米糕四神湯,https://500times.udn.com/wtimes/story/123497/8874123
2025,3,2,高雄,阿貴虱目魚店,阿貴虱目魚店,https://500times.udn.com/wtimes/story/123497/8874123
2025,3,1,南投,Feeling18生吐司,feeling18生吐司,https://500times.udn.com/wtimes/story/123497/8874123
2025,3,1,南投,包葉扣仔嗲,包葉扣仔嗲,https://500times.udn.com/wtimes/story/123497/8874123
2025,3,1,南投,吃溜麵館,吃溜麵館,https://500times.udn.com/wtimes/story/123497/8874123
2025,3,1,南投,唐元食事,唐元食事,https://500times.udn.com/wtimes/story/123497/8874123
2025,3,1,南投,正統飯糰,正統飯糰,https://500times.udn.com/wtimes/story/123497/8874123
2025,3,1,南投,汶傳統米食坊,汶傳統米食坊,https://500times.udn.com/wtimes/story/123497/8874123
2025,3,1,南投,清境馬蘭廚房眷村美食小吃,清境馬蘭廚房眷村美食小吃,https://500times.udn.com/wtimes/story/123497/8874123
2025,3,1,南投,澄食和食料理,澄食和食料理,https://500times.udn.com/wtimes/story/123497/8874123
2025,3,1,南投,蘇媽媽湯圓,蘇媽媽湯圓,https://500times.udn.com/wtimes/story/123497/8874123
2025,3,1,台中,「傳」台中正老牌香菇肉羹（綠川店）,「傳」臺中正老牌香菇肉羹,https://500times.udn.com/wtimes/story/123497/8874123
2025,3,1,台中,你最蒸粿,你最蒸粿,https://500times.udn.com/wtimes/story/123497/8874123
2025,3,1,台中,六豊,六豊,https://500times.udn.com/wtimes/story/123497/8874123
2025,3,1,台中,南陽路炒麵豬血湯,南陽路炒麵豬血湯,https://500times.udn.com/wtimes/story/123497/8874123
2025,3,1,台中,台中肉員,臺中肉員,https://500times.udn.com/wtimes/story/123497/8874123
2025,3,1,台中,吳家莊頂級牛肉麵,吳家莊頂級牛肉麵,https://500times.udn.com/wtimes/story/123497/8874123
2025,3,1,台中,吳記脆皮肉圓,吳記脆皮肉圓,https://500times.udn.com/wtimes/story/123497/8874123
2025,3,1,台中,大慈天然素食,大慈天然素食,https://500times.udn.com/wtimes/story/123497/8874123
2025,3,1,台中,子梧桐日本傳統手工烏龍麵,子梧桐日本傳統手工烏龍麵,https://500times.udn.com/wtimes/story/123497/8874123
2025,3,1,台中,富狀元豬腳,富狀元豬腳,https://500times.udn.com/wtimes/story/123497/8874123
2025,3,1,台中,富貴亭飲食店,富貴亭飲食店,https://500times.udn.com/wtimes/story/123497/8874123
2025,3,1,台中,寬華薑母鴨,寬華薑母鴨,https://500times.udn.com/wtimes/story/123497/8874123
2025,3,1,台中,小山西館,小山西館,https://500times.udn.com/wtimes/story/123497/8874123
2025,3,1,台中,小林雞肉飯,小林雞肉飯,https://500times.udn.com/wtimes/story/123497/8874123
2025,3,1,台中,康康豬豬血湯,康康豬豬血湯,https://500times.udn.com/wtimes/story/123497/8874123
2025,3,1,台中,弘水煎包,弘水煎包,https://500times.udn.com/wtimes/story/123497/8874123
2025,3,1,台中,徐家莊手打麵,徐家莊手打麵,https://500times.udn.com/wtimes/story/123497/8874123
2025,3,1,台中,新豐源排骨麵店,新豐源排骨麵店,https://500times.udn.com/wtimes/story/123497/8874123
2025,3,1,台中,東海蓮心冰·雞爪凍,東海蓮心冰雞爪凍,https://500times.udn.com/wtimes/story/123497/8874123
2025,3,1,台中,柳川大麵焿水晶餃,柳川大麵羹水晶餃,https://500times.udn.com/wtimes/story/123497/8874123
2025,3,1,台中,民生嘉義米糕,民生嘉義米糕,https://500times.udn.com/wtimes/story/123497/8874123
2025,3,1,台中,水湳台中肉圓,水湳臺中肉圓,https://500times.udn.com/wtimes/story/123497/8874123
2025,3,1,台中,永芳亭扁食肉粽,永芳亭扁食肉粽,https://500times.udn.com/wtimes/story/123497/8874123
2025,3,1,台中,沙鹿肉圓福（沙田店）,沙鹿肉圓福,https://500times.udn.com/wtimes/story/123497/8874123
2025,3,1,台中,清水燒炸粿,清水燒炸粿,https://500times.udn.com/wtimes/story/123497/8874123
2025,3,1,台中,湖南味牛肉麵,湖南味牛肉麵,https://500times.udn.com/wtimes/story/123497/8874123
2025,3,1,台中,烏日水煎包,烏日水煎包,https://500times.udn.com/wtimes/story/123497/8874123
2025,3,1,台中,無招牌自治街乾麵,無招牌自治街乾麵,https://500times.udn.com/wtimes/story/123497/8874123
2025,3,1,台中,王塔米糕店,王塔米糕店,https://500times.udn.com/wtimes/story/123497/8874123
2025,3,1,台中,租界,租界,https://500times.udn.com/wtimes/story/123497/8874123
2025,3,1,台中,羅家古早味,羅家古早味,https://500times.udn.com/wtimes/story/123497/8874123
2025,3,1,台中,美蓁小吃店,美蓁小吃店,https://500times.udn.com/wtimes/story/123497/8874123
2025,3,1,台中,聚眾緣麵館,聚眾緣麵館,https://500times.udn.com/wtimes/story/123497/8874123
2025,3,1,台中,聞湘小館,聞湘小館,https://500times.udn.com/wtimes/story/123497/8874123
2025,3,1,台中,董媽涼麵,董媽涼麵,https://500times.udn.com/wtimes/story/123497/8874123
2025,3,1,台中,許愿無毒農產烘焙×飲食空間,許愿無毒農產烘焙×飲食空間,https://500times.udn.com/wtimes/story/123497/8874123
2025,3,1,台中,豬肉榮小料理,豬肉榮小料理,https://500times.udn.com/wtimes/story/123497/8874123
2025,3,1,台中,鄭記上海蟹殼黃碳烤小酥餅,鄭記上海蟹殼黃碳烤小酥餅,https://500times.udn.com/wtimes/story/123497/8874123
2025,3,1,台中,鈞苰牛肉麵,鈞苰牛肉麵,https://500times.udn.com/wtimes/story/123497/8874123
2025,3,1,台中,阿棋三代福州意麵老店,阿棋三代福州意麵老店,https://500times.udn.com/wtimes/story/123497/8874123
2025,3,1,台中,阿里郎迷你火鍋,阿里郎迷你火鍋,https://500times.udn.com/wtimes/story/123497/8874123
2025,3,1,台中,顏正原燒烤/串燒（北平店）,顏正原燒烤串燒,https://500times.udn.com/wtimes/story/123497/8874123
2025,3,1,台中,風鼓崎猪血湯老店,風鼓崎猪血湯老店,https://500times.udn.com/wtimes/story/123497/8874123
2025,3,1,台北,1976道地香港美食,1976道地香港美食,https://500times.udn.com/wtimes/story/123497/8874123
2025,3,1,台北,Bogart's Smokehouse Taipei （美式木柴煙燻屋）,bogartssmokehousetaipei,https://500times.udn.com/wtimes/story/123497/8874123
2025,3,1,台北,Cosi O Cosi 義大利餐廳,cosiocosi義大利餐廳,https://500times.udn.com/wtimes/story/123497/8874123
2025,3,1,台北,Creative Pasta 創義麵（士林店）,creativepasta創義麵,https://500times.udn.com/wtimes/story/123497/8874123
2025,3,1,台北,Little Lam Noodle Bar,littlelamnoodlebar,https://500times.udn.com/wtimes/story/123497/8874123
2025,3,1,台北,Masa,masa,https://500times.udn.com/wtimes/story/123497/8874123
2025,3,1,台北,一品山西刀削麵之家,一品山西刀削麵之家,https://500times.udn.com/wtimes/story/123497/8874123
2025,3,1,台北,一甲子餐飲,一甲子餐飲,https://500times.udn.com/wtimes/story/123497/8874123
2025,3,1,台北,三元號魯肉飯,三元號滷肉飯,https://500times.udn.com/wtimes/story/123497/8874123
2025,3,1,台北,上上咖啡,上上咖啡,https://500times.udn.com/wtimes/story/123497/8874123
2025,3,1,台北,何記手工蒸餃,何記手工蒸餃,https://500times.udn.com/wtimes/story/123497/8874123
2025,3,1,台北,依鼎越式美食,依鼎越式美食,https://500times.udn.com/wtimes/story/123497/8874123
2025,3,1,台北,傻雞 春大直,傻雞春大直,https://500times.udn.com/wtimes/story/123497/8874123
2025,3,1,台北,光輝肉羹,光輝肉羹,https://500times.udn.com/wtimes/story/123497/8874123
2025,3,1,台北,全球炸雞,全球炸雞,https://500times.udn.com/wtimes/story/123497/8874123
2025,3,1,台北,劉媽媽抄手小吃店,劉媽媽抄手小吃店,https://500times.udn.com/wtimes/story/123497/8874123
2025,3,1,台北,劉記四神湯,劉記四神湯,https://500times.udn.com/wtimes/story/123497/8874123
2025,3,1,台北,劍潭榮宗麵線,劍潭榮宗麵線,https://500times.udn.com/wtimes/story/123497/8874123
2025,3,1,台北,劍潭肉圓王,劍潭肉圓王,https://500times.udn.com/wtimes/story/123497/8874123
2025,3,1,台北,勇伯米苔目,勇伯米苔目,https://500times.udn.com/wtimes/story/123497/8874123
2025,3,1,台北,勝記油飯,勝記油飯,https://500times.udn.com/wtimes/story/123497/8874123
2025,3,1,台北,北一菜盒店,北一菜盒店,https://500times.udn.com/wtimes/story/123497/8874123
2025,3,1,台北,十三香精緻麵食,十三香精緻麵食,https://500times.udn.com/wtimes/story/123497/8874123
2025,3,1,台北,十分麵線,十分麵線,https://500times.udn.com/wtimes/story/123497/8874123
2025,3,1,台北,南港老張燒餅店,南港老張燒餅店,https://500times.udn.com/wtimes/story/123497/8874123
2025,3,1,台北,可甜可鹹 X 豆花專賣店,可甜可鹹x豆花專賣店,https://500times.udn.com/wtimes/story/123497/8874123
2025,3,1,台北,史大華精緻麵食（和平店）,史大華精緻麵食,https://500times.udn.com/wtimes/story/123497/8874123
2025,3,1,台北,吃口味豬腳飯,吃口味豬腳飯,https://500times.udn.com/wtimes/story/123497/8874123
2025,3,1,台北,合歡刀削麵館,合歡刀削麵館,https://500times.udn.com/wtimes/story/123497/8874123
2025,3,1,台北,同安街麵線羹,同安街麵線羹,https://500times.udn.com/wtimes/story/123497/8874123
2025,3,1,台北,周廚牛肉麵（誠品南西店）,周廚牛肉麵,https://500times.udn.com/wtimes/story/123497/8874123
2025,3,1,台北,周記肉粥店,周記肉粥店,https://500times.udn.com/wtimes/story/123497/8874123
2025,3,1,台北,味鼎 龍江 with peace,味鼎龍江withpeace,https://500times.udn.com/wtimes/story/123497/8874123
2025,3,1,台北,咖哩嚕哆,咖哩嚕哆,https://500times.udn.com/wtimes/story/123497/8874123
2025,3,1,台北,啊興阿滷肉飯,啊興阿滷肉飯,https://500times.udn.com/wtimes/story/123497/8874123
2025,3,1,台北,啜飲室,啜飲室,https://500times.udn.com/wtimes/story/123497/8874123
2025,3,1,台北,嚼活麵疙瘩,嚼活麵疙瘩,https://500times.udn.com/wtimes/story/123497/8874123
2025,3,1,台北,圓環邊蚵仔煎,圓環邊蚵仔煎,https://500times.udn.com/wtimes/story/123497/8874123
2025,3,1,台北,士東市場137號米粉湯,士東市場137號米粉湯,https://500times.udn.com/wtimes/story/123497/8874123
2025,3,1,台北,大三元豆漿,大三元豆漿,https://500times.udn.com/wtimes/story/123497/8874123
2025,3,1,台北,大佳牛雜湯,大佳牛雜湯,https://500times.udn.com/wtimes/story/123497/8874123
2025,3,1,台北,大安永和豆漿大王,大安永和豆漿大王,https://500times.udn.com/wtimes/story/123497/8874123
2025,3,1,台北,大王漢寶殿,大王漢寶殿,https://500times.udn.com/wtimes/story/123497/8874123
2025,3,1,台北,大膽牛腩麵,大膽牛腩麵,https://500times.udn.com/wtimes/story/123497/8874123
2025,3,1,台北,大龍峒肉羹-米粉湯,大龍峒肉羹米粉湯,https://500times.udn.com/wtimes/story/123497/8874123
2025,3,1,台北,天天利,天天利,https://500times.udn.com/wtimes/story/123497/8874123
2025,3,1,台北,天母大頭鵝,天母大頭鵝,https://500times.udn.com/wtimes/story/123497/8874123
2025,3,1,台北,好味老店,好味老店,https://500times.udn.com/wtimes/story/123497/8874123
2025,3,1,台北,家鄉碳烤香雞排（士林店）,家鄉碳烤香雞排,https://500times.udn.com/wtimes/story/123497/8874123
2025,3,1,台北,寶杏堂手切滷肉飯 溫補羊肉湯,寶杏堂手切滷肉飯溫補羊肉湯,https://500times.udn.com/wtimes/story/123497/8874123
2025,3,1,台北,尊賢粥品蔥油餅中式麵點,尊賢粥品蔥油餅中式麵點,https://500times.udn.com/wtimes/story/123497/8874123
2025,3,1,台北,小凱悅南村小吃店,小凱悅南村小吃店,https://500times.udn.com/wtimes/story/123497/8874123
2025,3,1,台北,山東赤肉蒸餃,山東赤肉蒸餃,https://500times.udn.com/wtimes/story/123497/8874123
2025,3,1,台北,川畝園麵食館,川畝園麵食館,https://500times.udn.com/wtimes/story/123497/8874123
2025,3,1,台北,巷口無名麵店,巷口無名麵店,https://500times.udn.com/wtimes/story/123497/8874123
2025,3,1,台北,廣州街夜市脆皮蚵仔煎,廣州街夜市脆皮蚵仔煎,https://500times.udn.com/wtimes/story/123497/8874123
2025,3,1,台北,張媽媽香大雞排,張媽媽香大雞排,https://500times.udn.com/wtimes/story/123497/8874123
2025,3,1,台北,張阿花香菇肉羹,張阿花香菇肉羹,https://500times.udn.com/wtimes/story/123497/8874123
2025,3,1,台北,彰化肉圓魷魚羹,彰化肉圓魷魚羹,https://500times.udn.com/wtimes/story/123497/8874123
2025,3,1,台北,德記麻油雞麵線,德記麻油雞麵線,https://500times.udn.com/wtimes/story/123497/8874123
2025,3,1,台北,忠誠號蚵仔煎,忠誠號蚵仔煎,https://500times.udn.com/wtimes/story/123497/8874123
2025,3,1,台北,施家鮮肉湯圓,施家鮮肉湯圓,https://500times.udn.com/wtimes/story/123497/8874123
2025,3,1,台北,施家麻油腰花,施家麻油腰花,https://500times.udn.com/wtimes/story/123497/8874123
2025,3,1,台北,昇冠雞排專賣店（崇德店）,昇冠雞排專賣店,https://500times.udn.com/wtimes/story/123497/8874123
2025,3,1,台北,春來蚵仔麵線,春來蚵仔麵線,https://500times.udn.com/wtimes/story/123497/8874123
2025,3,1,台北,晴光意麵,晴光意麵,https://500times.udn.com/wtimes/story/123497/8874123
2025,3,1,台北,村子口,村子口,https://500times.udn.com/wtimes/story/123497/8874123
2025,3,1,台北,林良號潤餅,林良號潤餅,https://500times.udn.com/wtimes/story/123497/8874123
2025,3,1,台北,桂姐臭豆腐,桂姐臭豆腐,https://500times.udn.com/wtimes/story/123497/8874123
2025,3,1,台北,桃源街老王記牛肉麵店,桃源街老王記牛肉麵店,https://500times.udn.com/wtimes/story/123497/8874123
2025,3,1,台北,梁記嘉義雞肉飯,梁記嘉義雞肉飯,https://500times.udn.com/wtimes/story/123497/8874123
2025,3,1,台北,欲罷不能鹹水雞東區商圈店,欲罷不能鹹水雞東區商圈店,https://500times.udn.com/wtimes/story/123497/8874123
2025,3,1,台北,永樂雞捲大王,永樂雞捲大王,https://500times.udn.com/wtimes/story/123497/8874123
2025,3,1,台北,永緣素食餐館,永緣素食餐館,https://500times.udn.com/wtimes/story/123497/8874123
2025,3,1,台北,江家原汁排骨湯,江家原汁排骨湯,https://500times.udn.com/wtimes/story/123497/8874123
2025,3,1,台北,海產街蚵仔麵線（社子店）,海產街蚵仔麵線,https://500times.udn.com/wtimes/story/123497/8874123
2025,3,1,台北,温暖好家,温暖好家,https://500times.udn.com/wtimes/story/123497/8874123
2025,3,1,台北,無名阿婆油飯,無名阿婆油飯,https://500times.udn.com/wtimes/story/123497/8874123
2025,3,1,台北,燕山湯圓,燕山湯圓,https://500times.udn.com/wtimes/story/123497/8874123
2025,3,1,台北,爽記麵攤仔,爽記麵攤仔,https://500times.udn.com/wtimes/story/123497/8874123
2025,3,1,台北,王功鮮蚵之家,王功鮮蚵之家,https://500times.udn.com/wtimes/story/123497/8874123
2025,3,1,台北,王記府城肉粽,王記府城肉粽,https://500times.udn.com/wtimes/story/123497/8874123
2025,3,1,台北,王記豆腐捲,王記豆腐捲,https://500times.udn.com/wtimes/story/123497/8874123
2025,3,1,台北,珍好呷越南河粉,珍好呷越南河粉,https://500times.udn.com/wtimes/story/123497/8874123
2025,3,1,台北,珍蜜咖啡坊,珍蜜咖啡坊,https://500times.udn.com/wtimes/story/123497/8874123
2025,3,1,台北,石牌無名手工蛋餅,石牌無名手工蛋餅,https://500times.udn.com/wtimes/story/123497/8874123
2025,3,1,台北,福大蒸餃館,福大蒸餃館,https://500times.udn.com/wtimes/story/123497/8874123
2025,3,1,台北,福州麵店,福州麵店,https://500times.udn.com/wtimes/story/123497/8874123
2025,3,1,台北,福德涼麵,福德涼麵,https://500times.udn.com/wtimes/story/123497/8874123
2025,3,1,台北,禾甲蒸臭豆腐,禾甲蒸臭豆腐,https://500times.udn.com/wtimes/story/123497/8874123
2025,3,1,台北,羅媽媽養生苜蓿捲,羅媽媽養生苜蓿捲,https://500times.udn.com/wtimes/story/123497/8874123
2025,3,1,台北,老牌山東水餃大王,老牌山東水餃大王,https://500times.udn.com/wtimes/story/123497/8874123
2025,3,1,台北,老童小吃部,老童小吃部,https://500times.udn.com/wtimes/story/123497/8874123
2025,3,1,台北,胖都督中式精緻麵食,胖都督中式精緻麵食,https://500times.udn.com/wtimes/story/123497/8874123
2025,3,1,台北,船軒鄉村煙燻滷味,船軒鄉村煙燻滷味,https://500times.udn.com/wtimes/story/123497/8874123
2025,3,1,台北,良記福臨魯肉飯,良記福臨滷肉飯,https://500times.udn.com/wtimes/story/123497/8874123
2025,3,1,台北,茗香園冰室（忠孝店）,茗香園冰室,https://500times.udn.com/wtimes/story/123497/8874123
2025,3,1,台北,莊添喜小吃店,莊添喜小吃店,https://500times.udn.com/wtimes/story/123497/8874123
2025,3,1,台北,蕭家小館,蕭家小館,https://500times.udn.com/wtimes/story/123497/8874123
2025,3,1,台北,蕭家牛雜湯,蕭家牛雜湯,https://500times.udn.com/wtimes/story/123497/8874123
2025,3,1,台北,西門町阿添羊肉羹魷魚羹,西門町阿添羊肉羹魷魚羹,https://500times.udn.com/wtimes/story/123497/8874123
2025,3,1,台北,許仔豬腳麵線,許仔豬腳麵線,https://500times.udn.com/wtimes/story/123497/8874123
2025,3,1,台北,財神台南擔仔麵,財神臺南擔仔麵,https://500times.udn.com/wtimes/story/123497/8874123
2025,3,1,台北,遼寧街黑白切,遼寧街黑白切,https://500times.udn.com/wtimes/story/123497/8874123
2025,3,1,台北,金仙魯肉飯 松山店,金仙滷肉飯松山店,https://500times.udn.com/wtimes/story/123497/8874123
2025,3,1,台北,阿國切仔麵,阿國切仔麵,https://500times.udn.com/wtimes/story/123497/8874123
2025,3,1,台北,阿圖麻油雞,阿圖麻油雞,https://500times.udn.com/wtimes/story/123497/8874123
2025,3,1,台北,阿城鵝肉,阿城鵝肉,https://500times.udn.com/wtimes/story/123497/8874123
2025,3,1,台北,阿富海鮮粥,阿富海鮮粥,https://500times.udn.com/wtimes/story/123497/8874123
2025,3,1,台北,阿川蚵仔麵線,阿川蚵仔麵線,https://500times.udn.com/wtimes/story/123497/8874123
2025,3,1,台北,阿春滷味,阿春滷味,https://500times.udn.com/wtimes/story/123497/8874123
2025,3,1,台北,阿柱麻油雞,阿柱麻油雞,https://500times.udn.com/wtimes/story/123497/8874123
2025,3,1,台北,阿桂姨原汁排骨湯,阿桂姨原汁排骨湯,https://500times.udn.com/wtimes/story/123497/8874123
2025,3,1,台北,阿永小吃店,阿永小吃店,https://500times.udn.com/wtimes/story/123497/8874123
2025,3,1,台北,阿花魷魚羹 羊肉羹,阿花魷魚羹羊肉羹,https://500times.udn.com/wtimes/story/123497/8874123
2025,3,1,台北,阿英滷肉飯,阿英滷肉飯,https://500times.udn.com/wtimes/story/123497/8874123
2025,3,1,台北,阿蕙古早味粗米粉湯,阿蕙古早味粗米粉湯,https://500times.udn.com/wtimes/story/123497/8874123
2025,3,1,台北,阿財虱目魚肚,阿財虱目魚肚,https://500times.udn.com/wtimes/story/123497/8874123
2025,3,1,台北,阿財鍋貼餃子專賣店,阿財鍋貼餃子專賣店,https://500times.udn.com/wtimes/story/123497/8874123
2025,3,1,台北,雄記蔥抓餅,雄記蔥抓餅,https://500times.udn.com/wtimes/story/123497/8874123
2025,3,1,台北,雅口麻辣豆腐專賣,雅口麻辣豆腐專賣,https://500times.udn.com/wtimes/story/123497/8874123
2025,3,1,台北,雙葉海鮮魚麵,雙葉海鮮魚麵,https://500times.udn.com/wtimes/story/123497/8874123
2025,3,1,台北,面對面,面對面,https://500times.udn.com/wtimes/story/123497/8874123
2025,3,1,台北,頂好紫琳蒸餃館,頂好紫琳蒸餃館,https://500times.udn.com/wtimes/story/123497/8874123
2025,3,1,台北,頂級甜不辣,頂級甜不辣,https://500times.udn.com/wtimes/story/123497/8874123
2025,3,1,台北,饞食坊,饞食坊,https://500times.udn.com/wtimes/story/123497/8874123
2025,3,1,台北,高家涼麵,高家涼麵,https://500times.udn.com/wtimes/story/123497/8874123
2025,3,1,台北,鳳城燒臘粵菜,鳳城燒臘粵菜,https://500times.udn.com/wtimes/story/123497/8874123
2025,3,1,台北,麵線傳奇,麵線傳奇,https://500times.udn.com/wtimes/story/123497/8874123
2025,3,1,台北,黃記四神湯,黃記四神湯,https://500times.udn.com/wtimes/story/123497/8874123
2025,3,1,台北,黃金麵線,黃金麵線,https://500times.udn.com/wtimes/story/123497/8874123
2025,3,1,台北,黑美林,黑美林,https://500times.udn.com/wtimes/story/123497/8874123
2025,3,1,台北,齊味餃子館,齊味餃子館,https://500times.udn.com/wtimes/story/123497/8874123
2025,3,1,台南,上舜碗粿,上舜碗粿,https://500times.udn.com/wtimes/story/123497/8874123
2025,3,1,台南,二空燕京蔥油餅,二空燕京蔥油餅,https://500times.udn.com/wtimes/story/123497/8874123
2025,3,1,台南,助仔碗粿,助仔碗粿,https://500times.udn.com/wtimes/story/123497/8874123
2025,3,1,台南,十平,十平,https://500times.udn.com/wtimes/story/123497/8874123
2025,3,1,台南,南門路無名早餐店,南門路無名早餐店,https://500times.udn.com/wtimes/story/123497/8874123
2025,3,1,台南,古早味魚丸湯,古早味魚丸湯,https://500times.udn.com/wtimes/story/123497/8874123
2025,3,1,台南,古板港式點心 蔡師傅,古板港式點心蔡師傅,https://500times.udn.com/wtimes/story/123497/8874123
2025,3,1,台南,咖哩鬥陣,咖哩鬥陣,https://500times.udn.com/wtimes/story/123497/8874123
2025,3,1,台南,員林肉圓,員林肉圓,https://500times.udn.com/wtimes/story/123497/8874123
2025,3,1,台南,圓環牛肉湯,圓環牛肉湯,https://500times.udn.com/wtimes/story/123497/8874123
2025,3,1,台南,基明飯桌仔,基明飯桌仔,https://500times.udn.com/wtimes/story/123497/8874123
2025,3,1,台南,天心軒素食喜餅,天心軒素食喜餅,https://500times.udn.com/wtimes/story/123497/8874123
2025,3,1,台南,好地方蝦仁肉絲飯,好地方蝦仁肉絲飯,https://500times.udn.com/wtimes/story/123497/8874123
2025,3,1,台南,富盛號,富盛號,https://500times.udn.com/wtimes/story/123497/8874123
2025,3,1,台南,尚海海產,尚海海產,https://500times.udn.com/wtimes/story/123497/8874123
2025,3,1,台南,山記魚仔店,山記魚仔店,https://500times.udn.com/wtimes/story/123497/8874123
2025,3,1,台南,廟口二代 清燉牛肉麵,廟口二代清燉牛肉麵,https://500times.udn.com/wtimes/story/123497/8874123
2025,3,1,台南,手工麵專門店,手工麵專門店,https://500times.udn.com/wtimes/story/123497/8874123
2025,3,1,台南,林家汕頭意麵,林家汕頭意麵,https://500times.udn.com/wtimes/story/123497/8874123
2025,3,1,台南,棠口水煎包,棠口水煎包,https://500times.udn.com/wtimes/story/123497/8874123
2025,3,1,台南,樑記正老店牛肉湯,樑記正老店牛肉湯,https://500times.udn.com/wtimes/story/123497/8874123
2025,3,1,台南,清子香腸熟肉,清子香腸熟肉,https://500times.udn.com/wtimes/story/123497/8874123
2025,3,1,台南,溫爸鵝肉,溫爸鵝肉,https://500times.udn.com/wtimes/story/123497/8874123
2025,3,1,台南,潘家牛肉湯,潘家牛肉湯,https://500times.udn.com/wtimes/story/123497/8874123
2025,3,1,台南,無名米糕,無名米糕,https://500times.udn.com/wtimes/story/123497/8874123
2025,3,1,台南,無名羊肉湯-大菜市,無名羊肉湯大菜市,https://500times.udn.com/wtimes/story/123497/8874123
2025,3,1,台南,目鏡蝦仁飯,目鏡蝦仁飯,https://500times.udn.com/wtimes/story/123497/8874123
2025,3,1,台南,矮仔成蝦仁飯,矮仔成蝦仁飯,https://500times.udn.com/wtimes/story/123497/8874123
2025,3,1,台南,石精臼羊肉湯,石精臼羊肉湯,https://500times.udn.com/wtimes/story/123497/8874123
2025,3,1,台南,石舂臼海產粥,石舂臼海產粥,https://500times.udn.com/wtimes/story/123497/8874123
2025,3,1,台南,福來鱔魚意麵（後甲店）,福來鱔魚意麵,https://500times.udn.com/wtimes/story/123497/8874123
2025,3,1,台南,福昇小食鱔魚意麵,福昇小食鱔魚意麵,https://500times.udn.com/wtimes/story/123497/8874123
2025,3,1,台南,窩聚生活 衣食空間,窩聚生活衣食空間,https://500times.udn.com/wtimes/story/123497/8874123
2025,3,1,台南,竹海產,竹海產,https://500times.udn.com/wtimes/story/123497/8874123
2025,3,1,台南,糯夫米糕,糯夫米糕,https://500times.udn.com/wtimes/story/123497/8874123
2025,3,1,台南,老鄧牛肉麵,老鄧牛肉麵,https://500times.udn.com/wtimes/story/123497/8874123
2025,3,1,台南,肉包輝意麵,肉包輝意麵,https://500times.udn.com/wtimes/story/123497/8874123
2025,3,1,台南,虎頭風味小吃,虎頭風味小吃,https://500times.udn.com/wtimes/story/123497/8874123
2025,3,1,台南,西羅殿牛肉湯,西羅殿牛肉湯,https://500times.udn.com/wtimes/story/123497/8874123
2025,3,1,台南,詹記-家常飯桌鮮魚湯,詹記家常飯桌鮮魚湯,https://500times.udn.com/wtimes/story/123497/8874123
2025,3,1,台南,錕羊肉,錕羊肉,https://500times.udn.com/wtimes/story/123497/8874123
2025,3,1,台南,阿公阿婆蛋餅,阿公阿婆蛋餅,https://500times.udn.com/wtimes/story/123497/8874123
2025,3,1,台南,阿娥意麵,阿娥意麵,https://500times.udn.com/wtimes/story/123497/8874123
2025,3,1,台南,阿文米粿,阿文米粿,https://500times.udn.com/wtimes/story/123497/8874123
2025,3,1,台南,阿江鱔魚意麵,阿江鱔魚意麵,https://500times.udn.com/wtimes/story/123497/8874123
2025,3,1,台南,阿輝黑輪,阿輝黑輪,https://500times.udn.com/wtimes/story/123497/8874123
2025,3,1,台南,阿銘牛肉麵,阿銘牛肉麵,https://500times.udn.com/wtimes/story/123497/8874123
2025,3,1,台南,阿龍香腸熟肉,阿龍香腸熟肉,https://500times.udn.com/wtimes/story/123497/8874123
2025,3,1,台南,陳家汕頭意麵,陳家汕頭意麵,https://500times.udn.com/wtimes/story/123497/8874123
2025,3,1,台南,鳳滷味,鳳滷味,https://500times.udn.com/wtimes/story/123497/8874123
2025,3,1,台南,鴻品牛肉湯（市政府店）,鴻品牛肉湯,https://500times.udn.com/wtimes/story/123497/8874123
2025,3,1,台南,黃胖妞豬心,黃胖妞豬心,https://500times.udn.com/wtimes/story/123497/8874123
2025,3,1,台東,POOZ新蘭灣柴燒窯烤披薩,pooz新蘭灣柴燒窯烤披薩,https://500times.udn.com/wtimes/story/123497/8874123
2025,3,1,台東,幸福食堂,幸福食堂,https://500times.udn.com/wtimes/story/123497/8874123
2025,3,1,台東,文化虱目魚丸,文化虱目魚丸,https://500times.udn.com/wtimes/story/123497/8874123
2025,3,1,台東,明隆春捲專賣店,明隆春捲專賣店,https://500times.udn.com/wtimes/story/123497/8874123
2025,3,1,台東,池上吉本肉圓,池上吉本肉圓,https://500times.udn.com/wtimes/story/123497/8874123
2025,3,1,台東,秋香坊,秋香坊,https://500times.udn.com/wtimes/story/123497/8874123
2025,3,1,台東,秒殺水煎包,秒殺水煎包,https://500times.udn.com/wtimes/story/123497/8874123
2025,3,1,台東,花式蔥餅,花式蔥餅,https://500times.udn.com/wtimes/story/123497/8874123
2025,3,1,台東,蟲子麵店,蟲子麵店,https://500times.udn.com/wtimes/story/123497/8874123
2025,3,1,台東,香香牛肉麵,香香牛肉麵,https://500times.udn.com/wtimes/story/123497/8874123
2025,3,1,嘉義,佳園汕頭火鍋,佳園汕頭火鍋,https://500times.udn.com/wtimes/story/123497/8874123
2025,3,1,嘉義,嘉義肉圓,嘉義肉圓,https://500times.udn.com/wtimes/story/123497/8874123
2025,3,1,嘉義,德記小吃部,德記小吃部,https://500times.udn.com/wtimes/story/123497/8874123
2025,3,1,嘉義,樂檸漢堡THEFREEN BURGER（嘉義中山市府門市）,樂檸漢堡thefreenburger,https://500times.udn.com/wtimes/story/123497/8874123
2025,3,1,嘉義,永豐春捲冰果室,永豐春捲冰果室,https://500times.udn.com/wtimes/story/123497/8874123
2025,3,1,嘉義,泰老饕,泰老饕,https://500times.udn.com/wtimes/story/123497/8874123
2025,3,1,嘉義,港記燒臘店（成仁街本店）,港記燒臘店,https://500times.udn.com/wtimes/story/123497/8874123
2025,3,1,嘉義,王家祖傳本產牛雜湯,王家祖傳本產牛雜湯,https://500times.udn.com/wtimes/story/123497/8874123
2025,3,1,嘉義,秀花大林狗尾雞王,秀花大林狗尾雞王,https://500times.udn.com/wtimes/story/123497/8874123
2025,3,1,嘉義,羅山生炒鱔魚麵,羅山生炒鱔魚麵,https://500times.udn.com/wtimes/story/123497/8874123
2025,3,1,嘉義,阿文魚粥,阿文魚粥,https://500times.udn.com/wtimes/story/123497/8874123
2025,3,1,嘉義,阿菊肉粽,阿菊肉粽,https://500times.udn.com/wtimes/story/123497/8874123
2025,3,1,嘉義,阿賢刈包,阿賢刈包,https://500times.udn.com/wtimes/story/123497/8874123
2025,3,1,嘉義,阿進土產牛肉湯,阿進土產牛肉湯,https://500times.udn.com/wtimes/story/123497/8874123
2025,3,1,嘉義,黃記涼麵涼圓,黃記涼麵涼圓,https://500times.udn.com/wtimes/story/123497/8874123
2025,3,1,基隆,8號旗魚飯 鮮魚湯,8號旗魚飯鮮魚湯,https://500times.udn.com/wtimes/story/123497/8874123
2025,3,1,基隆,基隆廟口 油粿 芋粿,基隆廟口油粿芋粿,https://500times.udn.com/wtimes/story/123497/8874123
2025,3,1,基隆,基隆廟口22號蝦仁羹 豬腳,基隆廟口22號蝦仁羹豬腳,https://500times.udn.com/wtimes/story/123497/8874123
2025,3,1,基隆,基隆廟口40號花枝羹 大麵炒,基隆廟口40號花枝羹大麵炒,https://500times.udn.com/wtimes/story/123497/8874123
2025,3,1,基隆,小文肉羹魯肉飯,小文肉羹滷肉飯,https://500times.udn.com/wtimes/story/123497/8874123
2025,3,1,基隆,林記油蔥稞,林記油蔥稞,https://500times.udn.com/wtimes/story/123497/8874123
2025,3,1,基隆,水產餃子館,水產餃子館,https://500times.udn.com/wtimes/story/123497/8874123
2025,3,1,基隆,稻香軒,稻香軒,https://500times.udn.com/wtimes/story/123497/8874123
2025,3,1,基隆,素志久碳烤三明治,素志久碳烤三明治,https://500times.udn.com/wtimes/story/123497/8874123
2025,3,1,基隆,遠東賴家水煎包,遠東賴家水煎包,https://500times.udn.com/wtimes/story/123497/8874123
2025,3,1,基隆,銘傳油飯,銘傳油飯,https://500times.udn.com/wtimes/story/123497/8874123
2025,3,1,基隆,阿中海鮮小吃,阿中海鮮小吃,https://500times.udn.com/wtimes/story/123497/8874123
2025,3,1,基隆,雅吉麵線肉圓豆花,雅吉麵線肉圓豆花,https://500times.udn.com/wtimes/story/123497/8874123
2025,3,1,基隆,魚丸伯仔,魚丸伯仔,https://500times.udn.com/wtimes/story/123497/8874123
2025,3,1,基隆,魯肉飯專家,滷肉飯專家,https://500times.udn.com/wtimes/story/123497/8874123
2025,3,1,基隆,黃家麥克麵線,黃家麥克麵線,https://500times.udn.com/wtimes/story/123497/8874123
2025,3,1,宜蘭,一香飲食店 麻醬麵,一香飲食店麻醬麵,https://500times.udn.com/wtimes/story/123497/8874123
2025,3,1,宜蘭,南方澳無名蝦餅蚵嗲蘿蔔糕,南方澳無名蝦餅蚵嗲蘿蔔糕,https://500times.udn.com/wtimes/story/123497/8874123
2025,3,1,宜蘭,南陽香辣麵,南陽香辣麵,https://500times.udn.com/wtimes/story/123497/8874123
2025,3,1,宜蘭,合鴨米灶腳,合鴨米灶腳,https://500times.udn.com/wtimes/story/123497/8874123
2025,3,1,宜蘭,吉祥鮮肉小籠包（頭城店）,吉祥鮮肉小籠包,https://500times.udn.com/wtimes/story/123497/8874123
2025,3,1,宜蘭,嘟好燒,嘟好燒,https://500times.udn.com/wtimes/story/123497/8874123
2025,3,1,宜蘭,四海居小吃部,四海居小吃部,https://500times.udn.com/wtimes/story/123497/8874123
2025,3,1,宜蘭,好運牛湯麵,好運牛湯麵,https://500times.udn.com/wtimes/story/123497/8874123
2025,3,1,宜蘭,彭記蔥油餅,彭記蔥油餅,https://500times.udn.com/wtimes/story/123497/8874123
2025,3,1,宜蘭,正好鮮肉小籠包（礁溪店）,正好鮮肉小籠包,https://500times.udn.com/wtimes/story/123497/8874123
2025,3,1,宜蘭,湯城麵食,湯城麵食,https://500times.udn.com/wtimes/story/123497/8874123
2025,3,1,宜蘭,番割田甕缸雞,番割田甕缸雞,https://500times.udn.com/wtimes/story/123497/8874123
2025,3,1,宜蘭,老吳碳烤燒烤餅,老吳碳烤燒烤餅,https://500times.udn.com/wtimes/story/123497/8874123
2025,3,1,屏東,上讚肉圓 大腸 粉腸(27攤),上讚肉圓大腸粉腸,https://500times.udn.com/wtimes/story/123497/8874123
2025,3,1,屏東,周記春捲,周記春捲,https://500times.udn.com/wtimes/story/123497/8874123
2025,3,1,屏東,國泰萬巒豬腳大王,國泰萬巒豬腳大王,https://500times.udn.com/wtimes/story/123497/8874123
2025,3,1,屏東,大眾便當自助餐,大眾便當自助餐,https://500times.udn.com/wtimes/story/123497/8874123
2025,3,1,屏東,婦功食品行早餐,婦功食品行早餐,https://500times.udn.com/wtimes/story/123497/8874123
2025,3,1,屏東,屏東黃家肉圓,屏東黃家肉圓,https://500times.udn.com/wtimes/story/123497/8874123
2025,3,1,屏東,惜緣亭-米販部,惜緣亭米販部,https://500times.udn.com/wtimes/story/123497/8874123
2025,3,1,屏東,春日廚房 Kasuga's Kitchen,春日廚房kasugaskitchen,https://500times.udn.com/wtimes/story/123497/8874123
2025,3,1,屏東,東港蔡沙蝦肉丸,東港蔡沙蝦肉丸,https://500times.udn.com/wtimes/story/123497/8874123
2025,3,1,屏東,林記肉粿,林記肉粿,https://500times.udn.com/wtimes/story/123497/8874123
2025,3,1,屏東,正源萬巒豬腳,正源萬巒豬腳,https://500times.udn.com/wtimes/story/123497/8874123
2025,3,1,屏東,歸來肉圓老店,歸來肉圓老店,https://500times.udn.com/wtimes/story/123497/8874123
2025,3,1,屏東,熊熊本丸,熊熊本丸,https://500times.udn.com/wtimes/story/123497/8874123
2025,3,1,屏東,美鳳鹹酥雞,美鳳鹹酥雞,https://500times.udn.com/wtimes/story/123497/8874123
2025,3,1,屏東,老宋牛肉麵,老宋牛肉麵,https://500times.udn.com/wtimes/story/123497/8874123
2025,3,1,屏東,老牌鵝肉,老牌鵝肉,https://500times.udn.com/wtimes/story/123497/8874123
2025,3,1,屏東,菊子 Wouli 889（菊子窩裡）,菊子wouli889,https://500times.udn.com/wtimes/story/123497/8874123
2025,3,1,屏東,葉家肉粿,葉家肉粿,https://500times.udn.com/wtimes/story/123497/8874123
2025,3,1,屏東,阿卿姐飯湯,阿卿姐飯湯,https://500times.udn.com/wtimes/story/123497/8874123
2025,3,1,屏東,香港仔美食,香港仔美食,https://500times.udn.com/wtimes/story/123497/8874123
2025,3,1,彰化,北門肉粽行,北門肉粽行,https://500times.udn.com/wtimes/story/123497/8874123
2025,3,1,彰化,大元蔴薯,大元蔴薯,https://500times.udn.com/wtimes/story/123497/8874123
2025,3,1,彰化,天公壇素食麵,天公壇素食麵,https://500times.udn.com/wtimes/story/123497/8874123
2025,3,1,彰化,宮後街臭豆腐,宮後街臭豆腐,https://500times.udn.com/wtimes/story/123497/8874123
2025,3,1,彰化,彰化燒肉圓,彰化燒肉圓,https://500times.udn.com/wtimes/story/123497/8874123
2025,3,1,彰化,林記拉仔麵,林記拉仔麵,https://500times.udn.com/wtimes/story/123497/8874123
2025,3,1,彰化,煲魚鋪鮮魚湯專賣店,煲魚鋪鮮魚湯專賣店,https://500times.udn.com/wtimes/story/123497/8874123
2025,3,1,彰化,珍北平餡餅,珍北平餡餅,https://500times.udn.com/wtimes/story/123497/8874123
2025,3,1,彰化,社頭蒜頭麵,社頭蒜頭麵,https://500times.udn.com/wtimes/story/123497/8874123
2025,3,1,彰化,禾家鄉,禾家鄉,https://500times.udn.com/wtimes/story/123497/8874123
2025,3,1,彰化,老店朱爌肉飯,老店朱爌肉飯,https://500times.udn.com/wtimes/story/123497/8874123
2025,3,1,彰化,老担阿璋肉圓,老担阿璋肉圓,https://500times.udn.com/wtimes/story/123497/8874123
2025,3,1,彰化,肉包明,肉包明,https://500times.udn.com/wtimes/story/123497/8874123
2025,3,1,彰化,肉圓壽,肉圓壽,https://500times.udn.com/wtimes/story/123497/8874123
2025,3,1,彰化,肉粽大王,肉粽大王,https://500times.udn.com/wtimes/story/123497/8874123
2025,3,1,彰化,腳筋飯阿正爌肉飯,腳筋飯阿正爌肉飯,https://500times.udn.com/wtimes/story/123497/8874123
2025,3,1,彰化,蚵ㄚ仁,蚵ㄚ仁,https://500times.udn.com/wtimes/story/123497/8874123
2025,3,1,彰化,阿三肉圓,阿三肉圓,https://500times.udn.com/wtimes/story/123497/8874123
2025,3,1,彰化,阿樹擔仔麵,阿樹擔仔麵,https://500times.udn.com/wtimes/story/123497/8874123
2025,3,1,彰化,香饌胡椒餅,香饌胡椒餅,https://500times.udn.com/wtimes/story/123497/8874123
2025,3,1,彰化,魚市爌肉飯,魚市爌肉飯,https://500times.udn.com/wtimes/story/123497/8874123
2025,3,1,彰化,鹿港永香民俗小吃,鹿港永香民俗小吃,https://500times.udn.com/wtimes/story/123497/8874123
2025,3,1,新北,786李園清真小吃,786李園清真小吃,https://500times.udn.com/wtimes/story/123497/8874123
2025,3,1,新北,北京餡餅粥（永元店）,北京餡餅粥,https://500times.udn.com/wtimes/story/123497/8874123
2025,3,1,新北,南川麵館,南川麵館,https://500times.udn.com/wtimes/story/123497/8874123
2025,3,1,新北,吳記北平餡餅專賣店,吳記北平餡餅專賣店,https://500times.udn.com/wtimes/story/123497/8874123
2025,3,1,新北,吾時·食,吾時食,https://500times.udn.com/wtimes/story/123497/8874123
2025,3,1,新北,大象切仔麵,大象切仔麵,https://500times.udn.com/wtimes/story/123497/8874123
2025,3,1,新北,天然本味老麵饅頭店,天然本味老麵饅頭店,https://500times.udn.com/wtimes/story/123497/8874123
2025,3,1,新北,富關東煮,富關東煮,https://500times.udn.com/wtimes/story/123497/8874123
2025,3,1,新北,尤協豐豆干店,尤協豐豆干店,https://500times.udn.com/wtimes/story/123497/8874123
2025,3,1,新北,志明油飯麵線,志明油飯麵線,https://500times.udn.com/wtimes/story/123497/8874123
2025,3,1,新北,新莊後港炭烤鷄排,新莊後港炭烤鷄排,https://500times.udn.com/wtimes/story/123497/8874123
2025,3,1,新北,新莊羊肉榮,新莊羊肉榮,https://500times.udn.com/wtimes/story/123497/8874123
2025,3,1,新北,林員肉圓,林員肉圓,https://500times.udn.com/wtimes/story/123497/8874123
2025,3,1,新北,樂沐糕餅舖,樂沐糕餅舖,https://500times.udn.com/wtimes/story/123497/8874123
2025,3,1,新北,正莊古早味好吃雞肉店,正莊古早味好吃雞肉店,https://500times.udn.com/wtimes/story/123497/8874123
2025,3,1,新北,永貞好吃雞肉飯,永貞好吃雞肉飯,https://500times.udn.com/wtimes/story/123497/8874123
2025,3,1,新北,源慶鮮蚵,源慶鮮蚵,https://500times.udn.com/wtimes/story/123497/8874123
2025,3,1,新北,無名刈包,無名刈包,https://500times.udn.com/wtimes/story/123497/8874123
2025,3,1,新北,甲鼎茶莊古早味傳統小吃店,甲鼎茶莊古早味傳統小吃店,https://500times.udn.com/wtimes/story/123497/8874123
2025,3,1,新北,真大蒸餃,真大蒸餃,https://500times.udn.com/wtimes/story/123497/8874123
2025,3,1,新北,福州金魚麵店,福州金魚麵店,https://500times.udn.com/wtimes/story/123497/8874123
2025,3,1,新北,紅林包子舖（景平店）,紅林包子舖,https://500times.udn.com/wtimes/story/123497/8874123
2025,3,1,新北,蓮霧滷肉飯,蓮霧滷肉飯,https://500times.udn.com/wtimes/story/123497/8874123
2025,3,1,新北,蔡家牛肉麵,蔡家牛肉麵,https://500times.udn.com/wtimes/story/123497/8874123
2025,3,1,新北,蘆洲-總讚手作蔥餅,蘆洲總讚手作蔥餅,https://500times.udn.com/wtimes/story/123497/8874123
2025,3,1,新北,車頭鹹粥,車頭鹹粥,https://500times.udn.com/wtimes/story/123497/8874123
2025,3,1,新北,辣四方,辣四方,https://500times.udn.com/wtimes/story/123497/8874123
2025,3,1,新北,阿倍麵線,阿倍麵線,https://500times.udn.com/wtimes/story/123497/8874123
2025,3,1,新北,阿勝切仔麵,阿勝切仔麵,https://500times.udn.com/wtimes/story/123497/8874123
2025,3,1,新北,阿榮切仔麵,阿榮切仔麵,https://500times.udn.com/wtimes/story/123497/8874123
2025,3,1,新北,阿薇緬甸小吃店,阿薇緬甸小吃店,https://500times.udn.com/wtimes/story/123497/8874123
2025,3,1,新竹,Bebu春嬌粄條,bebu春嬌粄條,https://500times.udn.com/wtimes/story/123497/8874123
2025,3,1,新竹,井家,井家,https://500times.udn.com/wtimes/story/123497/8874123
2025,3,1,新竹,彭家粄糕,彭家粄糕,https://500times.udn.com/wtimes/story/123497/8874123
2025,3,1,新竹,晌午粄食,晌午粄食,https://500times.udn.com/wtimes/story/123497/8874123
2025,3,1,新竹,李記米苔目,李記米苔目,https://500times.udn.com/wtimes/story/123497/8874123
2025,3,1,新竹,沐嵐·Moonlight,沐嵐moonlight,https://500times.udn.com/wtimes/story/123497/8874123
2025,3,1,新竹,竹蓮肉圓,竹蓮肉圓,https://500times.udn.com/wtimes/story/123497/8874123
2025,3,1,新竹,老店薑母雞,老店薑母雞,https://500times.udn.com/wtimes/story/123497/8874123
2025,3,1,新竹,邱家鴨肉麵,邱家鴨肉麵,https://500times.udn.com/wtimes/story/123497/8874123
2025,3,1,新竹,鷹王肉圓,鷹王肉圓,https://500times.udn.com/wtimes/story/123497/8874123
2025,3,1,桃園,仁利菜包,仁利菜包,https://500times.udn.com/wtimes/story/123497/8874123
2025,3,1,桃園,油條麻吉（金門油條）,油條麻吉,https://500times.udn.com/wtimes/story/123497/8874123
2025,3,1,桃園,胡家潤餅,胡家潤餅,https://500times.udn.com/wtimes/story/123497/8874123
2025,3,1,桃園,阿桃的店,阿桃的店,https://500times.udn.com/wtimes/story/123497/8874123
2025,3,1,桃園,阿美米干,阿美米干,https://500times.udn.com/wtimes/story/123497/8874123
2025,3,1,澎湖,鐘記燒餅（北辰店）,鐘記燒餅,https://500times.udn.com/wtimes/story/123497/8874123
2025,3,1,花蓮,HANG OUT手工漢堡（慶降Kiciyang）,hangout手工漢堡,https://500times.udn.com/wtimes/story/123497/8874123
2025,3,1,花蓮,單一純賣 雞湯 小卷米粉,單一純賣雞湯小卷米粉,https://500times.udn.com/wtimes/story/123497/8874123
2025,3,1,花蓮,太魯閣一家村食堂,太滷閣一家村食堂,https://500times.udn.com/wtimes/story/123497/8874123
2025,3,1,花蓮,小廢柴 Little Sleepyhead,小廢柴littlesleepyhead,https://500times.udn.com/wtimes/story/123497/8874123
2025,3,1,花蓮,福源海鮮,福源海鮮,https://500times.udn.com/wtimes/story/123497/8874123
2025,3,1,花蓮,米崙丼飯屋,米崙丼飯屋,https://500times.udn.com/wtimes/story/123497/8874123
2025,3,1,花蓮,鴨隊堡,鴨隊堡,https://500times.udn.com/wtimes/story/123497/8874123
2025,3,1,苗栗,古早味婆菜,古早味婆菜,https://500times.udn.com/wtimes/story/123497/8874123
2025,3,1,苗栗,白沙屯外省牛肉麵,白沙屯外省牛肉麵,https://500times.udn.com/wtimes/story/123497/8874123
2025,3,1,苗栗,阿梅姐日常手作·味自慢糧倉,阿梅姐日常手作味自慢糧倉,https://500times.udn.com/wtimes/story/123497/8874123
2025,3,1,連江,阿妹的店鼎邊糊,阿妹的店鼎邊糊,https://500times.udn.com/wtimes/story/123497/8874123
2025,3,1,連江,阿池現吃淡菜,阿池現吃淡菜,https://500times.udn.com/wtimes/story/123497/8874123
2025,3,1,雲林,北港嘉義火雞肉飯,北港嘉義火雞肉飯,https://500times.udn.com/wtimes/story/123497/8874123
2025,3,1,雲林,斗南米糕甲（斗六店）,斗南米糕甲,https://500times.udn.com/wtimes/story/123497/8874123
2025,3,1,雲林,老街碗粿,老街碗粿,https://500times.udn.com/wtimes/story/123497/8874123
2025,3,1,雲林,虎尾美貞肉羹麵,虎尾美貞肉羹麵,https://500times.udn.com/wtimes/story/123497/8874123
2025,3,1,雲林,阿國獅魷魚羹,阿國獅魷魚羹,https://500times.udn.com/wtimes/story/123497/8874123
2025,3,1,雲林,阿美小吃,阿美小吃,https://500times.udn.com/wtimes/story/123497/8874123
2025,3,1,雲林,阿豐油飯麵線糊,阿豐油飯麵線糊,https://500times.udn.com/wtimes/story/123497/8874123
2025,3,1,高雄,LKK肉圓,lkk肉圓,https://500times.udn.com/wtimes/story/123497/8874123
2025,3,1,高雄,三郎麵包廠,三郎麵包廠,https://500times.udn.com/wtimes/story/123497/8874123
2025,3,1,高雄,侯記鴨肉飯,侯記鴨肉飯,https://500times.udn.com/wtimes/story/123497/8874123
2025,3,1,高雄,劉江便當 (創始總店),劉江便當,https://500times.udn.com/wtimes/story/123497/8874123
2025,3,1,高雄,北港蔡三代筒仔米糕,北港蔡三代筒仔米糕,https://500times.udn.com/wtimes/story/123497/8874123
2025,3,1,高雄,南台春捲,南臺春捲,https://500times.udn.com/wtimes/story/123497/8874123
2025,3,1,高雄,南豐魯肉飯,南豐滷肉飯,https://500times.udn.com/wtimes/story/123497/8874123
2025,3,1,高雄,吳記肉圓（建工店）,吳記肉圓,https://500times.udn.com/wtimes/story/123497/8874123
2025,3,1,高雄,哈瑪星汕頭麵呂,哈瑪星汕頭麵呂,https://500times.udn.com/wtimes/story/123497/8874123
2025,3,1,高雄,四口田手作麻辣「正」,四口田手作麻辣「正」,https://500times.udn.com/wtimes/story/123497/8874123
2025,3,1,高雄,堀江麵,堀江麵,https://500times.udn.com/wtimes/story/123497/8874123
2025,3,1,高雄,堂伯猪肝卷,堂伯猪肝卷,https://500times.udn.com/wtimes/story/123497/8874123
2025,3,1,高雄,大港飯糰,大港飯糰,https://500times.udn.com/wtimes/story/123497/8874123
2025,3,1,高雄,大胖豬油拌麵,大胖豬油拌麵,https://500times.udn.com/wtimes/story/123497/8874123
2025,3,1,高雄,天天沙茶火鍋,天天沙茶火鍋,https://500times.udn.com/wtimes/story/123497/8874123
2025,3,1,高雄,曾記廚房,曾記廚房,https://500times.udn.com/wtimes/story/123497/8874123
2025,3,1,高雄,李氏商行,李氏商行,https://500times.udn.com/wtimes/story/123497/8874123
2025,3,1,高雄,林記豆漿店,林記豆漿店,https://500times.udn.com/wtimes/story/123497/8874123
2025,3,1,高雄,無名肉燥飯,無名肉燥飯,https://500times.udn.com/wtimes/story/123497/8874123
2025,3,1,高雄,芳德豬肉冬粉,芳德豬肉冬粉,https://500times.udn.com/wtimes/story/123497/8874123
2025,3,1,高雄,蒜泥雖小,蒜泥雖小,https://500times.udn.com/wtimes/story/123497/8874123
2025,3,1,高雄,鍾家高雄綠豆湯大王,鍾家高雄綠豆湯大王,https://500times.udn.com/wtimes/story/123497/8874123
2025,3,1,高雄,鐵盒保哥滷味,鐵盒保哥滷味,https://500times.udn.com/wtimes/story/123497/8874123
2025,3,1,高雄,阿凡沙茶麻醬麵,阿凡沙茶麻醬麵,https://500times.udn.com/wtimes/story/123497/8874123
2025,3,1,高雄,阿城粄條,阿城粄條,https://500times.udn.com/wtimes/story/123497/8874123
2025,3,1,高雄,阿英排骨飯,阿英排骨飯,https://500times.udn.com/wtimes/story/123497/8874123
2025,3,1,高雄,阿貴活海產,阿貴活海產,https://500times.udn.com/wtimes/story/123497/8874123
2025,3,1,高雄,阿進切仔麵,阿進切仔麵,https://500times.udn.com/wtimes/story/123497/8874123
2025,3,1,高雄,香四海現做旗魚黑輪,香四海現做旗魚黑輪,https://500times.udn.com/wtimes/story/123497/8874123
2025,3,1,高雄,鹽埕埔碗粿雄,鹽埕埔碗粿雄,https://500times.udn.com/wtimes/story/123497/8874123
2024,2,3,台中,功夫上海手工魚丸,功夫上海手工魚丸,https://500times.udn.com/wtimes/story/123497/8143804
2024,2,3,台北,財神台南擔仔麵,財神臺南擔仔麵,https://500times.udn.com/wtimes/story/123497/8143804
2024,2,3,宜蘭/花蓮,橋頭臭豆腐（創始店／礁溪店）,橋頭臭豆腐,https://500times.udn.com/wtimes/story/123497/8143804
2024,2,3,彰化,阿添蛤仔麵,阿添蛤仔麵,https://500times.udn.com/wtimes/story/123497/8143804
2024,2,3,高雄,前金肉燥飯,前金肉燥飯,https://500times.udn.com/wtimes/story/123497/8143804
2024,2,2,台中,上海未名酸梅湯麵點,上海未名酸梅湯麵點,https://500times.udn.com/wtimes/story/123497/8143804
2024,2,2,台中,台中藏阿胖烘焙麵包坊,臺中藏阿胖烘焙麵包坊,https://500times.udn.com/wtimes/story/123497/8143804
2024,2,2,台中,湖南味牛肉麵,湖南味牛肉麵,https://500times.udn.com/wtimes/story/123497/8143804
2024,2,2,台北,三元號魯肉飯,三元號滷肉飯,https://500times.udn.com/wtimes/story/123497/8143804
2024,2,2,台北,南港老張燒餅店／胡椒餅（創始店／士林夜市店）,南港老張燒餅店／胡椒餅,https://500times.udn.com/wtimes/story/123497/8143804
2024,2,2,台北,豬肝榮仔,豬肝榮仔,https://500times.udn.com/wtimes/story/123497/8143804
2024,2,2,台北,賣麵炎仔,賣麵炎仔,https://500times.udn.com/wtimes/story/123497/8143804
2024,2,2,台北,龍泉市場 無名麵攤,龍泉市場無名麵攤,https://500times.udn.com/wtimes/story/123497/8143804
2024,2,2,台南,阿明豬心冬粉,阿明豬心冬粉,https://500times.udn.com/wtimes/story/123497/8143804
2024,2,2,台南,鬍鬚忠牛肉湯,鬍鬚忠牛肉湯,https://500times.udn.com/wtimes/story/123497/8143804
2024,2,2,嘉義,林聰明沙鍋魚頭,林聰明沙鍋魚頭,https://500times.udn.com/wtimes/story/123497/8143804
2024,2,2,嘉義,正宗民雄鵝肉亭,正宗民雄鵝肉亭,https://500times.udn.com/wtimes/story/123497/8143804
2024,2,2,嘉義,王家祖傳本產牛雜湯,王家祖傳本產牛雜湯,https://500times.udn.com/wtimes/story/123497/8143804
2024,2,2,彰化,泉焢肉飯,泉焢肉飯,https://500times.udn.com/wtimes/story/123497/8143804
2024,2,2,彰化,阿三肉圓,阿三肉圓,https://500times.udn.com/wtimes/story/123497/8143804
2024,2,2,新北,新莊廟街夜市潤餅捲,新莊廟街夜市潤餅捲,https://500times.udn.com/wtimes/story/123497/8143804
2024,2,2,新竹,原夜市鴨肉麵（中央路）,原夜市鴨肉麵,https://500times.udn.com/wtimes/story/123497/8143804
2024,2,2,新竹,許二姐,許二姐,https://500times.udn.com/wtimes/story/123497/8143804
2024,2,2,新竹,鷹王肉圓,鷹王肉圓,https://500times.udn.com/wtimes/story/123497/8143804
2024,2,2,花蓮,林記 明禮路葱油餅,林記明禮路葱油餅,https://500times.udn.com/wtimes/story/123497/8143804
2024,2,2,高雄,新大港大腸香腸,新大港大腸香腸,https://500times.udn.com/wtimes/story/123497/8143804
2024,2,1,南投,一滴水麵館,一滴水麵館,https://500times.udn.com/wtimes/story/123497/8143804
2024,2,1,南投,久味大姐手工麻糬(中山店),久味大姐手工麻糬,https://500times.udn.com/wtimes/story/123497/8143804
2024,2,1,南投,品昇蒸餃世家,品昇蒸餃世家,https://500times.udn.com/wtimes/story/123497/8143804
2024,2,1,南投,大觀市場爌肉飯糰,大觀市場爌肉飯糰,https://500times.udn.com/wtimes/story/123497/8143804
2024,2,1,南投,太清宮蛋餅,太清宮蛋餅,https://500times.udn.com/wtimes/story/123497/8143804
2024,2,1,南投,普里鹹油條,普里鹹油條,https://500times.udn.com/wtimes/story/123497/8143804
2024,2,1,南投,榕樹下扣仔嗲,榕樹下扣仔嗲,https://500times.udn.com/wtimes/story/123497/8143804
2024,2,1,南投,正典牛乳大王,正典牛乳大王,https://500times.udn.com/wtimes/story/123497/8143804
2024,2,1,南投,王品桂花酸梅湯,王品桂花酸梅湯,https://500times.udn.com/wtimes/story/123497/8143804
2024,2,1,南投,茴香館餃子宴,茴香館餃子宴,https://500times.udn.com/wtimes/story/123497/8143804
2024,2,1,南投,輝鴻蚵仔煎,輝鴻蚵仔煎,https://500times.udn.com/wtimes/story/123497/8143804
2024,2,1,南投,阿花扣仔嗲,阿花扣仔嗲,https://500times.udn.com/wtimes/story/123497/8143804
2024,2,1,南投,阿鳳傳統米食,阿鳳傳統米食,https://500times.udn.com/wtimes/story/123497/8143804
2024,2,1,南投,阿龍扣仔嗲,阿龍扣仔嗲,https://500times.udn.com/wtimes/story/123497/8143804
2024,2,1,台中,丁記炸粿,丁記炸粿,https://500times.udn.com/wtimes/story/123497/8143804
2024,2,1,台中,三回,三回,https://500times.udn.com/wtimes/story/123497/8143804
2024,2,1,台中,上海灘租界地,上海灘租界地,https://500times.udn.com/wtimes/story/123497/8143804
2024,2,1,台中,乾麵酸菜湯老店,乾麵酸菜湯老店,https://500times.udn.com/wtimes/story/123497/8143804
2024,2,1,台中,台南蘇無刺虱目魚,臺南蘇無刺虱目魚,https://500times.udn.com/wtimes/story/123497/8143804
2024,2,1,台中,品味香麵攤,品味香麵攤,https://500times.udn.com/wtimes/story/123497/8143804
2024,2,1,台中,四季春甜食店,四季春甜食店,https://500times.udn.com/wtimes/story/123497/8143804
2024,2,1,台中,大雅無名麵攤臭豆腐,大雅無名麵攤臭豆腐,https://500times.udn.com/wtimes/story/123497/8143804
2024,2,1,台中,大雅萬丹紅豆餅豐仁冰,大雅萬丹紅豆餅豐仁冰,https://500times.udn.com/wtimes/story/123497/8143804
2024,2,1,台中,天津苟不理湯包,天津苟不理湯包,https://500times.udn.com/wtimes/story/123497/8143804
2024,2,1,台中,小初店,小初店,https://500times.udn.com/wtimes/story/123497/8143804
2024,2,1,台中,廟東清水排骨麵,廟東清水排骨麵,https://500times.udn.com/wtimes/story/123497/8143804
2024,2,1,台中,廟東菱角酥,廟東菱角酥,https://500times.udn.com/wtimes/story/123497/8143804
2024,2,1,台中,徐家莊手打麵,徐家莊手打麵,https://500times.udn.com/wtimes/story/123497/8143804
2024,2,1,台中,新金樹肉丸,新金樹肉丸,https://500times.udn.com/wtimes/story/123497/8143804
2024,2,1,台中,旬魚,旬魚,https://500times.udn.com/wtimes/story/123497/8143804
2024,2,1,台中,李海魯肉飯,李海滷肉飯,https://500times.udn.com/wtimes/story/123497/8143804
2024,2,1,台中,東佳牛肉麵館,東佳牛肉麵館,https://500times.udn.com/wtimes/story/123497/8143804
2024,2,1,台中,東引釣客,東引釣客,https://500times.udn.com/wtimes/story/123497/8143804
2024,2,1,台中,珍品小吃米粉/芋頭,珍品小吃米粉芋頭,https://500times.udn.com/wtimes/story/123497/8143804
2024,2,1,台中,現採炭烤玉米,現採炭烤玉米,https://500times.udn.com/wtimes/story/123497/8143804
2024,2,1,台中,繡球,繡球,https://500times.udn.com/wtimes/story/123497/8143804
2024,2,1,台中,英才大麵羹,英才大麵羹,https://500times.udn.com/wtimes/story/123497/8143804
2024,2,1,台中,范記金之園草袋飯(總店),范記金之園草袋飯,https://500times.udn.com/wtimes/story/123497/8143804
2024,2,1,台中,蚵仔粥,蚵仔粥,https://500times.udn.com/wtimes/story/123497/8143804
2024,2,1,台中,豐原排骨麵店,豐原排骨麵店,https://500times.udn.com/wtimes/story/123497/8143804
2024,2,1,台中,阿川鵝肉,阿川鵝肉,https://500times.udn.com/wtimes/story/123497/8143804
2024,2,1,台中,陳記蚵仔麵線,陳記蚵仔麵線,https://500times.udn.com/wtimes/story/123497/8143804
2024,2,1,台中,頂吉古早味火雞肉飯,頂吉古早味火雞肉飯,https://500times.udn.com/wtimes/story/123497/8143804
2024,2,1,台中,頂好炸雞,頂好炸雞,https://500times.udn.com/wtimes/story/123497/8143804
2024,2,1,台中,饕食館,饕食館,https://500times.udn.com/wtimes/story/123497/8143804
2024,2,1,台中,魚麗共同廚房,魚麗共同廚房,https://500times.udn.com/wtimes/story/123497/8143804
2024,2,1,台中,鮮魚鱻蝦仁飯,鮮魚鱻蝦仁飯,https://500times.udn.com/wtimes/story/123497/8143804
2024,2,1,台中,鵝城,鵝城,https://500times.udn.com/wtimes/story/123497/8143804
2024,2,1,台中,麵哥麵嫂,麵哥麵嫂,https://500times.udn.com/wtimes/story/123497/8143804
2024,2,1,台北,180度C蜜酥雞排,180度c蜜酥雞排,https://500times.udn.com/wtimes/story/123497/8143804
2024,2,1,台北,1976道地香港美食,1976道地香港美食,https://500times.udn.com/wtimes/story/123497/8143804
2024,2,1,台北,A宰羊羊肉專賣店,a宰羊羊肉專賣店,https://500times.udn.com/wtimes/story/123497/8143804
2024,2,1,台北,一甲子餐飲,一甲子餐飲,https://500times.udn.com/wtimes/story/123497/8143804
2024,2,1,台北,一肥仔麵店,一肥仔麵店,https://500times.udn.com/wtimes/story/123497/8143804
2024,2,1,台北,七條通蕭家魚湯,七條通蕭家魚湯,https://500times.udn.com/wtimes/story/123497/8143804
2024,2,1,台北,三姐鵝肉,三姐鵝肉,https://500times.udn.com/wtimes/story/123497/8143804
2024,2,1,台北,上海小籠包(龍城市場),上海小籠包,https://500times.udn.com/wtimes/story/123497/8143804
2024,2,1,台北,以馬內利鮮魚湯,以馬內利鮮魚湯,https://500times.udn.com/wtimes/story/123497/8143804
2024,2,1,台北,信遠齋燻雞·滷味,信遠齋燻雞滷味,https://500times.udn.com/wtimes/story/123497/8143804
2024,2,1,台北,億頓排骨,億頓排骨,https://500times.udn.com/wtimes/story/123497/8143804
2024,2,1,台北,兄弟大飯店梅花廳,兄弟大飯店梅花廳,https://500times.udn.com/wtimes/story/123497/8143804
2024,2,1,台北,冰霖古早味豆花,冰霖古早味豆花,https://500times.udn.com/wtimes/story/123497/8143804
2024,2,1,台北,劉媽媽涼麵,劉媽媽涼麵,https://500times.udn.com/wtimes/story/123497/8143804
2024,2,1,台北,劉記傳統美食,劉記傳統美食,https://500times.udn.com/wtimes/story/123497/8143804
2024,2,1,台北,勝口味(芝山店),勝口味,https://500times.udn.com/wtimes/story/123497/8143804
2024,2,1,台北,双妹嘜養生甜品,双妹嘜養生甜品,https://500times.udn.com/wtimes/story/123497/8143804
2024,2,1,台北,史記正宗牛肉麵,史記正宗牛肉麵,https://500times.udn.com/wtimes/story/123497/8143804
2024,2,1,台北,同安街麵線羹,同安街麵線羹,https://500times.udn.com/wtimes/story/123497/8143804
2024,2,1,台北,同心大腸蚵仔麵線,同心大腸蚵仔麵線,https://500times.udn.com/wtimes/story/123497/8143804
2024,2,1,台北,呷二嘴,呷二嘴,https://500times.udn.com/wtimes/story/123497/8143804
2024,2,1,台北,和記豆漿店,和記豆漿店,https://500times.udn.com/wtimes/story/123497/8143804
2024,2,1,台北,國手肉骨茶,國手肉骨茶,https://500times.udn.com/wtimes/story/123497/8143804
2024,2,1,台北,士東市場137號米粉湯,士東市場137號米粉湯,https://500times.udn.com/wtimes/story/123497/8143804
2024,2,1,台北,大三元豆漿店,大三元豆漿店,https://500times.udn.com/wtimes/story/123497/8143804
2024,2,1,台北,大橋頭魯肉飯,大橋頭滷肉飯,https://500times.udn.com/wtimes/story/123497/8143804
2024,2,1,台北,大稻埕米粉湯,大稻埕米粉湯,https://500times.udn.com/wtimes/story/123497/8143804
2024,2,1,台北,天下三絕,天下三絕,https://500times.udn.com/wtimes/story/123497/8143804
2024,2,1,台北,家鄉碳烤香雞排(士林店),家鄉碳烤香雞排,https://500times.udn.com/wtimes/story/123497/8143804
2024,2,1,台北,寶島肉圓店,寶島肉圓店,https://500times.udn.com/wtimes/story/123497/8143804
2024,2,1,台北,小王煮瓜,小王煮瓜,https://500times.udn.com/wtimes/story/123497/8143804
2024,2,1,台北,小貨車蔥油餅,小貨車蔥油餅,https://500times.udn.com/wtimes/story/123497/8143804
2024,2,1,台北,巧之味手工水餃(濟南店),巧之味手工水餃,https://500times.udn.com/wtimes/story/123497/8143804
2024,2,1,台北,巴克斯烤韭菜盒子手工蛋餅,巴克斯烤韭菜盒子手工蛋餅,https://500times.udn.com/wtimes/story/123497/8143804
2024,2,1,台北,市民大道涮涮鍋東興店,市民大道涮涮鍋東興店,https://500times.udn.com/wtimes/story/123497/8143804
2024,2,1,台北,師大分部臭豆腐,師大分部臭豆腐,https://500times.udn.com/wtimes/story/123497/8143804
2024,2,1,台北,廖家牛肉麵(中原街),廖家牛肉麵,https://500times.udn.com/wtimes/story/123497/8143804
2024,2,1,台北,彭記臭豆腐,彭記臭豆腐,https://500times.udn.com/wtimes/story/123497/8143804
2024,2,1,台北,御炒牛A Class Beef,御炒牛aclassbeef,https://500times.udn.com/wtimes/story/123497/8143804
2024,2,1,台北,新東街東山鴨頭,新東街東山鴨頭,https://500times.udn.com/wtimes/story/123497/8143804
2024,2,1,台北,施家麻油腰花,施家麻油腰花,https://500times.udn.com/wtimes/story/123497/8143804
2024,2,1,台北,明月湯包,明月湯包,https://500times.udn.com/wtimes/story/123497/8143804
2024,2,1,台北,東引快刀手(光復店),東引快刀手,https://500times.udn.com/wtimes/story/123497/8143804
2024,2,1,台北,松山割包,松山割包,https://500times.udn.com/wtimes/story/123497/8143804
2024,2,1,台北,林家乾麵,林家乾麵,https://500times.udn.com/wtimes/story/123497/8143804
2024,2,1,台北,林東芳牛肉麵,林東芳牛肉麵,https://500times.udn.com/wtimes/story/123497/8143804
2024,2,1,台北,樺林乾麵,樺林乾麵,https://500times.udn.com/wtimes/story/123497/8143804
2024,2,1,台北,欲罷不能鹹水雞東區商圈店,欲罷不能鹹水雞東區商圈店,https://500times.udn.com/wtimes/story/123497/8143804
2024,2,1,台北,正記麻油料理,正記麻油料理,https://500times.udn.com/wtimes/story/123497/8143804
2024,2,1,台北,歸綏街當歸豬腳老店,歸綏街當歸豬腳老店,https://500times.udn.com/wtimes/story/123497/8143804
2024,2,1,台北,江家原汁排骨湯,江家原汁排骨湯,https://500times.udn.com/wtimes/story/123497/8143804
2024,2,1,台北,涼粉伯,涼粉伯,https://500times.udn.com/wtimes/story/123497/8143804
2024,2,1,台北,溫州街蘿蔔絲餅達人,溫州街蘿蔔絲餅達人,https://500times.udn.com/wtimes/story/123497/8143804
2024,2,1,台北,燒喔!抄手麵食館,燒喔!抄手麵食館,https://500times.udn.com/wtimes/story/123497/8143804
2024,2,1,台北,牛媽媽沙茶牛肉,牛媽媽沙茶牛肉,https://500times.udn.com/wtimes/story/123497/8143804
2024,2,1,台北,牛家村,牛家村,https://500times.udn.com/wtimes/story/123497/8143804
2024,2,1,台北,牛肉麵·雞湯,牛肉麵雞湯,https://500times.udn.com/wtimes/story/123497/8143804
2024,2,1,台北,王記府城肉粽,王記府城肉粽,https://500times.udn.com/wtimes/story/123497/8143804
2024,2,1,台北,碧山岩桶仔雞,碧山岩桶仔雞,https://500times.udn.com/wtimes/story/123497/8143804
2024,2,1,台北,秦小姐豆漿店,秦小姐豆漿店,https://500times.udn.com/wtimes/story/123497/8143804
2024,2,1,台北,羅媽媽米粉湯,羅媽媽米粉湯,https://500times.udn.com/wtimes/story/123497/8143804
2024,2,1,台北,美景紅油抄手,美景紅油抄手,https://500times.udn.com/wtimes/story/123497/8143804
2024,2,1,台北,老杭家麵食館,老杭家麵食館,https://500times.udn.com/wtimes/story/123497/8143804
2024,2,1,台北,老楊在二樓,老楊在二樓,https://500times.udn.com/wtimes/story/123497/8143804
2024,2,1,台北,老車滷味,老車滷味,https://500times.udn.com/wtimes/story/123497/8143804
2024,2,1,台北,老麵攤,老麵攤,https://500times.udn.com/wtimes/story/123497/8143804
2024,2,1,台北,莫宰羊(松山北寧店),莫宰羊,https://500times.udn.com/wtimes/story/123497/8143804
2024,2,1,台北,華榮市場口甜不辣,華榮市場口甜不辣,https://500times.udn.com/wtimes/story/123497/8143804
2024,2,1,台北,葉家肉粥,葉家肉粥,https://500times.udn.com/wtimes/story/123497/8143804
2024,2,1,台北,藍家割包,藍家割包,https://500times.udn.com/wtimes/story/123497/8143804
2024,2,1,台北,蘇杭點心店,蘇杭點心店,https://500times.udn.com/wtimes/story/123497/8143804
2024,2,1,台北,許仔豬腳麵線,許仔豬腳麵線,https://500times.udn.com/wtimes/story/123497/8143804
2024,2,1,台北,豐原清水排骨麵,豐原清水排骨麵,https://500times.udn.com/wtimes/story/123497/8143804
2024,2,1,台北,赤峰街無名排骨飯,赤峰街無名排骨飯,https://500times.udn.com/wtimes/story/123497/8143804
2024,2,1,台北,金仙魯肉飯(松山店),金仙滷肉飯,https://500times.udn.com/wtimes/story/123497/8143804
2024,2,1,台北,金華街咖哩屋,金華街咖哩屋,https://500times.udn.com/wtimes/story/123497/8143804
2024,2,1,台北,阜杭豆漿,阜杭豆漿,https://500times.udn.com/wtimes/story/123497/8143804
2024,2,1,台北,阿寶師台東鱔魚麵,阿寶師臺東鱔魚麵,https://500times.udn.com/wtimes/story/123497/8143804
2024,2,1,台北,阿桐阿寶四神湯,阿桐阿寶四神湯,https://500times.udn.com/wtimes/story/123497/8143804
2024,2,1,台北,阿財彰化肉圓,阿財彰化肉圓,https://500times.udn.com/wtimes/story/123497/8143804
2024,2,1,台北,阿財虱目魚肚,阿財虱目魚肚,https://500times.udn.com/wtimes/story/123497/8143804
2024,2,1,台北,陳家涼麵,陳家涼麵,https://500times.udn.com/wtimes/story/123497/8143804
2024,2,1,台北,陳記腸蚵麵線(大安店),陳記腸蚵麵線,https://500times.udn.com/wtimes/story/123497/8143804
2024,2,1,台北,霸味薑母鴨(和平店),霸味薑母鴨,https://500times.udn.com/wtimes/story/123497/8143804
2024,2,1,台北,青島水餃,青島水餃,https://500times.udn.com/wtimes/story/123497/8143804
2024,2,1,台北,頂級甜不辣,頂級甜不辣,https://500times.udn.com/wtimes/story/123497/8143804
2024,2,1,台北,香滿園,香滿園,https://500times.udn.com/wtimes/story/123497/8143804
2024,2,1,台北,高雙管四神湯,高雙管四神湯,https://500times.udn.com/wtimes/story/123497/8143804
2024,2,1,台北,魏祥記純糖麻糬,魏祥記純糖麻糬,https://500times.udn.com/wtimes/story/123497/8143804
2024,2,1,台北,鯛魚燒工房(台灣民生店),鯛魚燒工房,https://500times.udn.com/wtimes/story/123497/8143804
2024,2,1,台北,鴨頭正二代滷肉飯,鴨頭正二代滷肉飯,https://500times.udn.com/wtimes/story/123497/8143804
2024,2,1,台北,黃金麵線,黃金麵線,https://500times.udn.com/wtimes/story/123497/8143804
2024,2,1,台北,鼎旺麻辣鍋,鼎旺麻辣鍋,https://500times.udn.com/wtimes/story/123497/8143804
2024,2,1,台北,龍潭豆花,龍潭豆花,https://500times.udn.com/wtimes/story/123497/8143804
2024,2,1,台北,龍門客棧餃子館(林森店),龍門客棧餃子館,https://500times.udn.com/wtimes/story/123497/8143804
2024,2,1,台南,上富小吃店,上富小吃店,https://500times.udn.com/wtimes/story/123497/8143804
2024,2,1,台南,上崙早餐店,上崙早餐店,https://500times.udn.com/wtimes/story/123497/8143804
2024,2,1,台南,下大道旗魚羹店,下大道旗魚羹店,https://500times.udn.com/wtimes/story/123497/8143804
2024,2,1,台南,保安路米糕,保安路米糕,https://500times.udn.com/wtimes/story/123497/8143804
2024,2,1,台南,億哥牛肉湯後甲店,億哥牛肉湯後甲店,https://500times.udn.com/wtimes/story/123497/8143804
2024,2,1,台南,劉家楊桃湯,劉家楊桃湯,https://500times.udn.com/wtimes/story/123497/8143804
2024,2,1,台南,劉家粽子,劉家粽子,https://500times.udn.com/wtimes/story/123497/8143804
2024,2,1,台南,台南葡吉麵包店,臺南葡吉麵包店,https://500times.udn.com/wtimes/story/123497/8143804
2024,2,1,台南,台南陸橋沙茶意麵,臺南陸橋沙茶意麵,https://500times.udn.com/wtimes/story/123497/8143804
2024,2,1,台南,吃麵吧,吃麵吧,https://500times.udn.com/wtimes/story/123497/8143804
2024,2,1,台南,呷霸白腹浮水魚羹,呷霸白腹浮水魚羹,https://500times.udn.com/wtimes/story/123497/8143804
2024,2,1,台南,夜·遊焜き鳥串燒酒場,夜遊焜き鳥串燒酒場,https://500times.udn.com/wtimes/story/123497/8143804
2024,2,1,台南,姑姑的茶葉蛋(新化創始店),姑姑的茶葉蛋,https://500times.udn.com/wtimes/story/123497/8143804
2024,2,1,台南,學甲雞肉焿米糕,學甲雞肉羹米糕,https://500times.udn.com/wtimes/story/123497/8143804
2024,2,1,台南,小茂屋,小茂屋,https://500times.udn.com/wtimes/story/123497/8143804
2024,2,1,台南,山記魚仔店,山記魚仔店,https://500times.udn.com/wtimes/story/123497/8143804
2024,2,1,台南,島入冰店,島入冰店,https://500times.udn.com/wtimes/story/123497/8143804
2024,2,1,台南,府城黃家蝦捲,府城黃家蝦捲,https://500times.udn.com/wtimes/story/123497/8143804
2024,2,1,台南,廟口清燉牛肉麵,廟口清燉牛肉麵,https://500times.udn.com/wtimes/story/123497/8143804
2024,2,1,台南,林家冷油雞冷醉雞,林家冷油雞冷醉雞,https://500times.udn.com/wtimes/story/123497/8143804
2024,2,1,台南,武廟肉圓,武廟肉圓,https://500times.udn.com/wtimes/story/123497/8143804
2024,2,1,台南,民生意麵魯味,民生意麵滷味,https://500times.udn.com/wtimes/story/123497/8143804
2024,2,1,台南,民生本產正牛肉湯,民生本產正牛肉湯,https://500times.udn.com/wtimes/story/123497/8143804
2024,2,1,台南,水仙宮粽葉米糕,水仙宮粽葉米糕,https://500times.udn.com/wtimes/story/123497/8143804
2024,2,1,台南,水仙宮鍋燒海鮮意麵,水仙宮鍋燒海鮮意麵,https://500times.udn.com/wtimes/story/123497/8143804
2024,2,1,台南,永記虱目魚丸,永記虱目魚丸,https://500times.udn.com/wtimes/story/123497/8143804
2024,2,1,台南,永香鹽水雞(創始店),永香鹽水雞,https://500times.udn.com/wtimes/story/123497/8143804
2024,2,1,台南,清子香腸熟肉,清子香腸熟肉,https://500times.udn.com/wtimes/story/123497/8143804
2024,2,1,台南,炸雞洋行榮譽店,炸雞洋行榮譽店,https://500times.udn.com/wtimes/story/123497/8143804
2024,2,1,台南,牛哞王溫體牛肉湯,牛哞王溫體牛肉湯,https://500times.udn.com/wtimes/story/123497/8143804
2024,2,1,台南,百年老店大腸粥,百年老店大腸粥,https://500times.udn.com/wtimes/story/123497/8143804
2024,2,1,台南,石精臼蚵仔煎,石精臼蚵仔煎,https://500times.udn.com/wtimes/story/123497/8143804
2024,2,1,台南,福泰飯桌,福泰飯桌,https://500times.udn.com/wtimes/story/123497/8143804
2024,2,1,台南,竹記冬菜鴨,竹記冬菜鴨,https://500times.udn.com/wtimes/story/123497/8143804
2024,2,1,台南,美鳳油飯,美鳳油飯,https://500times.udn.com/wtimes/story/123497/8143804
2024,2,1,台南,老泰羊肉,老泰羊肉,https://500times.udn.com/wtimes/story/123497/8143804
2024,2,1,台南,葉家小卷米粉,葉家小卷米粉,https://500times.udn.com/wtimes/story/123497/8143804
2024,2,1,台南,葉麥克炸雞,葉麥克炸雞,https://500times.udn.com/wtimes/story/123497/8143804
2024,2,1,台南,蔡家豆漿,蔡家豆漿,https://500times.udn.com/wtimes/story/123497/8143804
2024,2,1,台南,虎頭風味小吃,虎頭風味小吃,https://500times.udn.com/wtimes/story/123497/8143804
2024,2,1,台南,許來福豆簽羹,許來福豆簽羹,https://500times.udn.com/wtimes/story/123497/8143804
2024,2,1,台南,謝家八寶冰,謝家八寶冰,https://500times.udn.com/wtimes/story/123497/8143804
2024,2,1,台南,趙家燒餅,趙家燒餅,https://500times.udn.com/wtimes/story/123497/8143804
2024,2,1,台南,開元路無名虱目魚·肉燥飯,開元路無名虱目魚肉燥飯,https://500times.udn.com/wtimes/story/123497/8143804
2024,2,1,台南,阿村第二代牛肉湯,阿村第二代牛肉湯,https://500times.udn.com/wtimes/story/123497/8143804
2024,2,1,台南,阿真春捲,阿真春捲,https://500times.udn.com/wtimes/story/123497/8143804
2024,2,1,台南,阿興虱目魚,阿興虱目魚,https://500times.udn.com/wtimes/story/123497/8143804
2024,2,1,台南,阿華粿舖,阿華粿舖,https://500times.udn.com/wtimes/story/123497/8143804
2024,2,1,台南,阿裕牛肉涮涮鍋,阿裕牛肉涮涮鍋,https://500times.udn.com/wtimes/story/123497/8143804
2024,2,1,台南,阿銘牛肉麵,阿銘牛肉麵,https://500times.udn.com/wtimes/story/123497/8143804
2024,2,1,台南,頂好意麵,頂好意麵,https://500times.udn.com/wtimes/story/123497/8143804
2024,2,1,台南,養蚵世家,養蚵世家,https://500times.udn.com/wtimes/story/123497/8143804
2024,2,1,台南,馬來峰巴生肉骨茶,馬來峰巴生肉骨茶,https://500times.udn.com/wtimes/story/123497/8143804
2024,2,1,台南,馬沙鱔魚意麵,馬沙鱔魚意麵,https://500times.udn.com/wtimes/story/123497/8143804
2024,2,1,台南,體育場樺哥土產牛肉湯,體育場樺哥土產牛肉湯,https://500times.udn.com/wtimes/story/123497/8143804
2024,2,1,台南,體育場阿輝黑輪,體育場阿輝黑輪,https://500times.udn.com/wtimes/story/123497/8143804
2024,2,1,台南,鳳姐鴨肉飯,鳳姐鴨肉飯,https://500times.udn.com/wtimes/story/123497/8143804
2024,2,1,台南,黃婉玲烹飪教室,黃婉玲烹飪教室,https://500times.udn.com/wtimes/story/123497/8143804
2024,2,1,台南,黃家豬心,黃家豬心,https://500times.udn.com/wtimes/story/123497/8143804
2024,2,1,台東,ʙᴇʟʟö鍋燒販賣所,ʙᴇʟʟö鍋燒販賣所,https://500times.udn.com/wtimes/story/123497/8143804
2024,2,1,台東,三姐妹米苔目,三姐妹米苔目,https://500times.udn.com/wtimes/story/123497/8143804
2024,2,1,台東,冰菓手作冰棒,冰菓手作冰棒,https://500times.udn.com/wtimes/story/123497/8143804
2024,2,1,台東,卡滋爾鬼頭刀特色美食,卡滋爾鬼頭刀特色美食,https://500times.udn.com/wtimes/story/123497/8143804
2024,2,1,台東,品味鵝肉店,品味鵝肉店,https://500times.udn.com/wtimes/story/123497/8143804
2024,2,1,台東,好煎炸,好煎炸,https://500times.udn.com/wtimes/story/123497/8143804
2024,2,1,台東,家鄉正宗池上便當,家鄉正宗池上便當,https://500times.udn.com/wtimes/story/123497/8143804
2024,2,1,台東,成功豆花,成功豆花,https://500times.udn.com/wtimes/story/123497/8143804
2024,2,1,台東,正海城北方小館,正海城北方小館,https://500times.udn.com/wtimes/story/123497/8143804
2024,2,1,台東,痴愛玉,痴愛玉,https://500times.udn.com/wtimes/story/123497/8143804
2024,2,1,台東,秒殺水煎包,秒殺水煎包,https://500times.udn.com/wtimes/story/123497/8143804
2024,2,1,台東,粨發粨粽,粨發粨粽,https://500times.udn.com/wtimes/story/123497/8143804
2024,2,1,台東,臼部厨房,臼部厨房,https://500times.udn.com/wtimes/story/123497/8143804
2024,2,1,台東,興倫製麵,興倫製麵,https://500times.udn.com/wtimes/story/123497/8143804
2024,2,1,台東,花式蔥餅,花式蔥餅,https://500times.udn.com/wtimes/story/123497/8143804
2024,2,1,台東,越來家鄉味,越來家鄉味,https://500times.udn.com/wtimes/story/123497/8143804
2024,2,1,嘉義,六哥古早味烤玉米,六哥古早味烤玉米,https://500times.udn.com/wtimes/story/123497/8143804
2024,2,1,嘉義,劉里長雞肉飯,劉里長雞肉飯,https://500times.udn.com/wtimes/story/123497/8143804
2024,2,1,嘉義,北迴水晶餃,北迴水晶餃,https://500times.udn.com/wtimes/story/123497/8143804
2024,2,1,嘉義,嘉義市文化路碳烤三明治,嘉義市文化路碳烤三明治,https://500times.udn.com/wtimes/story/123497/8143804
2024,2,1,嘉義,嘉義民族狀元糕,嘉義民族狀元糕,https://500times.udn.com/wtimes/story/123497/8143804
2024,2,1,嘉義,延平國華米糕(國華街無名米糕),延平國華米糕,https://500times.udn.com/wtimes/story/123497/8143804
2024,2,1,嘉義,德記小吃部,德記小吃部,https://500times.udn.com/wtimes/story/123497/8143804
2024,2,1,嘉義,源滷肉飯(菜鴨魯熟肉),源滷肉飯,https://500times.udn.com/wtimes/story/123497/8143804
2024,2,1,嘉義,葉記牛肉,葉記牛肉,https://500times.udn.com/wtimes/story/123497/8143804
2024,2,1,嘉義,錦源飲食攤,錦源飲食攤,https://500times.udn.com/wtimes/story/123497/8143804
2024,2,1,嘉義,阿樓師火雞肉飯,阿樓師火雞肉飯,https://500times.udn.com/wtimes/story/123497/8143804
2024,2,1,嘉義,阿溪雞肉飯,阿溪雞肉飯,https://500times.udn.com/wtimes/story/123497/8143804
2024,2,1,嘉義,阿進土產牛肉湯,阿進土產牛肉湯,https://500times.udn.com/wtimes/story/123497/8143804
2024,2,1,嘉義,黃記涼麵涼圓,黃記涼麵涼圓,https://500times.udn.com/wtimes/story/123497/8143804
2024,2,1,基隆,三沙灣麵線羹,三沙灣麵線羹,https://500times.udn.com/wtimes/story/123497/8143804
2024,2,1,基隆,信奕原汁牛肉麵,信奕原汁牛肉麵,https://500times.udn.com/wtimes/story/123497/8143804
2024,2,1,基隆,十二堂,十二堂,https://500times.udn.com/wtimes/story/123497/8143804
2024,2,1,基隆,台灣小吃旗魚麵線旗魚湯,臺灣小吃旗魚麵線旗魚湯,https://500times.udn.com/wtimes/story/123497/8143804
2024,2,1,基隆,基隆廟口21號魯排骨飯,基隆廟口21號滷排骨飯,https://500times.udn.com/wtimes/story/123497/8143804
2024,2,1,基隆,基隆廟口30號攤蝦仁羹魯肉飯,基隆廟口30號攤蝦仁羹滷肉飯,https://500times.udn.com/wtimes/story/123497/8143804
2024,2,1,基隆,基隆廟口咖哩飯,基隆廟口咖哩飯,https://500times.udn.com/wtimes/story/123497/8143804
2024,2,1,基隆,天天來鹹粥,天天來鹹粥,https://500times.udn.com/wtimes/story/123497/8143804
2024,2,1,基隆,平實豆漿,平實豆漿,https://500times.udn.com/wtimes/story/123497/8143804
2024,2,1,基隆,廣東汕頭牛肉店,廣東汕頭牛肉店,https://500times.udn.com/wtimes/story/123497/8143804
2024,2,1,基隆,德基純手工水餃,德基純手工水餃,https://500times.udn.com/wtimes/story/123497/8143804
2024,2,1,基隆,慶安宮廟口咖哩炒麵炒飯,慶安宮廟口咖哩炒麵炒飯,https://500times.udn.com/wtimes/story/123497/8143804
2024,2,1,基隆,活力站蟲蒻屋,活力站蟲蒻屋,https://500times.udn.com/wtimes/story/123497/8143804
2024,2,1,基隆,潤潤潤餅,潤潤潤餅,https://500times.udn.com/wtimes/story/123497/8143804
2024,2,1,基隆,牛膳坊,牛膳坊,https://500times.udn.com/wtimes/story/123497/8143804
2024,2,1,基隆,紀家豬腳原汁專家,紀家豬腳原汁專家,https://500times.udn.com/wtimes/story/123497/8143804
2024,2,1,基隆,老牌全家福酒釀湯圓元宵,老牌全家福酒釀湯圓元宵,https://500times.udn.com/wtimes/story/123497/8143804
2024,2,1,基隆,郭家巷頭粿仔湯,郭家巷頭粿仔湯,https://500times.udn.com/wtimes/story/123497/8143804
2024,2,1,基隆,阿萬餛飩,阿萬餛飩,https://500times.udn.com/wtimes/story/123497/8143804
2024,2,1,基隆,鹹湯圓豬肝腸(大觀圓),鹹湯圓豬肝腸,https://500times.udn.com/wtimes/story/123497/8143804
2024,2,1,基隆,鹹粥魷魚雞捲基隆廟口42號,鹹粥魷魚雞捲基隆廟口42號,https://500times.udn.com/wtimes/story/123497/8143804
2024,2,1,宜蘭,一香飲食店麻醬麵,一香飲食店麻醬麵,https://500times.udn.com/wtimes/story/123497/8143804
2024,2,1,宜蘭,三星麵店,三星麵店,https://500times.udn.com/wtimes/story/123497/8143804
2024,2,1,宜蘭,冬山金珠蔥油餅(羅東店),冬山金珠蔥油餅,https://500times.udn.com/wtimes/story/123497/8143804
2024,2,1,宜蘭,北門蒜味肉羹,北門蒜味肉羹,https://500times.udn.com/wtimes/story/123497/8143804
2024,2,1,宜蘭,南陽香辣麵,南陽香辣麵,https://500times.udn.com/wtimes/story/123497/8143804
2024,2,1,宜蘭,大仁哥蔗香脆皮桶仔雞,大仁哥蔗香脆皮桶仔雞,https://500times.udn.com/wtimes/story/123497/8143804
2024,2,1,宜蘭,大麵章,大麵章,https://500times.udn.com/wtimes/story/123497/8143804
2024,2,1,宜蘭,姚雞庄,姚雞庄,https://500times.udn.com/wtimes/story/123497/8143804
2024,2,1,宜蘭,廣興做粿,廣興做粿,https://500times.udn.com/wtimes/story/123497/8143804
2024,2,1,宜蘭,張秀雄米苔目,張秀雄米苔目,https://500times.udn.com/wtimes/story/123497/8143804
2024,2,1,宜蘭,後埤小吃部,後埤小吃部,https://500times.udn.com/wtimes/story/123497/8143804
2024,2,1,宜蘭,復興路炸醬麵,復興路炸醬麵,https://500times.udn.com/wtimes/story/123497/8143804
2024,2,1,宜蘭,正好鮮肉小籠包(五結店),正好鮮肉小籠包,https://500times.udn.com/wtimes/story/123497/8143804
2024,2,1,宜蘭,永和豆漿(羅東),永和豆漿,https://500times.udn.com/wtimes/story/123497/8143804
2024,2,1,宜蘭,米玲坊雲南美食,米玲坊雲南美食,https://500times.udn.com/wtimes/story/123497/8143804
2024,2,1,宜蘭,阿琴春捲,阿琴春捲,https://500times.udn.com/wtimes/story/123497/8143804
2024,2,1,宜蘭,阿鳳嬤の草仔粿,阿鳳嬤の草仔粿,https://500times.udn.com/wtimes/story/123497/8143804
2024,2,1,宜蘭,香廚米粉羹,香廚米粉羹,https://500times.udn.com/wtimes/story/123497/8143804
2024,2,1,屏東,一碗豆腐,一碗豆腐,https://500times.udn.com/wtimes/story/123497/8143804
2024,2,1,屏東,光華鴨肉專賣店,光華鴨肉專賣店,https://500times.udn.com/wtimes/story/123497/8143804
2024,2,1,屏東,大社牛肉麵,大社牛肉麵,https://500times.udn.com/wtimes/story/123497/8143804
2024,2,1,屏東,廟口正老店50年老店,廟口正老店50年老店,https://500times.udn.com/wtimes/story/123497/8143804
2024,2,1,屏東,李家肉圓,李家肉圓,https://500times.udn.com/wtimes/story/123497/8143804
2024,2,1,屏東,東勢老麵店(東勢三兄弟粄條),東勢老麵店,https://500times.udn.com/wtimes/story/123497/8143804
2024,2,1,屏東,東港正宗肉丸,東港正宗肉丸,https://500times.udn.com/wtimes/story/123497/8143804
2024,2,1,屏東,東港肉包大王,東港肉包大王,https://500times.udn.com/wtimes/story/123497/8143804
2024,2,1,屏東,水底寮無名小吃店,水底寮無名小吃店,https://500times.udn.com/wtimes/story/123497/8143804
2024,2,1,屏東,永和豆漿大王,永和豆漿大王,https://500times.udn.com/wtimes/story/123497/8143804
2024,2,1,屏東,潮州徐豆花,潮州徐豆花,https://500times.udn.com/wtimes/story/123497/8143804
2024,2,1,屏東,珍味食堂,珍味食堂,https://500times.udn.com/wtimes/story/123497/8143804
2024,2,1,屏東,福記肉羹蒸餃,福記肉羹蒸餃,https://500times.udn.com/wtimes/story/123497/8143804
2024,2,1,屏東,福記餛飩,福記餛飩,https://500times.udn.com/wtimes/story/123497/8143804
2024,2,1,屏東,秋林牛乳大王,秋林牛乳大王,https://500times.udn.com/wtimes/story/123497/8143804
2024,2,1,屏東,第二市場東港肉粿,第二市場東港肉粿,https://500times.udn.com/wtimes/story/123497/8143804
2024,2,1,屏東,莉姆姆的歌,莉姆姆的歌,https://500times.udn.com/wtimes/story/123497/8143804
2024,2,1,屏東,葉家肉粿,葉家肉粿,https://500times.udn.com/wtimes/story/123497/8143804
2024,2,1,屏東,阿卿姐飯湯,阿卿姐飯湯,https://500times.udn.com/wtimes/story/123497/8143804
2024,2,1,屏東,阿英婆的客家廚房,阿英婆的客家廚房,https://500times.udn.com/wtimes/story/123497/8143804
2024,2,1,屏東,隆賓汕頭火鍋,隆賓汕頭火鍋,https://500times.udn.com/wtimes/story/123497/8143804
2024,2,1,彰化,二水國小炒麵(國小前麵),二水國小炒麵,https://500times.udn.com/wtimes/story/123497/8143804
2024,2,1,彰化,喬咖啡夢想屋,喬咖啡夢想屋,https://500times.udn.com/wtimes/story/123497/8143804
2024,2,1,彰化,小嶋家小卷麵線,小嶋家小卷麵線,https://500times.udn.com/wtimes/story/123497/8143804
2024,2,1,彰化,巧味珍肉包,巧味珍肉包,https://500times.udn.com/wtimes/story/123497/8143804
2024,2,1,彰化,彰化涼圓,彰化涼圓,https://500times.udn.com/wtimes/story/123497/8143804
2024,2,1,彰化,故鄉味臭豆腐,故鄉味臭豆腐,https://500times.udn.com/wtimes/story/123497/8143804
2024,2,1,彰化,杉行碗粿,杉行碗粿,https://500times.udn.com/wtimes/story/123497/8143804
2024,2,1,彰化,東華素食麵茶,東華素食麵茶,https://500times.udn.com/wtimes/story/123497/8143804
2024,2,1,彰化,林明堂素食麵,林明堂素食麵,https://500times.udn.com/wtimes/story/123497/8143804
2024,2,1,彰化,楊州肉圓芋丸,楊州肉圓芋丸,https://500times.udn.com/wtimes/story/123497/8143804
2024,2,1,彰化,福成素食,福成素食,https://500times.udn.com/wtimes/story/123497/8143804
2024,2,1,彰化,素珠芋丸,素珠芋丸,https://500times.udn.com/wtimes/story/123497/8143804
2024,2,1,彰化,老店朱爌肉飯,老店朱爌肉飯,https://500times.udn.com/wtimes/story/123497/8143804
2024,2,1,彰化,老担阿璋肉圓,老担阿璋肉圓,https://500times.udn.com/wtimes/story/123497/8143804
2024,2,1,彰化,蚵ㄚ仁,蚵ㄚ仁,https://500times.udn.com/wtimes/story/123497/8143804
2024,2,1,彰化,車路口肉羹,車路口肉羹,https://500times.udn.com/wtimes/story/123497/8143804
2024,2,1,彰化,阿源炸粿,阿源炸粿,https://500times.udn.com/wtimes/story/123497/8143804
2024,2,1,彰化,霞米苔目拉仔麵,霞米苔目拉仔麵,https://500times.udn.com/wtimes/story/123497/8143804
2024,2,1,彰化,香饌胡椒餅,香饌胡椒餅,https://500times.udn.com/wtimes/story/123497/8143804
2024,2,1,彰化,鹿港無名陽春麵,鹿港無名陽春麵,https://500times.udn.com/wtimes/story/123497/8143804
2024,2,1,彰化,龍山林碗粿,龍山林碗粿,https://500times.udn.com/wtimes/story/123497/8143804
2024,2,1,新北,三重橋頭麵線,三重橋頭麵線,https://500times.udn.com/wtimes/story/123497/8143804
2024,2,1,新北,三重老牌甜不辣專賣店,三重老牌甜不辣專賣店,https://500times.udn.com/wtimes/story/123497/8143804
2024,2,1,新北,北方牛肉麵,北方牛肉麵,https://500times.udn.com/wtimes/story/123497/8143804
2024,2,1,新北,半坪屋手工糯米腸,半坪屋手工糯米腸,https://500times.udn.com/wtimes/story/123497/8143804
2024,2,1,新北,南川麵館,南川麵館,https://500times.udn.com/wtimes/story/123497/8143804
2024,2,1,新北,太順油飯,太順油飯,https://500times.udn.com/wtimes/story/123497/8143804
2024,2,1,新北,官記純檸檬泰式涼拌木瓜,官記純檸檬泰式涼拌木瓜,https://500times.udn.com/wtimes/story/123497/8143804
2024,2,1,新北,家有璽事-排骨吐司,家有璽事排骨吐司,https://500times.udn.com/wtimes/story/123497/8143804
2024,2,1,新北,小貨車草地涼麵,小貨車草地涼麵,https://500times.udn.com/wtimes/story/123497/8143804
2024,2,1,新北,山東水餃王,山東水餃王,https://500times.udn.com/wtimes/story/123497/8143804
2024,2,1,新北,川味麵食,川味麵食,https://500times.udn.com/wtimes/story/123497/8143804
2024,2,1,新北,店小二魯肉飯,店小二滷肉飯,https://500times.udn.com/wtimes/story/123497/8143804
2024,2,1,新北,快樂QQ球,快樂qq球,https://500times.udn.com/wtimes/story/123497/8143804
2024,2,1,新北,我家餐廳,我家餐廳,https://500times.udn.com/wtimes/story/123497/8143804
2024,2,1,新北,新莊羊肉榮,新莊羊肉榮,https://500times.udn.com/wtimes/story/123497/8143804
2024,2,1,新北,方記臭豆腐,方記臭豆腐,https://500times.udn.com/wtimes/story/123497/8143804
2024,2,1,新北,朱記花枝羹,朱記花枝羹,https://500times.udn.com/wtimes/story/123497/8143804
2024,2,1,新北,柳家麻油雞,柳家麻油雞,https://500times.udn.com/wtimes/story/123497/8143804
2024,2,1,新北,淡水文化阿給,淡水文化阿給,https://500times.udn.com/wtimes/story/123497/8143804
2024,2,1,新北,無名刈包,無名刈包,https://500times.udn.com/wtimes/story/123497/8143804
2024,2,1,新北,王德福滷担,王德福滷担,https://500times.udn.com/wtimes/story/123497/8143804
2024,2,1,新北,老張牛肉麵,老張牛肉麵,https://500times.udn.com/wtimes/story/123497/8143804
2024,2,1,新北,蔡家牛肉麵,蔡家牛肉麵,https://500times.udn.com/wtimes/story/123497/8143804
2024,2,1,新北,賴岡山羊肉,賴岡山羊肉,https://500times.udn.com/wtimes/story/123497/8143804
2024,2,1,新北,高記生炒魷魚,高記生炒魷魚,https://500times.udn.com/wtimes/story/123497/8143804
2024,2,1,新竹,Bebu春嬌粄條,bebu春嬌粄條,https://500times.udn.com/wtimes/story/123497/8143804
2024,2,1,新竹,ㄤ咕麵,ㄤ咕麵,https://500times.udn.com/wtimes/story/123497/8143804
2024,2,1,新竹,一二三台灣料理,一二三臺灣料理,https://500times.udn.com/wtimes/story/123497/8143804
2024,2,1,新竹,一哥炊粉,一哥炊粉,https://500times.udn.com/wtimes/story/123497/8143804
2024,2,1,新竹,三廠炸醬麵,三廠炸醬麵,https://500times.udn.com/wtimes/story/123497/8143804
2024,2,1,新竹,中央市場糯米水餃,中央市場糯米水餃,https://500times.udn.com/wtimes/story/123497/8143804
2024,2,1,新竹,好所在客家美食館,好所在客家美食館,https://500times.udn.com/wtimes/story/123497/8143804
2024,2,1,新竹,延平大飯店,延平大飯店,https://500times.udn.com/wtimes/story/123497/8143804
2024,2,1,新竹,張記美食河南手工扯麵,張記美食河南手工扯麵,https://500times.udn.com/wtimes/story/123497/8143804
2024,2,1,新竹,新福飲食店,新福飲食店,https://500times.udn.com/wtimes/story/123497/8143804
2024,2,1,新竹,東風客家米食中心,東風客家米食中心,https://500times.udn.com/wtimes/story/123497/8143804
2024,2,1,新竹,林家冰店,林家冰店,https://500times.udn.com/wtimes/story/123497/8143804
2024,2,1,新竹,柳家肉燥飯,柳家肉燥飯,https://500times.udn.com/wtimes/story/123497/8143804
2024,2,1,新竹,欣園客家美食坊-客家菜包,欣園客家美食坊客家菜包,https://500times.udn.com/wtimes/story/123497/8143804
2024,2,1,新竹,源式仙草,源式仙草,https://500times.udn.com/wtimes/story/123497/8143804
2024,2,1,新竹,竹蓮肉圓,竹蓮肉圓,https://500times.udn.com/wtimes/story/123497/8143804
2024,2,1,新竹,葉大粒粉圓,葉大粒粉圓,https://500times.udn.com/wtimes/story/123497/8143804
2024,2,1,新竹,鄒記菜包,鄒記菜包,https://500times.udn.com/wtimes/story/123497/8143804
2024,2,1,新竹,鄭家祖傳特製雞蛋糕,鄭家祖傳特製雞蛋糕,https://500times.udn.com/wtimes/story/123497/8143804
2024,2,1,新竹,阿胖豆漿,阿胖豆漿,https://500times.udn.com/wtimes/story/123497/8143804
2024,2,1,新竹,鹿寮坑黃屋伙房,鹿寮坑黃屋伙房,https://500times.udn.com/wtimes/story/123497/8143804
2024,2,1,桃園,大香酥香雞排,大香酥香雞排,https://500times.udn.com/wtimes/story/123497/8143804
2024,2,1,桃園,好鮮屋米粉湯,好鮮屋米粉湯,https://500times.udn.com/wtimes/story/123497/8143804
2024,2,1,桃園,新明老牌牛肉麵,新明老牌牛肉麵,https://500times.udn.com/wtimes/story/123497/8143804
2024,2,1,桃園,林記水煎包,林記水煎包,https://500times.udn.com/wtimes/story/123497/8143804
2024,2,1,桃園,簡師傅麻辣臭豆腐,簡師傅麻辣臭豆腐,https://500times.udn.com/wtimes/story/123497/8143804
2024,2,1,桃園,虎堡王台灣漢堡店,虎堡王臺灣漢堡店,https://500times.udn.com/wtimes/story/123497/8143804
2024,2,1,澎湖,紫玉仙草,紫玉仙草,https://500times.udn.com/wtimes/story/123497/8143804
2024,2,1,花蓮,30年老店現撈螺肉,30年老店現撈螺肉,https://500times.udn.com/wtimes/story/123497/8143804
2024,2,1,花蓮,中一豆花,中一豆花,https://500times.udn.com/wtimes/story/123497/8143804
2024,2,1,花蓮,公正油飯,公正油飯,https://500times.udn.com/wtimes/story/123497/8143804
2024,2,1,花蓮,台南港口土魠魚羹,臺南港口土魠魚羹,https://500times.udn.com/wtimes/story/123497/8143804
2024,2,1,花蓮,周家蒸餃小籠包,周家蒸餃小籠包,https://500times.udn.com/wtimes/story/123497/8143804
2024,2,1,花蓮,大同蘭陽米粉羹,大同蘭陽米粉羹,https://500times.udn.com/wtimes/story/123497/8143804
2024,2,1,花蓮,大漢街早餐(本店),大漢街早餐,https://500times.udn.com/wtimes/story/123497/8143804
2024,2,1,花蓮,山東豆漿大王,山東豆漿大王,https://500times.udn.com/wtimes/story/123497/8143804
2024,2,1,花蓮,慶豐麵店,慶豐麵店,https://500times.udn.com/wtimes/story/123497/8143804
2024,2,1,花蓮,河南砂鍋手工扯麵,河南砂鍋手工扯麵,https://500times.udn.com/wtimes/story/123497/8143804
2024,2,1,花蓮,源寶屋咖哩麵包,源寶屋咖哩麵包,https://500times.udn.com/wtimes/story/123497/8143804
2024,2,1,花蓮,源香飲食店,源香飲食店,https://500times.udn.com/wtimes/story/123497/8143804
2024,2,1,花蓮,美好花生,美好花生,https://500times.udn.com/wtimes/story/123497/8143804
2024,2,1,花蓮,美琪烤玉米,美琪烤玉米,https://500times.udn.com/wtimes/story/123497/8143804
2024,2,1,花蓮,花蓮生鮮牛肉,花蓮生鮮牛肉,https://500times.udn.com/wtimes/story/123497/8143804
2024,2,1,花蓮,阿拉丁印度甩餅,阿拉丁印度甩餅,https://500times.udn.com/wtimes/story/123497/8143804
2024,2,1,苗栗,南苗三姊妹早餐,南苗三姊妹早餐,https://500times.udn.com/wtimes/story/123497/8143804
2024,2,1,苗栗,小木屋水晶餃,小木屋水晶餃,https://500times.udn.com/wtimes/story/123497/8143804
2024,2,1,苗栗,小食光麵堂,小食光麵堂,https://500times.udn.com/wtimes/story/123497/8143804
2024,2,1,苗栗,春田窯,春田窯,https://500times.udn.com/wtimes/story/123497/8143804
2024,2,1,苗栗,東棧水餃館,東棧水餃館,https://500times.udn.com/wtimes/story/123497/8143804
2024,2,1,苗栗,福樂麵店,福樂麵店,https://500times.udn.com/wtimes/story/123497/8143804
2024,2,1,苗栗,蒸烹派餐廳,蒸烹派餐廳,https://500times.udn.com/wtimes/story/123497/8143804
2024,2,1,苗栗,邀悅膳館,邀悅膳館,https://500times.udn.com/wtimes/story/123497/8143804
2024,2,1,苗栗,銅鑼蛋餅,銅鑼蛋餅,https://500times.udn.com/wtimes/story/123497/8143804
2024,2,1,苗栗,阿妹狗客家米食,阿妹狗客家米食,https://500times.udn.com/wtimes/story/123497/8143804
2024,2,1,苗栗,阿蘭姊小吃店,阿蘭姊小吃店,https://500times.udn.com/wtimes/story/123497/8143804
2024,2,1,苗栗,陳記台南碗粿,陳記臺南碗粿,https://500times.udn.com/wtimes/story/123497/8143804
2024,2,1,苗栗,香香意麵,香香意麵,https://500times.udn.com/wtimes/story/123497/8143804
2024,2,1,連江,天美軒,天美軒,https://500times.udn.com/wtimes/story/123497/8143804
2024,2,1,連江,馬港香林小館,馬港香林小館,https://500times.udn.com/wtimes/story/123497/8143804
2024,2,1,金門,新頭碰粿,新頭碰粿,https://500times.udn.com/wtimes/story/123497/8143804
2024,2,1,金門,永春廣東粥,永春廣東粥,https://500times.udn.com/wtimes/story/123497/8143804
2024,2,1,金門,蚵嗲之家,蚵嗲之家,https://500times.udn.com/wtimes/story/123497/8143804
2024,2,1,雲林,老街碗粿,老街碗粿,https://500times.udn.com/wtimes/story/123497/8143804
2024,2,1,雲林,虎尾美貞肉羹麵,虎尾美貞肉羹麵,https://500times.udn.com/wtimes/story/123497/8143804
2024,2,1,雲林,西螺黃家九層粿,西螺黃家九層粿,https://500times.udn.com/wtimes/story/123497/8143804
2024,2,1,雲林,阿賜豬腳,阿賜豬腳,https://500times.udn.com/wtimes/story/123497/8143804
2024,2,1,高雄,Lee's Second Chapter,leessecondchapter,https://500times.udn.com/wtimes/story/123497/8143804
2024,2,1,高雄,七賢鴨肉飯,七賢鴨肉飯,https://500times.udn.com/wtimes/story/123497/8143804
2024,2,1,高雄,仙女鮮魚湯,仙女鮮魚湯,https://500times.udn.com/wtimes/story/123497/8143804
2024,2,1,高雄,冬粉王,冬粉王,https://500times.udn.com/wtimes/story/123497/8143804
2024,2,1,高雄,北港蔡三代筒仔米糕,北港蔡三代筒仔米糕,https://500times.udn.com/wtimes/story/123497/8143804
2024,2,1,高雄,台南旺海鮮料理餐廳,臺南旺海鮮料理餐廳,https://500times.udn.com/wtimes/story/123497/8143804
2024,2,1,高雄,名家汕頭沙茶火鍋,名家汕頭沙茶火鍋,https://500times.udn.com/wtimes/story/123497/8143804
2024,2,1,高雄,君腿庫飯,君腿庫飯,https://500times.udn.com/wtimes/story/123497/8143804
2024,2,1,高雄,嘉鄉味鄧家特製粉圓冰,嘉鄉味鄧家特製粉圓冰,https://500times.udn.com/wtimes/story/123497/8143804
2024,2,1,高雄,國民市場阿蘭雞肉,國民市場阿蘭雞肉,https://500times.udn.com/wtimes/story/123497/8143804
2024,2,1,高雄,大溝頂虱目魚米粉湯,大溝頂虱目魚米粉湯,https://500times.udn.com/wtimes/story/123497/8143804
2024,2,1,高雄,大胖豬油拌麵,大胖豬油拌麵,https://500times.udn.com/wtimes/story/123497/8143804
2024,2,1,高雄,小暫渡,小暫渡,https://500times.udn.com/wtimes/story/123497/8143804
2024,2,1,高雄,小林雞肉飯,小林雞肉飯,https://500times.udn.com/wtimes/story/123497/8143804
2024,2,1,高雄,尤媽媽肉圓燒賣碗粿,尤媽媽肉圓燒賣碗粿,https://500times.udn.com/wtimes/story/123497/8143804
2024,2,1,高雄,廟口番茄切盤,廟口番茄切盤,https://500times.udn.com/wtimes/story/123497/8143804
2024,2,1,高雄,橋邊鵝肉店,橋邊鵝肉店,https://500times.udn.com/wtimes/story/123497/8143804
2024,2,1,高雄,正牌白糖粿,正牌白糖粿,https://500times.udn.com/wtimes/story/123497/8143804
2024,2,1,高雄,武廟市場古早味臭豆腐,武廟市場古早味臭豆腐,https://500times.udn.com/wtimes/story/123497/8143804
2024,2,1,高雄,毒家口味,毒家口味,https://500times.udn.com/wtimes/story/123497/8143804
2024,2,1,高雄,江西傳藝風味外省麵,江西傳藝風味外省麵,https://500times.udn.com/wtimes/story/123497/8143804
2024,2,1,高雄,無名燒烤(阿男燒烤),無名燒烤,https://500times.udn.com/wtimes/story/123497/8143804
2024,2,1,高雄,純榮西點麵包,純榮西點麵包,https://500times.udn.com/wtimes/story/123497/8143804
2024,2,1,高雄,美濃市場-花生豆腐,美濃市場花生豆腐,https://500times.udn.com/wtimes/story/123497/8143804
2024,2,1,高雄,美香餛飩麵,美香餛飩麵,https://500times.udn.com/wtimes/story/123497/8143804
2024,2,1,高雄,老二腿庫飯,老二腿庫飯,https://500times.udn.com/wtimes/story/123497/8143804
2024,2,1,高雄,老店柏弘肉燥,老店柏弘肉燥,https://500times.udn.com/wtimes/story/123497/8143804
2024,2,1,高雄,老莊豆漿店,老莊豆漿店,https://500times.udn.com/wtimes/story/123497/8143804
2024,2,1,高雄,肉粽泰Tai,肉粽泰tai,https://500times.udn.com/wtimes/story/123497/8143804
2024,2,1,高雄,蔡台南肉粽,蔡臺南肉粽,https://500times.udn.com/wtimes/story/123497/8143804
2024,2,1,高雄,藍世界啤酒屋,藍世界啤酒屋,https://500times.udn.com/wtimes/story/123497/8143804
2024,2,1,高雄,豫湘美食,豫湘美食,https://500times.udn.com/wtimes/story/123497/8143804
2024,2,1,高雄,阿忠虱目魚粗米粉,阿忠虱目魚粗米粉,https://500times.udn.com/wtimes/story/123497/8143804
2024,2,1,高雄,阿財雞絲麵,阿財雞絲麵,https://500times.udn.com/wtimes/story/123497/8143804
2024,2,1,高雄,阿進切仔麵,阿進切仔麵,https://500times.udn.com/wtimes/story/123497/8143804
2024,2,1,高雄,鮪魚海產粥(四維路vs福建街),鮪魚海產粥,https://500times.udn.com/wtimes/story/123497/8143804
2024,2,1,高雄,鴨肉和,鴨肉和,https://500times.udn.com/wtimes/story/123497/8143804
2024,2,1,高雄,鴨肉本,鴨肉本,https://500times.udn.com/wtimes/story/123497/8143804
2023,1,7,彰化,泉焢肉飯,泉焢肉飯,https://500times.udn.com/wtimes/story/123497/7206408
2023,1,5,台南,無名羊肉湯-大菜市,無名羊肉湯大菜市,https://500times.udn.com/wtimes/story/123497/7206408
2023,1,4,屏東,葉家肉粿,葉家肉粿,https://500times.udn.com/wtimes/story/123497/7206408
2023,1,3,台北,涼州街無名涼麵,涼州街無名涼麵,https://500times.udn.com/wtimes/story/123497/7206408
2023,1,3,台北,賣麵炎仔,賣麵炎仔,https://500times.udn.com/wtimes/story/123497/7206408
2023,1,3,台南,阿松割包,阿松割包,https://500times.udn.com/wtimes/story/123497/7206408
2023,1,3,彰化,北門口肉圓,北門口肉圓,https://500times.udn.com/wtimes/story/123497/7206408
2023,1,2,台北,中原福州乾麵,中原福州乾麵,https://500times.udn.com/wtimes/story/123497/7206408
2023,1,2,台北,佳興魚丸店,佳興魚丸店,https://500times.udn.com/wtimes/story/123497/7206408
2023,1,2,台北,原西園橋下燒餅油條,原西園橋下燒餅油條,https://500times.udn.com/wtimes/story/123497/7206408
2023,1,2,台北,大稻埕米粉湯,大稻埕米粉湯,https://500times.udn.com/wtimes/story/123497/7206408
2023,1,2,台北,意麵王,意麵王,https://500times.udn.com/wtimes/story/123497/7206408
2023,1,2,台北,戴記獨臭之家臭豆腐專賣店,戴記獨臭之家臭豆腐專賣店,https://500times.udn.com/wtimes/story/123497/7206408
2023,1,2,台北,林家乾麵,林家乾麵,https://500times.udn.com/wtimes/story/123497/7206408
2023,1,2,台北,柳家涼麵,柳家涼麵,https://500times.udn.com/wtimes/story/123497/7206408
2023,1,2,台北,正老牌魷魚平,正老牌魷魚平,https://500times.udn.com/wtimes/story/123497/7206408
2023,1,2,台北,溫州街蘿蔔絲餅達人,溫州街蘿蔔絲餅達人,https://500times.udn.com/wtimes/story/123497/7206408
2023,1,2,台北,阿角紅燒肉 劉美麗,阿角紅燒肉劉美麗,https://500times.udn.com/wtimes/story/123497/7206408
2023,1,2,台北,香滿園,香滿園,https://500times.udn.com/wtimes/story/123497/7206408
2023,1,2,台北,鵝肉擔,鵝肉擔,https://500times.udn.com/wtimes/story/123497/7206408
2023,1,2,台北,鼎泰豐,鼎泰豐,https://500times.udn.com/wtimes/story/123497/7206408
2023,1,2,台南,祿記包子,祿記包子,https://500times.udn.com/wtimes/story/123497/7206408
2023,1,2,台南,開元路無名虱目魚‧肉燥飯,開元路無名虱目魚肉燥飯,https://500times.udn.com/wtimes/story/123497/7206408
2023,1,2,台東,卡滋爾鬼頭刀特色美食,卡滋爾鬼頭刀特色美食,https://500times.udn.com/wtimes/story/123497/7206408
2023,1,2,台東,早點大王,早點大王,https://500times.udn.com/wtimes/story/123497/7206408
2023,1,2,嘉義,王家祖傳本產牛雜湯,王家祖傳本產牛雜湯,https://500times.udn.com/wtimes/story/123497/7206408
2023,1,2,嘉義,阿溪火雞肉飯,阿溪火雞肉飯,https://500times.udn.com/wtimes/story/123497/7206408
2023,1,2,基隆,三角窗麵擔,三角窗麵擔,https://500times.udn.com/wtimes/story/123497/7206408
2023,1,2,基隆,周家蔥油餅,周家蔥油餅,https://500times.udn.com/wtimes/story/123497/7206408
2023,1,2,基隆,素志久碳烤三明治,素志久碳烤三明治,https://500times.udn.com/wtimes/story/123497/7206408
2023,1,2,基隆,阿華炒麵,阿華炒麵,https://500times.udn.com/wtimes/story/123497/7206408
2023,1,2,基隆,魯肉飯專家,滷肉飯專家,https://500times.udn.com/wtimes/story/123497/7206408
2023,1,2,宜蘭,四海居小吃部,四海居小吃部,https://500times.udn.com/wtimes/story/123497/7206408
2023,1,2,宜蘭,柯氏蔥油餅,柯氏蔥油餅,https://500times.udn.com/wtimes/story/123497/7206408
2023,1,2,彰化,彰化涼圓,彰化涼圓,https://500times.udn.com/wtimes/story/123497/7206408
2023,1,2,彰化,杉行碗粿,杉行碗粿,https://500times.udn.com/wtimes/story/123497/7206408
2023,1,2,彰化,福成素食,福成素食,https://500times.udn.com/wtimes/story/123497/7206408
2023,1,2,彰化,素珠芋丸,素珠芋丸,https://500times.udn.com/wtimes/story/123497/7206408
2023,1,2,新北,無名割包,無名割包,https://500times.udn.com/wtimes/story/123497/7206408
2023,1,2,新北,餓店蒸氣吐司,餓店蒸氣吐司,https://500times.udn.com/wtimes/story/123497/7206408
2023,1,2,金門,壽記粥糜,壽記粥糜,https://500times.udn.com/wtimes/story/123497/7206408
2023,1,2,高雄,港園牛肉麵,港園牛肉麵,https://500times.udn.com/wtimes/story/123497/7206408
2023,1,2,高雄,老二腿庫飯,老二腿庫飯,https://500times.udn.com/wtimes/story/123497/7206408
2023,1,2,高雄,阿財雞絲麵,阿財雞絲麵,https://500times.udn.com/wtimes/story/123497/7206408
2023,1,2,高雄,鴨肉和,鴨肉和,https://500times.udn.com/wtimes/story/123497/7206408
2023,1,1,南投,榕樹下扣仔嗲,榕樹下扣仔嗲,https://500times.udn.com/wtimes/story/123497/7206408
2023,1,1,南投,百年廟口肉圓,百年廟口肉圓,https://500times.udn.com/wtimes/story/123497/7206408
2023,1,1,台中,CITY MILK 城市奶冰樂 台中中華店,citymilk城市奶冰樂臺中中華店,https://500times.udn.com/wtimes/story/123497/7206408
2023,1,1,台中,三時茶房,三時茶房,https://500times.udn.com/wtimes/story/123497/7206408
2023,1,1,台中,五市肉包,五市肉包,https://500times.udn.com/wtimes/story/123497/7206408
2023,1,1,台中,大智路蕭爌肉飯,大智路蕭爌肉飯,https://500times.udn.com/wtimes/story/123497/7206408
2023,1,1,台中,嵐肉燥專賣店,嵐肉燥專賣店,https://500times.udn.com/wtimes/story/123497/7206408
2023,1,1,台中,廟東清水排骨麵,廟東清水排骨麵,https://500times.udn.com/wtimes/story/123497/7206408
2023,1,1,台中,旱溪觀光夜市酥皮春捲,旱溪觀光夜市酥皮春捲,https://500times.udn.com/wtimes/story/123497/7206408
2023,1,1,台中,李海魯肉飯,李海滷肉飯,https://500times.udn.com/wtimes/story/123497/7206408
2023,1,1,台中,李海魯肉飯（原子店）,李海滷肉飯,https://500times.udn.com/wtimes/story/123497/7206408
2023,1,1,台中,東沐。食在,東沐食在,https://500times.udn.com/wtimes/story/123497/7206408
2023,1,1,台中,松葉壽司,松葉壽司,https://500times.udn.com/wtimes/story/123497/7206408
2023,1,1,台中,烘牛炭燒大牛排,烘牛炭燒大牛排,https://500times.udn.com/wtimes/story/123497/7206408
2023,1,1,台中,珍品小吃 米粉/芋頭,珍品小吃米粉芋頭,https://500times.udn.com/wtimes/story/123497/7206408
2023,1,1,台中,翁記泡沫廣場,翁記泡沫廣場,https://500times.udn.com/wtimes/story/123497/7206408
2023,1,1,台中,老士官擀麵店,老士官擀麵店,https://500times.udn.com/wtimes/story/123497/7206408
2023,1,1,台中,鹿行艸地,鹿行艸地,https://500times.udn.com/wtimes/story/123497/7206408
2023,1,1,台北,3元6虱目魚,3元6虱目魚,https://500times.udn.com/wtimes/story/123497/7206408
2023,1,1,台北,96巷麵店,96巷麵店,https://500times.udn.com/wtimes/story/123497/7206408
2023,1,1,台北,DOUBLE V,doublev,https://500times.udn.com/wtimes/story/123497/7206408
2023,1,1,台北,七條通蕭家魚湯,七條通蕭家魚湯,https://500times.udn.com/wtimes/story/123497/7206408
2023,1,1,台北,三元號魯肉飯,三元號滷肉飯,https://500times.udn.com/wtimes/story/123497/7206408
2023,1,1,台北,上海老天祿滷味糕餅店,上海老天祿滷味糕餅店,https://500times.udn.com/wtimes/story/123497/7206408
2023,1,1,台北,中記綜合焿,中記綜合羹,https://500times.udn.com/wtimes/story/123497/7206408
2023,1,1,台北,五湖豆漿,五湖豆漿,https://500times.udn.com/wtimes/story/123497/7206408
2023,1,1,台北,京鼎小館,京鼎小館,https://500times.udn.com/wtimes/story/123497/7206408
2023,1,1,台北,企鵝文肉羹店,企鵝文肉羹店,https://500times.udn.com/wtimes/story/123497/7206408
2023,1,1,台北,何家排骨酥,何家排骨酥,https://500times.udn.com/wtimes/story/123497/7206408
2023,1,1,台北,來來水餃店,來來水餃店,https://500times.udn.com/wtimes/story/123497/7206408
2023,1,1,台北,信遠齋 燻雞·滷味,信遠齋燻雞滷味,https://500times.udn.com/wtimes/story/123497/7206408
2023,1,1,台北,儂安益麵館,儂安益麵館,https://500times.udn.com/wtimes/story/123497/7206408
2023,1,1,台北,光輝肉羹,光輝肉羹,https://500times.udn.com/wtimes/story/123497/7206408
2023,1,1,台北,六條家庭小吃,六條家庭小吃,https://500times.udn.com/wtimes/story/123497/7206408
2023,1,1,台北,劉記傳統美食,劉記傳統美食,https://500times.udn.com/wtimes/story/123497/7206408
2023,1,1,台北,劍潭肉圓王,劍潭肉圓王,https://500times.udn.com/wtimes/story/123497/7206408
2023,1,1,台北,北投市場小籠包,北投市場小籠包,https://500times.udn.com/wtimes/story/123497/7206408
2023,1,1,台北,南京七里香,南京七里香,https://500times.udn.com/wtimes/story/123497/7206408
2023,1,1,台北,南港老張燒餅店,南港老張燒餅店,https://500times.udn.com/wtimes/story/123497/7206408
2023,1,1,台北,及第豆漿,及第豆漿,https://500times.udn.com/wtimes/story/123497/7206408
2023,1,1,台北,古月芝麻蔥油餅,古月芝麻蔥油餅,https://500times.udn.com/wtimes/story/123497/7206408
2023,1,1,台北,史記正宗牛肉麵,史記正宗牛肉麵,https://500times.udn.com/wtimes/story/123497/7206408
2023,1,1,台北,司機俱樂部,司機俱樂部,https://500times.udn.com/wtimes/story/123497/7206408
2023,1,1,台北,吉峰香菇魯肉飯,吉峰香菇滷肉飯,https://500times.udn.com/wtimes/story/123497/7206408
2023,1,1,台北,吳留手串燒居酒屋 本店,吳留手串燒居酒屋本店,https://500times.udn.com/wtimes/story/123497/7206408
2023,1,1,台北,周記肉粥店,周記肉粥店,https://500times.udn.com/wtimes/story/123497/7206408
2023,1,1,台北,味鼎,味鼎,https://500times.udn.com/wtimes/story/123497/7206408
2023,1,1,台北,品都串燒攤 延吉,品都串燒攤延吉,https://500times.udn.com/wtimes/story/123497/7206408
2023,1,1,台北,喜多士早餐店,喜多士早餐店,https://500times.udn.com/wtimes/story/123497/7206408
2023,1,1,台北,圓環邊蚵仔煎,圓環邊蚵仔煎,https://500times.udn.com/wtimes/story/123497/7206408
2023,1,1,台北,圓環魯肉飯,圓環滷肉飯,https://500times.udn.com/wtimes/story/123497/7206408
2023,1,1,台北,大三元豆漿店,大三元豆漿店,https://500times.udn.com/wtimes/story/123497/7206408
2023,1,1,台北,大塊牛排 - 士林店,大塊牛排士林店,https://500times.udn.com/wtimes/story/123497/7206408
2023,1,1,台北,大稻埕保安街雞卷,大稻埕保安街雞卷,https://500times.udn.com/wtimes/story/123497/7206408
2023,1,1,台北,大龍峒川記魷魚羹,大龍峒川記魷魚羹,https://500times.udn.com/wtimes/story/123497/7206408
2023,1,1,台北,大龍峒肉羹-米粉湯,大龍峒肉羹米粉湯,https://500times.udn.com/wtimes/story/123497/7206408
2023,1,1,台北,大龍街香菇肉粥,大龍街香菇肉粥,https://500times.udn.com/wtimes/story/123497/7206408
2023,1,1,台北,好好味港式菠蘿包,好好味港式菠蘿包,https://500times.udn.com/wtimes/story/123497/7206408
2023,1,1,台北,好雞匯鹹水雞(公館旗艦店),好雞匯鹹水雞,https://500times.udn.com/wtimes/story/123497/7206408
2023,1,1,台北,娥嬤炖鰻,娥嬤炖鰻,https://500times.udn.com/wtimes/story/123497/7206408
2023,1,1,台北,家鄉味水餃,家鄉味水餃,https://500times.udn.com/wtimes/story/123497/7206408
2023,1,1,台北,小勇士德州炸雞,小勇士德州炸雞,https://500times.udn.com/wtimes/story/123497/7206408
2023,1,1,台北,小明拔絲地瓜,小明拔絲地瓜,https://500times.udn.com/wtimes/story/123497/7206408
2023,1,1,台北,小春園滷味,小春園滷味,https://500times.udn.com/wtimes/story/123497/7206408
2023,1,1,台北,小王煮瓜,小王煮瓜,https://500times.udn.com/wtimes/story/123497/7206408
2023,1,1,台北,巷仔內米粉湯,巷仔內米粉湯,https://500times.udn.com/wtimes/story/123497/7206408
2023,1,1,台北,師大分部臭豆腐,師大分部臭豆腐,https://500times.udn.com/wtimes/story/123497/7206408
2023,1,1,台北,康記老麵包子專賣店,康記老麵包子專賣店,https://500times.udn.com/wtimes/story/123497/7206408
2023,1,1,台北,廖家牛肉麵,廖家牛肉麵,https://500times.udn.com/wtimes/story/123497/7206408
2023,1,1,台北,廣州街夜市脆皮蚵仔煎,廣州街夜市脆皮蚵仔煎,https://500times.udn.com/wtimes/story/123497/7206408
2023,1,1,台北,志明牛肉麵 錦州店,志明牛肉麵錦州店,https://500times.udn.com/wtimes/story/123497/7206408
2023,1,1,台北,成功米粉湯,成功米粉湯,https://500times.udn.com/wtimes/story/123497/7206408
2023,1,1,台北,戴記福建涼麵,戴記福建涼麵,https://500times.udn.com/wtimes/story/123497/7206408
2023,1,1,台北,指有雞飯 CHICKEN RICE ONLY,指有雞飯chickenriceonly,https://500times.udn.com/wtimes/story/123497/7206408
2023,1,1,台北,施家麻油腰花,施家麻油腰花,https://500times.udn.com/wtimes/story/123497/7206408
2023,1,1,台北,景美上海生煎包,景美上海生煎包,https://500times.udn.com/wtimes/story/123497/7206408
2023,1,1,台北,曉迪筒仔米糕,曉迪筒仔米糕,https://500times.udn.com/wtimes/story/123497/7206408
2023,1,1,台北,桂姐臭豆腐,桂姐臭豆腐,https://500times.udn.com/wtimes/story/123497/7206408
2023,1,1,台北,梁記嘉義雞肉飯,梁記嘉義雞肉飯,https://500times.udn.com/wtimes/story/123497/7206408
2023,1,1,台北,梅滿美食,梅滿美食,https://500times.udn.com/wtimes/story/123497/7206408
2023,1,1,台北,楊家手工水餃,楊家手工水餃,https://500times.udn.com/wtimes/story/123497/7206408
2023,1,1,台北,榮星小吃,榮星小吃,https://500times.udn.com/wtimes/story/123497/7206408
2023,1,1,台北,樺林乾麵,樺林乾麵,https://500times.udn.com/wtimes/story/123497/7206408
2023,1,1,台北,歐買尬豬霸王豬腳飯專賣店,歐買尬豬霸王豬腳飯專賣店,https://500times.udn.com/wtimes/story/123497/7206408
2023,1,1,台北,武昌排骨大王,武昌排骨大王,https://500times.udn.com/wtimes/story/123497/7206408
2023,1,1,台北,民樂旗魚米粉,民樂旗魚米粉,https://500times.udn.com/wtimes/story/123497/7206408
2023,1,1,台北,永康牛肉麵,永康牛肉麵,https://500times.udn.com/wtimes/story/123497/7206408
2023,1,1,台北,汕頭牛肉麵,汕頭牛肉麵,https://500times.udn.com/wtimes/story/123497/7206408
2023,1,1,台北,江家牛肉麵永和豆漿(天母店),江家牛肉麵永和豆漿,https://500times.udn.com/wtimes/story/123497/7206408
2023,1,1,台北,江浙秀蘭小館,江浙秀蘭小館,https://500times.udn.com/wtimes/story/123497/7206408
2023,1,1,台北,江蘇菜盒店,江蘇菜盒店,https://500times.udn.com/wtimes/story/123497/7206408
2023,1,1,台北,清泉號香菇粥蚵仔煎,清泉號香菇粥蚵仔煎,https://500times.udn.com/wtimes/story/123497/7206408
2023,1,1,台北,源芳刈包,源芳刈包,https://500times.udn.com/wtimes/story/123497/7206408
2023,1,1,台北,無名豬血糕,無名豬血糕,https://500times.udn.com/wtimes/story/123497/7206408
2023,1,1,台北,玉林雞腿大王,玉林雞腿大王,https://500times.udn.com/wtimes/story/123497/7206408
2023,1,1,台北,王記排骨酥湯,王記排骨酥湯,https://500times.udn.com/wtimes/story/123497/7206408
2023,1,1,台北,珠記大橋頭油飯,珠記大橋頭油飯,https://500times.udn.com/wtimes/story/123497/7206408
2023,1,1,台北,直立式炭烤玉米（饒河夜市）,直立式炭烤玉米,https://500times.udn.com/wtimes/story/123497/7206408
2023,1,1,台北,石牌 台南滷三塊 五花肉飯,石牌臺南滷三塊五花肉飯,https://500times.udn.com/wtimes/story/123497/7206408
2023,1,1,台北,石牌無名手工蛋餅,石牌無名手工蛋餅,https://500times.udn.com/wtimes/story/123497/7206408
2023,1,1,台北,社子市場蒸餃,社子市場蒸餃,https://500times.udn.com/wtimes/story/123497/7206408
2023,1,1,台北,福の涼麵,福の涼麵,https://500times.udn.com/wtimes/story/123497/7206408
2023,1,1,台北,福元胡椒餅,福元胡椒餅,https://500times.udn.com/wtimes/story/123497/7206408
2023,1,1,台北,福州世祖胡椒餅,福州世祖胡椒餅,https://500times.udn.com/wtimes/story/123497/7206408
2023,1,1,台北,福德涼麵,福德涼麵,https://500times.udn.com/wtimes/story/123497/7206408
2023,1,1,台北,秋雲潤餅,秋雲潤餅,https://500times.udn.com/wtimes/story/123497/7206408
2023,1,1,台北,紅花麻辣鹽水雞-通化店,紅花麻辣鹽水雞通化店,https://500times.udn.com/wtimes/story/123497/7206408
2023,1,1,台北,紅麵線,紅麵線,https://500times.udn.com/wtimes/story/123497/7206408
2023,1,1,台北,緯大雞排,緯大雞排,https://500times.udn.com/wtimes/story/123497/7206408
2023,1,1,台北,羅媽媽米粉湯,羅媽媽米粉湯,https://500times.udn.com/wtimes/story/123497/7206408
2023,1,1,台北,老上海生煎,老上海生煎,https://500times.udn.com/wtimes/story/123497/7206408
2023,1,1,台北,老牛牛肉肉燥飯,老牛牛肉肉燥飯,https://500times.udn.com/wtimes/story/123497/7206408
2023,1,1,台北,老蔡水煎包復興店,老蔡水煎包復興店,https://500times.udn.com/wtimes/story/123497/7206408
2023,1,1,台北,老車滷味,老車滷味,https://500times.udn.com/wtimes/story/123497/7206408
2023,1,1,台北,老麵店,老麵店,https://500times.udn.com/wtimes/story/123497/7206408
2023,1,1,台北,胖老闆誠意肉粥,胖老闆誠意肉粥,https://500times.udn.com/wtimes/story/123497/7206408
2023,1,1,台北,興安魷魚嘴羹,興安魷魚嘴羹,https://500times.udn.com/wtimes/story/123497/7206408
2023,1,1,台北,興隆涼麵,興隆涼麵,https://500times.udn.com/wtimes/story/123497/7206408
2023,1,1,台北,華亭豬腳麵,華亭豬腳麵,https://500times.udn.com/wtimes/story/123497/7206408
2023,1,1,台北,華榮市場口甜不辣,華榮市場口甜不辣,https://500times.udn.com/wtimes/story/123497/7206408
2023,1,1,台北,葉家肉粥,葉家肉粥,https://500times.udn.com/wtimes/story/123497/7206408
2023,1,1,台北,蔡萬興老店,蔡萬興老店,https://500times.udn.com/wtimes/story/123497/7206408
2023,1,1,台北,藍家割包,藍家割包,https://500times.udn.com/wtimes/story/123497/7206408
2023,1,1,台北,蘇杭點心店,蘇杭點心店,https://500times.udn.com/wtimes/story/123497/7206408
2023,1,1,台北,許記,許記,https://500times.udn.com/wtimes/story/123497/7206408
2023,1,1,台北,許記生煎包,許記生煎包,https://500times.udn.com/wtimes/story/123497/7206408
2023,1,1,台北,豐年公園口大腸麵線,豐年公園口大腸麵線,https://500times.udn.com/wtimes/story/123497/7206408
2023,1,1,台北,豪季水餃專賣店,豪季水餃專賣店,https://500times.udn.com/wtimes/story/123497/7206408
2023,1,1,台北,賴雞蛋蚵仔煎,賴雞蛋蚵仔煎,https://500times.udn.com/wtimes/story/123497/7206408
2023,1,1,台北,賽門鄧普拉 興安店,賽門鄧普拉興安店,https://500times.udn.com/wtimes/story/123497/7206408
2023,1,1,台北,金仙蝦捲,金仙蝦捲,https://500times.udn.com/wtimes/story/123497/7206408
2023,1,1,台北,金峰魯肉飯,金峰滷肉飯,https://500times.udn.com/wtimes/story/123497/7206408
2023,1,1,台北,阜杭豆漿,阜杭豆漿,https://500times.udn.com/wtimes/story/123497/7206408
2023,1,1,台北,阿宏烏骨雞,阿宏烏骨雞,https://500times.udn.com/wtimes/story/123497/7206408
2023,1,1,台北,阿桂姨原汁排骨湯,阿桂姨原汁排骨湯,https://500times.udn.com/wtimes/story/123497/7206408
2023,1,1,台北,阿桃油飯,阿桃油飯,https://500times.udn.com/wtimes/story/123497/7206408
2023,1,1,台北,阿桐阿寶四神湯,阿桐阿寶四神湯,https://500times.udn.com/wtimes/story/123497/7206408
2023,1,1,台北,阿爽快炒,阿爽快炒,https://500times.udn.com/wtimes/story/123497/7206408
2023,1,1,台北,阿財鍋貼餃子專賣店,阿財鍋貼餃子專賣店,https://500times.udn.com/wtimes/story/123497/7206408
2023,1,1,台北,雙連文記花枝羹,雙連文記花枝羹,https://500times.udn.com/wtimes/story/123497/7206408
2023,1,1,台北,馬友友印度廚房,馬友友印度廚房,https://500times.udn.com/wtimes/story/123497/7206408
2023,1,1,台北,黃大腸煎,黃大腸煎,https://500times.udn.com/wtimes/story/123497/7206408
2023,1,1,台北,黃記魯肉飯,黃記滷肉飯,https://500times.udn.com/wtimes/story/123497/7206408
2023,1,1,台北,黃金麵線,黃金麵線,https://500times.udn.com/wtimes/story/123497/7206408
2023,1,1,台北,黑狗兄米粉湯,黑狗兄米粉湯,https://500times.udn.com/wtimes/story/123497/7206408
2023,1,1,台北,黑美林,黑美林,https://500times.udn.com/wtimes/story/123497/7206408
2023,1,1,台北,黑點雞肉食堂,黑點雞肉食堂,https://500times.udn.com/wtimes/story/123497/7206408
2023,1,1,台北,龍泉市場無名麵攤,龍泉市場無名麵攤,https://500times.udn.com/wtimes/story/123497/7206408
2023,1,1,台北,龍門客棧餃子館（林森店）,龍門客棧餃子館,https://500times.udn.com/wtimes/story/123497/7206408
2023,1,1,台南,仁德肉粿,仁德肉粿,https://500times.udn.com/wtimes/story/123497/7206408
2023,1,1,台南,保安路米糕,保安路米糕,https://500times.udn.com/wtimes/story/123497/7206408
2023,1,1,台南,克林台包,克林臺包,https://500times.udn.com/wtimes/story/123497/7206408
2023,1,1,台南,冰鄉,冰鄉,https://500times.udn.com/wtimes/story/123497/7206408
2023,1,1,台南,劉家楊桃湯,劉家楊桃湯,https://500times.udn.com/wtimes/story/123497/7206408
2023,1,1,台南,友誠蝦仁肉圓,友誠蝦仁肉圓,https://500times.udn.com/wtimes/story/123497/7206408
2023,1,1,台南,土城海產店,土城海產店,https://500times.udn.com/wtimes/story/123497/7206408
2023,1,1,台南,城邊真味鱔魚意麵,城邊真味鱔魚意麵,https://500times.udn.com/wtimes/story/123497/7206408
2023,1,1,台南,太郎中華拉麵 純素,太郎中華拉麵純素,https://500times.udn.com/wtimes/story/123497/7206408
2023,1,1,台南,山記魚仔湯,山記魚仔湯,https://500times.udn.com/wtimes/story/123497/7206408
2023,1,1,台南,山里愛玉冰,山里愛玉冰,https://500times.udn.com/wtimes/story/123497/7206408
2023,1,1,台南,店仔口美食廣場白河草魚粥,店仔口美食廣場白河草魚粥,https://500times.udn.com/wtimes/story/123497/7206408
2023,1,1,台南,府城黃家蝦捲,府城黃家蝦捲,https://500times.udn.com/wtimes/story/123497/7206408
2023,1,1,台南,廟口清燉牛肉湯,廟口清燉牛肉湯,https://500times.udn.com/wtimes/story/123497/7206408
2023,1,1,台南,恭仔肉燥意麵,恭仔肉燥意麵,https://500times.udn.com/wtimes/story/123497/7206408
2023,1,1,台南,東菜市口,東菜市口,https://500times.udn.com/wtimes/story/123497/7206408
2023,1,1,台南,東菜市祥哥素食,東菜市祥哥素食,https://500times.udn.com/wtimes/story/123497/7206408
2023,1,1,台南,林家豆乳雞,林家豆乳雞,https://500times.udn.com/wtimes/story/123497/7206408
2023,1,1,台南,樑記正老店牛肉湯,樑記正老店牛肉湯,https://500times.udn.com/wtimes/story/123497/7206408
2023,1,1,台南,水仙宮三兄弟魚湯店,水仙宮三兄弟魚湯店,https://500times.udn.com/wtimes/story/123497/7206408
2023,1,1,台南,永記虱目魚丸,永記虱目魚丸,https://500times.udn.com/wtimes/story/123497/7206408
2023,1,1,台南,永通虱目魚粥,永通虱目魚粥,https://500times.udn.com/wtimes/story/123497/7206408
2023,1,1,台南,江水號,江水號,https://500times.udn.com/wtimes/story/123497/7206408
2023,1,1,台南,泉成點心店,泉成點心店,https://500times.udn.com/wtimes/story/123497/7206408
2023,1,1,台南,清子香腸熟肉,清子香腸熟肉,https://500times.udn.com/wtimes/story/123497/7206408
2023,1,1,台南,王氏魚皮,王氏魚皮,https://500times.udn.com/wtimes/story/123497/7206408
2023,1,1,台南,瑞玲外省仔麵,瑞玲外省仔麵,https://500times.udn.com/wtimes/story/123497/7206408
2023,1,1,台南,石精臼蚵仔煎,石精臼蚵仔煎,https://500times.udn.com/wtimes/story/123497/7206408
2023,1,1,台南,福昇小食,福昇小食,https://500times.udn.com/wtimes/story/123497/7206408
2023,1,1,台南,福泰飯桌,福泰飯桌,https://500times.udn.com/wtimes/story/123497/7206408
2023,1,1,台南,福生小食店,福生小食店,https://500times.udn.com/wtimes/story/123497/7206408
2023,1,1,台南,竹海產,竹海產,https://500times.udn.com/wtimes/story/123497/7206408
2023,1,1,台南,聖記軟骨飯,聖記軟骨飯,https://500times.udn.com/wtimes/story/123497/7206408
2023,1,1,台南,肉包輝意麵,肉包輝意麵,https://500times.udn.com/wtimes/story/123497/7206408
2023,1,1,台南,至品記肉燥麵當歸鴨,至品記肉燥麵當歸鴨,https://500times.udn.com/wtimes/story/123497/7206408
2023,1,1,台南,蕃薯厝肉粿仔,蕃薯厝肉粿仔,https://500times.udn.com/wtimes/story/123497/7206408
2023,1,1,台南,虎頭風味小吃,虎頭風味小吃,https://500times.udn.com/wtimes/story/123497/7206408
2023,1,1,台南,觀光城友愛夜食堂,觀光城友愛夜食堂,https://500times.udn.com/wtimes/story/123497/7206408
2023,1,1,台南,金鳳老牌麵店,金鳳老牌麵店,https://500times.udn.com/wtimes/story/123497/7206408
2023,1,1,台南,銀鋒冰果室,銀鋒冰果室,https://500times.udn.com/wtimes/story/123497/7206408
2023,1,1,台南,阿卿杏仁茶,阿卿杏仁茶,https://500times.udn.com/wtimes/story/123497/7206408
2023,1,1,台南,阿和肉燥飯,阿和肉燥飯,https://500times.udn.com/wtimes/story/123497/7206408
2023,1,1,台南,阿憨鹹粥,阿憨鹹粥,https://500times.udn.com/wtimes/story/123497/7206408
2023,1,1,台南,阿明豬心冬粉,阿明豬心冬粉,https://500times.udn.com/wtimes/story/123497/7206408
2023,1,1,台南,阿棠牛肉湯,阿棠牛肉湯,https://500times.udn.com/wtimes/story/123497/7206408
2023,1,1,台南,阿財點心,阿財點心,https://500times.udn.com/wtimes/story/123497/7206408
2023,1,1,台南,阿足海產粥,阿足海產粥,https://500times.udn.com/wtimes/story/123497/7206408
2023,1,1,台南,阿輝黑輪,阿輝黑輪,https://500times.udn.com/wtimes/story/123497/7206408
2023,1,1,台南,順天冰棒,順天冰棒,https://500times.udn.com/wtimes/story/123497/7206408
2023,1,1,台南,首府米糕棧,首府米糕棧,https://500times.udn.com/wtimes/story/123497/7206408
2023,1,1,台南,馬沙鱔魚意麵,馬沙鱔魚意麵,https://500times.udn.com/wtimes/story/123497/7206408
2023,1,1,台南,鹽水豆簽羹,鹽水豆簽羹,https://500times.udn.com/wtimes/story/123497/7206408
2023,1,1,台南,麵條王海產麵,麵條王海產麵,https://500times.udn.com/wtimes/story/123497/7206408
2023,1,1,台東,Like來顆烤飯糰,like來顆烤飯糰,https://500times.udn.com/wtimes/story/123497/7206408
2023,1,1,台東,Sky 快閃店/sky burger,sky快閃店skyburger,https://500times.udn.com/wtimes/story/123497/7206408
2023,1,1,台東,The Pig Out 煙燻肉品專賣所,thepigout煙燻肉品專賣所,https://500times.udn.com/wtimes/story/123497/7206408
2023,1,1,台東,夢碗粥,夢碗粥,https://500times.udn.com/wtimes/story/123497/7206408
2023,1,1,台東,大池豆皮店,大池豆皮店,https://500times.udn.com/wtimes/story/123497/7206408
2023,1,1,台東,大陸婆婆麵食館,大陸婆婆麵食館,https://500times.udn.com/wtimes/story/123497/7206408
2023,1,1,台東,巷口炸蚵嗲,巷口炸蚵嗲,https://500times.udn.com/wtimes/story/123497/7206408
2023,1,1,台東,海灣牛肉麵-手工蔥花餅,海灣牛肉麵手工蔥花餅,https://500times.udn.com/wtimes/story/123497/7206408
2023,1,1,台東,福合成餅店,福合成餅店,https://500times.udn.com/wtimes/story/123497/7206408
2023,1,1,台東,育佳外省麵,育佳外省麵,https://500times.udn.com/wtimes/story/123497/7206408
2023,1,1,台東,花式蔥餅,花式蔥餅,https://500times.udn.com/wtimes/story/123497/7206408
2023,1,1,台東,蘭嶼晴西餐廳民宿 G'day café,蘭嶼晴西餐廳民宿gdaycafé,https://500times.udn.com/wtimes/story/123497/7206408
2023,1,1,台東,都蘭小房子,都蘭小房子,https://500times.udn.com/wtimes/story/123497/7206408
2023,1,1,台東,阿汶平價海鮮小吃,阿汶平價海鮮小吃,https://500times.udn.com/wtimes/story/123497/7206408
2023,1,1,台東,阿鋐炸雞,阿鋐炸雞,https://500times.udn.com/wtimes/story/123497/7206408
2023,1,1,台東,香琪鴨肉,香琪鴨肉,https://500times.udn.com/wtimes/story/123497/7206408
2023,1,1,嘉義,南京路老店麵食館,南京路老店麵食館,https://500times.udn.com/wtimes/story/123497/7206408
2023,1,1,嘉義,嘉義人火雞肉飯,嘉義人火雞肉飯,https://500times.udn.com/wtimes/story/123497/7206408
2023,1,1,嘉義,嘉義公園火雞肉飯,嘉義公園火雞肉飯,https://500times.udn.com/wtimes/story/123497/7206408
2023,1,1,嘉義,嘉義黃記涼麵涼圓,嘉義黃記涼麵涼圓,https://500times.udn.com/wtimes/story/123497/7206408
2023,1,1,嘉義,小莊火雞肉飯,小莊火雞肉飯,https://500times.udn.com/wtimes/story/123497/7206408
2023,1,1,嘉義,林聰明砂鍋魚頭,林聰明砂鍋魚頭,https://500times.udn.com/wtimes/story/123497/7206408
2023,1,1,嘉義,正統火雞肉飯,正統火雞肉飯,https://500times.udn.com/wtimes/story/123497/7206408
2023,1,1,嘉義,空軍市場蘿蔔糕,空軍市場蘿蔔糕,https://500times.udn.com/wtimes/story/123497/7206408
2023,1,1,嘉義,羅山生炒鱔魚麵,羅山生炒鱔魚麵,https://500times.udn.com/wtimes/story/123497/7206408
2023,1,1,嘉義,阿伯烤玉米,阿伯烤玉米,https://500times.udn.com/wtimes/story/123497/7206408
2023,1,1,嘉義,阿富網絲肉捲,阿富網絲肉捲,https://500times.udn.com/wtimes/story/123497/7206408
2023,1,1,嘉義,顏梅火雞肉飯,顏梅火雞肉飯,https://500times.udn.com/wtimes/story/123497/7206408
2023,1,1,嘉義,黑人魯熟肉,黑人滷熟肉,https://500times.udn.com/wtimes/story/123497/7206408
2023,1,1,基隆,世盛一口吃香腸 - 基隆廟口43-1號,世盛一口吃香腸基隆廟口431號,https://500times.udn.com/wtimes/story/123497/7206408
2023,1,1,基隆,台灣小吃 旗魚麵線，旗魚湯,臺灣小吃旗魚麵線旗魚湯,https://500times.udn.com/wtimes/story/123497/7206408
2023,1,1,基隆,吳姳麵館,吳姳麵館,https://500times.udn.com/wtimes/story/123497/7206408
2023,1,1,基隆,基隆五層豬腸湯（六號碼頭麵店）,基隆五層豬腸湯,https://500times.udn.com/wtimes/story/123497/7206408
2023,1,1,基隆,基隆廟口22號蝦仁羹豬腳,基隆廟口22號蝦仁羹豬腳,https://500times.udn.com/wtimes/story/123497/7206408
2023,1,1,基隆,天一香肉羹順,天一香肉羹順,https://500times.udn.com/wtimes/story/123497/7206408
2023,1,1,基隆,天天鮮排骨飯,天天鮮排骨飯,https://500times.udn.com/wtimes/story/123497/7206408
2023,1,1,基隆,姨媽的鹹粥,姨媽的鹹粥,https://500times.udn.com/wtimes/story/123497/7206408
2023,1,1,基隆,紀家豬腳原汁專家,紀家豬腳原汁專家,https://500times.udn.com/wtimes/story/123497/7206408
2023,1,1,基隆,金龍肉焿,金龍肉羹,https://500times.udn.com/wtimes/story/123497/7206408
2023,1,1,基隆,陳記泡泡冰創始店,陳記泡泡冰創始店,https://500times.udn.com/wtimes/story/123497/7206408
2023,1,1,宜蘭,一香飲食店 麻醬麵,一香飲食店麻醬麵,https://500times.udn.com/wtimes/story/123497/7206408
2023,1,1,宜蘭,信利號阿塗貓耳朵,信利號阿塗貓耳朵,https://500times.udn.com/wtimes/story/123497/7206408
2023,1,1,宜蘭,冰噹噹脆皮車輪餅,冰噹噹脆皮車輪餅,https://500times.udn.com/wtimes/story/123497/7206408
2023,1,1,宜蘭,吳記米腸包香腸,吳記米腸包香腸,https://500times.udn.com/wtimes/story/123497/7206408
2023,1,1,宜蘭,吳記花生捲冰淇淋,吳記花生捲冰淇淋,https://500times.udn.com/wtimes/story/123497/7206408
2023,1,1,宜蘭,大方食坊-大方醬油,大方食坊大方醬油,https://500times.udn.com/wtimes/story/123497/7206408
2023,1,1,宜蘭,宜蘭文昌炸醬麵,宜蘭文昌炸醬麵,https://500times.udn.com/wtimes/story/123497/7206408
2023,1,1,宜蘭,宜蘭東門夜市嘟好燒,宜蘭東門夜市嘟好燒,https://500times.udn.com/wtimes/story/123497/7206408
2023,1,1,宜蘭,張秀雄米苔目,張秀雄米苔目,https://500times.udn.com/wtimes/story/123497/7206408
2023,1,1,宜蘭,玉田炭烤香腸,玉田炭烤香腸,https://500times.udn.com/wtimes/story/123497/7206408
2023,1,1,宜蘭,神農沙茶魷魚肉羹,神農沙茶魷魚肉羹,https://500times.udn.com/wtimes/story/123497/7206408
2023,1,1,宜蘭,秘雕牛肉麵,秘雕牛肉麵,https://500times.udn.com/wtimes/story/123497/7206408
2023,1,1,宜蘭,素蘭姐ㄟ春捲-地瓜蝦餅,素蘭姐ㄟ春捲地瓜蝦餅,https://500times.udn.com/wtimes/story/123497/7206408
2023,1,1,宜蘭,綵宸小吃,綵宸小吃,https://500times.udn.com/wtimes/story/123497/7206408
2023,1,1,宜蘭,老吳碳烤燒烤餅,老吳碳烤燒烤餅,https://500times.udn.com/wtimes/story/123497/7206408
2023,1,1,宜蘭,興東早點,興東早點,https://500times.udn.com/wtimes/story/123497/7206408
2023,1,1,宜蘭,蔥蝦米春捲 進士店,蔥蝦米春捲進士店,https://500times.udn.com/wtimes/story/123497/7206408
2023,1,1,宜蘭,阿娘給的蒜味肉羹,阿娘給的蒜味肉羹,https://500times.udn.com/wtimes/story/123497/7206408
2023,1,1,宜蘭,阿添魚丸米粉,阿添魚丸米粉,https://500times.udn.com/wtimes/story/123497/7206408
2023,1,1,宜蘭,黃金燒肉刈包,黃金燒肉刈包,https://500times.udn.com/wtimes/story/123497/7206408
2023,1,1,屏東,中正路大腸香腸,中正路大腸香腸,https://500times.udn.com/wtimes/story/123497/7206408
2023,1,1,屏東,大埔松仔腳肉燥粿,大埔松仔腳肉燥粿,https://500times.udn.com/wtimes/story/123497/7206408
2023,1,1,屏東,大埔烤玉米,大埔烤玉米,https://500times.udn.com/wtimes/story/123497/7206408
2023,1,1,屏東,廖家麵食館,廖家麵食館,https://500times.udn.com/wtimes/story/123497/7206408
2023,1,1,屏東,廟口烤肉,廟口烤肉,https://500times.udn.com/wtimes/story/123497/7206408
2023,1,1,屏東,愛家臭豆腐,愛家臭豆腐,https://500times.udn.com/wtimes/story/123497/7206408
2023,1,1,屏東,新園汕頭火鍋,新園汕頭火鍋,https://500times.udn.com/wtimes/story/123497/7206408
2023,1,1,屏東,東港正宗肉丸,東港正宗肉丸,https://500times.udn.com/wtimes/story/123497/7206408
2023,1,1,屏東,灣內無招牌飯湯,灣內無招牌飯湯,https://500times.udn.com/wtimes/story/123497/7206408
2023,1,1,屏東,王氏滷米血,王氏滷米血,https://500times.udn.com/wtimes/story/123497/7206408
2023,1,1,屏東,福記餛飩,福記餛飩,https://500times.udn.com/wtimes/story/123497/7206408
2023,1,1,屏東,鄉村冬粉鴨,鄉村冬粉鴨,https://500times.udn.com/wtimes/story/123497/7206408
2023,1,1,屏東,阿羅瑪印度廚房 Aroma Indian Cuisine,阿羅瑪印度廚房aromaindiancuisine,https://500times.udn.com/wtimes/story/123497/7206408
2023,1,1,屏東,陳記番薯糖冷凍芋,陳記番薯糖冷凍芋,https://500times.udn.com/wtimes/story/123497/7206408
2023,1,1,屏東,龍泉水煎包,龍泉水煎包,https://500times.udn.com/wtimes/story/123497/7206408
2023,1,1,彰化,60年肉圓南,60年肉圓南,https://500times.udn.com/wtimes/story/123497/7206408
2023,1,1,彰化,三代祖傳粿仔湯,三代祖傳粿仔湯,https://500times.udn.com/wtimes/story/123497/7206408
2023,1,1,彰化,國珍魯肉麵,國珍滷肉麵,https://500times.udn.com/wtimes/story/123497/7206408
2023,1,1,彰化,大元蔴薯(鹹麻糬),大元蔴薯,https://500times.udn.com/wtimes/story/123497/7206408
2023,1,1,彰化,家福蛤仔麵,家福蛤仔麵,https://500times.udn.com/wtimes/story/123497/7206408
2023,1,1,彰化,彰化五信炖露,彰化五信炖露,https://500times.udn.com/wtimes/story/123497/7206408
2023,1,1,彰化,東華素食麵茶,東華素食麵茶,https://500times.udn.com/wtimes/story/123497/7206408
2023,1,1,彰化,林記素食,林記素食,https://500times.udn.com/wtimes/story/123497/7206408
2023,1,1,彰化,永成爌肉飯,永成爌肉飯,https://500times.udn.com/wtimes/story/123497/7206408
2023,1,1,彰化,老担阿璋肉圓,老担阿璋肉圓,https://500times.udn.com/wtimes/story/123497/7206408
2023,1,1,彰化,肉包李,肉包李,https://500times.udn.com/wtimes/story/123497/7206408
2023,1,1,彰化,莊豆花湯圓,莊豆花湯圓,https://500times.udn.com/wtimes/story/123497/7206408
2023,1,1,彰化,華山路菜頭粿,華山路菜頭粿,https://500times.udn.com/wtimes/story/123497/7206408
2023,1,1,彰化,蚯蚓龍山麵線糊,蚯蚓龍山麵線糊,https://500times.udn.com/wtimes/story/123497/7206408
2023,1,1,彰化,蚵ㄚ仁,蚵ㄚ仁,https://500times.udn.com/wtimes/story/123497/7206408
2023,1,1,彰化,西門肉圓仔湯,西門肉圓仔湯,https://500times.udn.com/wtimes/story/123497/7206408
2023,1,1,彰化,車路口肉羹/麵線糊,車路口肉羹麵線糊,https://500times.udn.com/wtimes/story/123497/7206408
2023,1,1,彰化,鄉親羊肉店,鄉親羊肉店,https://500times.udn.com/wtimes/story/123497/7206408
2023,1,1,彰化,阿添蛤仔麵,阿添蛤仔麵,https://500times.udn.com/wtimes/story/123497/7206408
2023,1,1,彰化,阿源炸粿,阿源炸粿,https://500times.udn.com/wtimes/story/123497/7206408
2023,1,1,彰化,阿美香菇高麗菜飯,阿美香菇高麗菜飯,https://500times.udn.com/wtimes/story/123497/7206408
2023,1,1,新北,101養身鮮菜潤餅捲,101養身鮮菜潤餅捲,https://500times.udn.com/wtimes/story/123497/7206408
2023,1,1,新北,3/2鹹酥雞,32鹹酥雞,https://500times.udn.com/wtimes/story/123497/7206408
2023,1,1,新北,上營大屋滷味 永和安平店,上營大屋滷味永和安平店,https://500times.udn.com/wtimes/story/123497/7206408
2023,1,1,新北,入魂燒味 燒臘餐廳,入魂燒味燒臘餐廳,https://500times.udn.com/wtimes/story/123497/7206408
2023,1,1,新北,北斗肉圓,北斗肉圓,https://500times.udn.com/wtimes/story/123497/7206408
2023,1,1,新北,台南林無刺虱目魚,臺南林無刺虱目魚,https://500times.udn.com/wtimes/story/123497/7206408
2023,1,1,新北,台灣古早味鐵路便當,臺灣古早味鐵路便當,https://500times.udn.com/wtimes/story/123497/7206408
2023,1,1,新北,台灣味蚵仔麵線,臺灣味蚵仔麵線,https://500times.udn.com/wtimes/story/123497/7206408
2023,1,1,新北,台麗雞排,臺麗雞排,https://500times.udn.com/wtimes/story/123497/7206408
2023,1,1,新北,和合素食,和合素食,https://500times.udn.com/wtimes/story/123497/7206408
2023,1,1,新北,固湯頭切仔麵,固湯頭切仔麵,https://500times.udn.com/wtimes/story/123497/7206408
2023,1,1,新北,平溪純高粱碳烤香腸,平溪純高粱碳烤香腸,https://500times.udn.com/wtimes/story/123497/7206408
2023,1,1,新北,得勝街米苔目,得勝街米苔目,https://500times.udn.com/wtimes/story/123497/7206408
2023,1,1,新北,担担泰,担担泰,https://500times.udn.com/wtimes/story/123497/7206408
2023,1,1,新北,斗六當歸鴨 新莊晚餐美食四維店,斗六當歸鴨新莊晚餐美食四維店,https://500times.udn.com/wtimes/story/123497/7206408
2023,1,1,新北,斗南米糕店,斗南米糕店,https://500times.udn.com/wtimes/story/123497/7206408
2023,1,1,新北,新莊羊肉榮,新莊羊肉榮,https://500times.udn.com/wtimes/story/123497/7206408
2023,1,1,新北,朱記花枝羹,朱記花枝羹,https://500times.udn.com/wtimes/story/123497/7206408
2023,1,1,新北,無名米粉湯,無名米粉湯,https://500times.udn.com/wtimes/story/123497/7206408
2023,1,1,新北,百葉溫州餛飩,百葉溫州餛飩,https://500times.udn.com/wtimes/story/123497/7206408
2023,1,1,新北,秦家涼麵,秦家涼麵,https://500times.udn.com/wtimes/story/123497/7206408
2023,1,1,新北,素食水煎包,素食水煎包,https://500times.udn.com/wtimes/story/123497/7206408
2023,1,1,新北,蔡家牛肉麵,蔡家牛肉麵,https://500times.udn.com/wtimes/story/123497/7206408
2023,1,1,新北,蘆洲大廟口切仔麵,蘆洲大廟口切仔麵,https://500times.udn.com/wtimes/story/123497/7206408
2023,1,1,新北,鄭記三角豬血糕,鄭記三角豬血糕,https://500times.udn.com/wtimes/story/123497/7206408
2023,1,1,新北,阿婆壽司,阿婆壽司,https://500times.udn.com/wtimes/story/123497/7206408
2023,1,1,新北,阿田麵,阿田麵,https://500times.udn.com/wtimes/story/123497/7206408
2023,1,1,新北,馬納蒂 Manatee Diner,馬納蒂manateediner,https://500times.udn.com/wtimes/story/123497/7206408
2023,1,1,新北,高記生炒魷魚,高記生炒魷魚,https://500times.udn.com/wtimes/story/123497/7206408
2023,1,1,新北,鴨肉大王之家,鴨肉大王之家,https://500times.udn.com/wtimes/story/123497/7206408
2023,1,1,新北,鵝師父鵝肉店,鵝師父鵝肉店,https://500times.udn.com/wtimes/story/123497/7206408
2023,1,1,新竹,ㄤ咕麵,ㄤ咕麵,https://500times.udn.com/wtimes/story/123497/7206408
2023,1,1,新竹,中央市場糯米水餃,中央市場糯米水餃,https://500times.udn.com/wtimes/story/123497/7206408
2023,1,1,新竹,好所在客家美食館,好所在客家美食館,https://500times.udn.com/wtimes/story/123497/7206408
2023,1,1,新竹,張記美食河南手工扯麵,張記美食河南手工扯麵,https://500times.udn.com/wtimes/story/123497/7206408
2023,1,1,新竹,新大同飲食店,新大同飲食店,https://500times.udn.com/wtimes/story/123497/7206408
2023,1,1,新竹,明和麵店,明和麵店,https://500times.udn.com/wtimes/story/123497/7206408
2023,1,1,新竹,李記米苔目,李記米苔目,https://500times.udn.com/wtimes/story/123497/7206408
2023,1,1,新竹,東門文昌雞飯,東門文昌雞飯,https://500times.udn.com/wtimes/story/123497/7206408
2023,1,1,新竹,柳家肉燥飯,柳家肉燥飯,https://500times.udn.com/wtimes/story/123497/7206408
2023,1,1,新竹,欣園客家美食坊-客家菜包,欣園客家美食坊客家菜包,https://500times.udn.com/wtimes/story/123497/7206408
2023,1,1,新竹,王記蚵仔煎,王記蚵仔煎,https://500times.udn.com/wtimes/story/123497/7206408
2023,1,1,新竹,福星飲食店,福星飲食店,https://500times.udn.com/wtimes/story/123497/7206408
2023,1,1,新竹,竹蓮肉圓,竹蓮肉圓,https://500times.udn.com/wtimes/story/123497/7206408
2023,1,1,新竹,艷麗Pondok Sunny,艷麗pondoksunny,https://500times.udn.com/wtimes/story/123497/7206408
2023,1,1,新竹,西市米粉湯,西市米粉湯,https://500times.udn.com/wtimes/story/123497/7206408
2023,1,1,新竹,陳記老街麵店,陳記老街麵店,https://500times.udn.com/wtimes/story/123497/7206408
2023,1,1,新竹,鴨肉許,鴨肉許,https://500times.udn.com/wtimes/story/123497/7206408
2023,1,1,新竹,鷹王肉圓,鷹王肉圓,https://500times.udn.com/wtimes/story/123497/7206408
2023,1,1,桃園,大溪香腸哥,大溪香腸哥,https://500times.udn.com/wtimes/story/123497/7206408
2023,1,1,桃園,阿香菜包,阿香菜包,https://500times.udn.com/wtimes/story/123497/7206408
2023,1,1,桃園,陳秋剛綿綿冰,陳秋剛綿綿冰,https://500times.udn.com/wtimes/story/123497/7206408
2023,1,1,澎湖,小萍的店,小萍的店,https://500times.udn.com/wtimes/story/123497/7206408
2023,1,1,澎湖,鐘記燒餅,鐘記燒餅,https://500times.udn.com/wtimes/story/123497/7206408
2023,1,1,花蓮,傳統美食玉里麵,傳統美食玉里麵,https://500times.udn.com/wtimes/story/123497/7206408
2023,1,1,花蓮,單一純賣雞湯小卷米粉,單一純賣雞湯小卷米粉,https://500times.udn.com/wtimes/story/123497/7206408
2023,1,1,花蓮,戴記扁食,戴記扁食,https://500times.udn.com/wtimes/story/123497/7206408
2023,1,1,花蓮,橋頭臭豆腐,橋頭臭豆腐,https://500times.udn.com/wtimes/story/123497/7206408
2023,1,1,花蓮,玉里新興街燒餅店,玉里新興街燒餅店,https://500times.udn.com/wtimes/story/123497/7206408
2023,1,1,花蓮,福建街香腸,福建街香腸,https://500times.udn.com/wtimes/story/123497/7206408
2023,1,1,苗栗,廟口阿嬷臭豆腐,廟口阿嬷臭豆腐,https://500times.udn.com/wtimes/story/123497/7206408
2023,1,1,苗栗,彩雲麵食,彩雲麵食,https://500times.udn.com/wtimes/story/123497/7206408
2023,1,1,連江,阿妹的店鼎邊糊,阿妹的店鼎邊糊,https://500times.udn.com/wtimes/story/123497/7206408
2023,1,1,連江,魚之鄉魚麵行,魚之鄉魚麵行,https://500times.udn.com/wtimes/story/123497/7206408
2023,1,1,金門,文記蚵仔麵線小食店,文記蚵仔麵線小食店,https://500times.udn.com/wtimes/story/123497/7206408
2023,1,1,雲林,南台蒜頭麵（斗南蒜頭麵）,南臺蒜頭麵,https://500times.udn.com/wtimes/story/123497/7206408
2023,1,1,雲林,西螺黃家九層粿,西螺黃家九層粿,https://500times.udn.com/wtimes/story/123497/7206408
2023,1,1,雲林,阿義羊肉店,阿義羊肉店,https://500times.udn.com/wtimes/story/123497/7206408
2023,1,1,高雄,侯記鴨肉飯,侯記鴨肉飯,https://500times.udn.com/wtimes/story/123497/7206408
2023,1,1,高雄,倆伯羊肉,倆伯羊肉,https://500times.udn.com/wtimes/story/123497/7206408
2023,1,1,高雄,冬粉王,冬粉王,https://500times.udn.com/wtimes/story/123497/7206408
2023,1,1,高雄,北平楊寶寶蒸餃旗艦店,北平楊寶寶蒸餃旗艦店,https://500times.udn.com/wtimes/story/123497/7206408
2023,1,1,高雄,博義師燒肉飯,博義師燒肉飯,https://500times.udn.com/wtimes/story/123497/7206408
2023,1,1,高雄,卡滋嗑炸雞 三多店,卡滋嗑炸雞三多店,https://500times.udn.com/wtimes/story/123497/7206408
2023,1,1,高雄,口福黑輪,口福黑輪,https://500times.udn.com/wtimes/story/123497/7206408
2023,1,1,高雄,堀江麵店,堀江麵店,https://500times.udn.com/wtimes/story/123497/7206408
2023,1,1,高雄,大胖豬油拌麵,大胖豬油拌麵,https://500times.udn.com/wtimes/story/123497/7206408
2023,1,1,高雄,女子餃子,女子餃子,https://500times.udn.com/wtimes/story/123497/7206408
2023,1,1,高雄,月娥鴨肉,月娥鴨肉,https://500times.udn.com/wtimes/story/123497/7206408
2023,1,1,高雄,橋邊鵝肉店,橋邊鵝肉店,https://500times.udn.com/wtimes/story/123497/7206408
2023,1,1,高雄,正宗金牌蔥油餅,正宗金牌蔥油餅,https://500times.udn.com/wtimes/story/123497/7206408
2023,1,1,高雄,無名港式煲仔飯,無名港式煲仔飯,https://500times.udn.com/wtimes/story/123497/7206408
2023,1,1,高雄,王義雞肉飯,王義雞肉飯,https://500times.udn.com/wtimes/story/123497/7206408
2023,1,1,高雄,研田拉麵,研田拉麵,https://500times.udn.com/wtimes/story/123497/7206408
2023,1,1,高雄,美濃傅家客家美食,美濃傅家客家美食,https://500times.udn.com/wtimes/story/123497/7206408
2023,1,1,高雄,老牌牛乳大王,老牌牛乳大王,https://500times.udn.com/wtimes/story/123497/7206408
2023,1,1,高雄,興隆居,興隆居,https://500times.udn.com/wtimes/story/123497/7206408
2023,1,1,高雄,蘇家鹽水鴨,蘇家鹽水鴨,https://500times.udn.com/wtimes/story/123497/7206408
2023,1,1,高雄,豫湘美食,豫湘美食,https://500times.udn.com/wtimes/story/123497/7206408
2023,1,1,高雄,阿博豆漿店,阿博豆漿店,https://500times.udn.com/wtimes/story/123497/7206408
2023,1,1,高雄,阿忠虱目魚粗米粉,阿忠虱目魚粗米粉,https://500times.udn.com/wtimes/story/123497/7206408
2023,1,1,高雄,阿英排骨飯,阿英排骨飯,https://500times.udn.com/wtimes/story/123497/7206408
2023,1,1,高雄,陳家古早味,陳家古早味,https://500times.udn.com/wtimes/story/123497/7206408
2023,1,1,高雄,雅雪芋冰城,雅雪芋冰城,https://500times.udn.com/wtimes/story/123497/7206408
2023,1,1,高雄,高雄北港蔡筒仔米糕,高雄北港蔡筒仔米糕,https://500times.udn.com/wtimes/story/123497/7206408
2023,1,1,高雄,鴨肉珍,鴨肉珍,https://500times.udn.com/wtimes/story/123497/7206408
2023,1,1,高雄,黑乾溫州餛飩大王,黑乾溫州餛飩大王,https://500times.udn.com/wtimes/story/123497/7206408
