year,edition,plates,city,restaurant,name_key,text_status,source_url
2026,6,13,,晶華軒,晶華軒,complete_text,https://500times.udn.com/wtimes/story/122412/9754110
2026,6,8,,知名李,知名李,complete_text,https://500times.udn.com/wtimes/story/122412/9754110
2026,6,6,,明福台菜,明福台菜,complete_text,https://500times.udn.com/wtimes/story/122412/9754110
2026,6,6,,紅棉,紅棉,complete_text,https://500times.udn.com/wtimes/story/122412/9754110
2026,6,5,,Chaud Doux,chauddoux,complete_text,https://500times.udn.com/wtimes/story/122412/9754110
2026,6,5,,EIKA 盈科,eika盈科,complete_text,https://500times.udn.com/wtimes/story/122412/9754110
2026,6,5,,La Vie by Thomas Bühner,laviebythomasbühner,complete_text,https://500times.udn.com/wtimes/story/122412/9754110
2026,6,5,,Restaurant A,restauranta,complete_text,https://500times.udn.com/wtimes/story/122412/9754110
2026,6,5,,YMS by onefifteen - Restaurant 12,ymsbyonefifteenrestaurant12,complete_text,https://500times.udn.com/wtimes/story/122412/9754110
2026,6,5,,元鍋,元鍋,complete_text,https://500times.udn.com/wtimes/story/122412/9754110
2026,6,5,,山海樓,山海樓,complete_text,https://500times.udn.com/wtimes/story/122412/9754110
2026,6,5,,牡丹．極上 天ぷら,牡丹極上天ぷら,complete_text,https://500times.udn.com/wtimes/story/122412/9754110
2026,6,5,,頤宮中餐廳,頤宮中餐廳,complete_text,https://500times.udn.com/wtimes/story/122412/9754110
2026,6,4,,Frassi,frassi,complete_text,https://500times.udn.com/wtimes/story/122412/9754110
2026,6,4,,Ristorante MO,ristorantemo,complete_text,https://500times.udn.com/wtimes/story/122412/9754110
2026,6,4,,Tutto Bello,tuttobello,complete_text,https://500times.udn.com/wtimes/story/122412/9754110
2026,6,4,,fumée,fumée,complete_text,https://500times.udn.com/wtimes/story/122412/9754110
2026,6,4,,impromptu,impromptu,complete_text,https://500times.udn.com/wtimes/story/122412/9754110
2026,6,4,,斑泊,斑泊,complete_text,https://500times.udn.com/wtimes/story/122412/9754110
2026,6,4,,海園活海鮮餐廳,海園活海鮮餐廳,complete_text,https://500times.udn.com/wtimes/story/122412/9754110
2026,6,4,,請客樓,請客樓,complete_text,https://500times.udn.com/wtimes/story/122412/9754110
2026,6,4,,阿鑫小料理,阿鑫小料理,complete_text,https://500times.udn.com/wtimes/story/122412/9754110
2026,6,4,,驥園川菜餐廳,驥園川菜餐廳,complete_text,https://500times.udn.com/wtimes/story/122412/9754110
2026,6,3,,Circum-,circum,text_hint: image is authoritative,https://500times.udn.com/wtimes/story/122412/9754110
2026,6,3,,KOUMA日本料理小馬,kouma日本料理小馬,text_hint: image is authoritative,https://500times.udn.com/wtimes/story/122412/9754110
2026,6,3,,Li.nu,linu,text_hint: image is authoritative,https://500times.udn.com/wtimes/story/122412/9754110
2026,6,3,,Logy,logy,text_hint: image is authoritative,https://500times.udn.com/wtimes/story/122412/9754110
2026,6,3,,NOBUO,nobuo,text_hint: image is authoritative,https://500times.udn.com/wtimes/story/122412/9754110
2026,6,3,,Nove玖留,nove玖留,text_hint: image is authoritative,https://500times.udn.com/wtimes/story/122412/9754110
2026,6,3,,元一台灣天婦羅,元一台灣天婦羅,text_hint: image is authoritative,https://500times.udn.com/wtimes/story/122412/9754110
2026,6,3,,元紀．台灣菜,元紀台灣菜,text_hint: image is authoritative,https://500times.udn.com/wtimes/story/122412/9754110
2026,6,3,,台北亞都麗緻大飯店 巴賽麗廳,台北亞都麗緻大飯店巴賽麗廳,text_hint: image is authoritative,https://500times.udn.com/wtimes/story/122412/9754110
2026,6,3,,國賓中餐廳,國賓中餐廳,text_hint: image is authoritative,https://500times.udn.com/wtimes/story/122412/9754110
2026,6,3,,小小樹食,小小樹食,text_hint: image is authoritative,https://500times.udn.com/wtimes/story/122412/9754110
2026,6,3,,德馨坊,德馨坊,text_hint: image is authoritative,https://500times.udn.com/wtimes/story/122412/9754110
2026,6,3,,心潮仙宮,心潮仙宮,text_hint: image is authoritative,https://500times.udn.com/wtimes/story/122412/9754110
2026,6,3,,拾捌粵,拾捌粵,text_hint: image is authoritative,https://500times.udn.com/wtimes/story/122412/9754110
2026,6,3,,朝炭,朝炭,text_hint: image is authoritative,https://500times.udn.com/wtimes/story/122412/9754110
2026,6,3,,海天下,海天下,text_hint: image is authoritative,https://500times.udn.com/wtimes/story/122412/9754110
2026,6,3,,漢來名人坊,漢來名人坊,text_hint: image is authoritative,https://500times.udn.com/wtimes/story/122412/9754110
2026,6,3,,鄒記食鋪,鄒記食鋪,text_hint: image is authoritative,https://500times.udn.com/wtimes/story/122412/9754110
2026,6,2,,Ad Astra,adastra,text_hint: image is authoritative,https://500times.udn.com/wtimes/story/122412/9754110
2026,6,2,,Adachi 足立壽司,adachi足立壽司,text_hint: image is authoritative,https://500times.udn.com/wtimes/story/122412/9754110
2026,6,2,,JL Studio,jlstudio,text_hint: image is authoritative,https://500times.udn.com/wtimes/story/122412/9754110
2026,6,2,,MUME,mume,text_hint: image is authoritative,https://500times.udn.com/wtimes/story/122412/9754110
2026,6,2,,NO CODE TAIPEI,nocodetaipei,text_hint: image is authoritative,https://500times.udn.com/wtimes/story/122412/9754110
2026,6,2,,PEPPINO 培皮諾小館,peppino培皮諾小館,text_hint: image is authoritative,https://500times.udn.com/wtimes/story/122412/9754110
2026,6,2,,SPC 秘密披薩俱樂部,spc秘密披薩俱樂部,text_hint: image is authoritative,https://500times.udn.com/wtimes/story/122412/9754110
2026,6,2,,Smith & Wollensky - Taipei,smithwollenskytaipei,text_hint: image is authoritative,https://500times.udn.com/wtimes/story/122412/9754110
2026,6,2,,Solo Pasta,solopasta,text_hint: image is authoritative,https://500times.udn.com/wtimes/story/122412/9754110
2026,6,2,,THOMAS CHIEN Restaurant,thomaschienrestaurant,text_hint: image is authoritative,https://500times.udn.com/wtimes/story/122412/9754110
2026,6,2,,Tatami 私廚,tatami私廚,text_hint: image is authoritative,https://500times.udn.com/wtimes/story/122412/9754110
2026,6,2,,Taïrroir 態芮,taïrroir態芮,text_hint: image is authoritative,https://500times.udn.com/wtimes/story/122412/9754110
2026,6,2,,Wild Donkey 野驢小餐館,wilddonkey野驢小餐館,text_hint: image is authoritative,https://500times.udn.com/wtimes/story/122412/9754110
2026,6,2,,ZEA,zea,text_hint: image is authoritative,https://500times.udn.com/wtimes/story/122412/9754110
2026,6,2,,aMaze 心宴,amaze心宴,text_hint: image is authoritative,https://500times.udn.com/wtimes/story/122412/9754110
2026,6,2,,yuu 肉割烹ゆう,yuu肉割烹ゆう,text_hint: image is authoritative,https://500times.udn.com/wtimes/story/122412/9754110
2026,6,2,,三六食府,三六食府,text_hint: image is authoritative,https://500times.udn.com/wtimes/story/122412/9754110
2026,6,2,,三分俗氣,三分俗氣,text_hint: image is authoritative,https://500times.udn.com/wtimes/story/122412/9754110
2026,6,2,,予島,予島,text_hint: image is authoritative,https://500times.udn.com/wtimes/story/122412/9754110
2026,6,2,,六品小館,六品小館,text_hint: image is authoritative,https://500times.udn.com/wtimes/story/122412/9754110
2026,6,2,,台北亞都麗緻大飯店天香樓,台北亞都麗緻大飯店天香樓,text_hint: image is authoritative,https://500times.udn.com/wtimes/story/122412/9754110
2026,6,2,,台北喜來登大飯店安東廳,台北喜來登大飯店安東廳,text_hint: image is authoritative,https://500times.udn.com/wtimes/story/122412/9754110
2026,6,2,,台北喜來登大飯店辰園,台北喜來登大飯店辰園,text_hint: image is authoritative,https://500times.udn.com/wtimes/story/122412/9754110
2026,6,2,,君尹 Brisé,君尹brisé,text_hint: image is authoritative,https://500times.udn.com/wtimes/story/122412/9754110
2026,6,2,,奇岩一號中餐廳,奇岩一號中餐廳,text_hint: image is authoritative,https://500times.udn.com/wtimes/story/122412/9754110
2026,6,2,,好菜,好菜,text_hint: image is authoritative,https://500times.udn.com/wtimes/story/122412/9754110
2026,6,2,,寒舍食譜,寒舍食譜,text_hint: image is authoritative,https://500times.udn.com/wtimes/story/122412/9754110
2026,6,2,,小滿雅舍,小滿雅舍,text_hint: image is authoritative,https://500times.udn.com/wtimes/story/122412/9754110
2026,6,2,,山崎,山崎,text_hint: image is authoritative,https://500times.udn.com/wtimes/story/122412/9754110
2026,6,2,,嶼我,嶼我,text_hint: image is authoritative,https://500times.udn.com/wtimes/story/122412/9754110
2026,6,2,,布雍家 Bouillon,布雍家bouillon,text_hint: image is authoritative,https://500times.udn.com/wtimes/story/122412/9754110
2026,6,2,,志民與花膠‧粵菜宴,志民與花膠粵菜宴,text_hint: image is authoritative,https://500times.udn.com/wtimes/story/122412/9754110
2026,6,2,,成海 壽司,成海壽司,text_hint: image is authoritative,https://500times.udn.com/wtimes/story/122412/9754110
2026,6,2,,捌伍添第,捌伍添第,text_hint: image is authoritative,https://500times.udn.com/wtimes/story/122412/9754110
2026,6,2,,明壽司,明壽司,text_hint: image is authoritative,https://500times.udn.com/wtimes/story/122412/9754110
2026,6,2,,春韭（晴光店）,春韭,text_hint: image is authoritative,https://500times.udn.com/wtimes/story/122412/9754110
2026,6,2,,榕居,榕居,text_hint: image is authoritative,https://500times.udn.com/wtimes/story/122412/9754110
2026,6,2,,欣葉台菜創始店,欣葉台菜創始店,text_hint: image is authoritative,https://500times.udn.com/wtimes/story/122412/9754110
2026,6,2,,永心浮島,永心浮島,text_hint: image is authoritative,https://500times.udn.com/wtimes/story/122412/9754110
2026,6,2,,汕頭天天沙茶火鍋,汕頭天天沙茶火鍋,text_hint: image is authoritative,https://500times.udn.com/wtimes/story/122412/9754110
2026,6,2,,游壽司（金華店）,游壽司,text_hint: image is authoritative,https://500times.udn.com/wtimes/story/122412/9754110
2026,6,2,,煙波大飯店新竹湖濱館滿月樓,煙波大飯店新竹湖濱館滿月樓,text_hint: image is authoritative,https://500times.udn.com/wtimes/story/122412/9754110
2026,6,2,,燒鳥すみか,燒鳥すみか,text_hint: image is authoritative,https://500times.udn.com/wtimes/story/122412/9754110
2026,6,2,,秀蘭小館,秀蘭小館,text_hint: image is authoritative,https://500times.udn.com/wtimes/story/122412/9754110
2026,6,2,,紅樓中餐廳,紅樓中餐廳,text_hint: image is authoritative,https://500times.udn.com/wtimes/story/122412/9754110
2026,6,2,,華西街台南担仔麵,華西街台南担仔麵,text_hint: image is authoritative,https://500times.udn.com/wtimes/story/122412/9754110
2026,6,2,,都一處（仁愛店）,都一處,text_hint: image is authoritative,https://500times.udn.com/wtimes/story/122412/9754110
2026,6,2,,酉志,酉志,text_hint: image is authoritative,https://500times.udn.com/wtimes/story/122412/9754110
2026,6,2,,鍋膳,鍋膳,text_hint: image is authoritative,https://500times.udn.com/wtimes/story/122412/9754110
2026,6,2,,阿城鵝肉土城總店,阿城鵝肉土城總店,text_hint: image is authoritative,https://500times.udn.com/wtimes/story/122412/9754110
2026,6,2,,雋 中餐廳 GEN,雋中餐廳gen,text_hint: image is authoritative,https://500times.udn.com/wtimes/story/122412/9754110
2026,6,2,,飛花落院,飛花落院,text_hint: image is authoritative,https://500times.udn.com/wtimes/story/122412/9754110
2026,6,2,,鳥苑,鳥苑,text_hint: image is authoritative,https://500times.udn.com/wtimes/story/122412/9754110
2026,6,2,,鼎泰豐,鼎泰豐,text_hint: image is authoritative,https://500times.udn.com/wtimes/story/122412/9754110
2026,6,1,台中,Petit Petit,petitpetit,text_hint: image is authoritative,https://500times.udn.com/wtimes/story/122412/9754110
2026,6,1,台中,Zài cuisine,zàicuisine,text_hint: image is authoritative,https://500times.udn.com/wtimes/story/122412/9754110
2026,6,1,台中,与玥樓頂級粵菜餐廳,与玥樓頂級粵菜餐廳,text_hint: image is authoritative,https://500times.udn.com/wtimes/story/122412/9754110
2026,6,1,台中,俺達の肉屋,俺達の肉屋,text_hint: image is authoritative,https://500times.udn.com/wtimes/story/122412/9754110
2026,6,1,台中,全鴨坊 市政總店,全鴨坊市政總店,text_hint: image is authoritative,https://500times.udn.com/wtimes/story/122412/9754110
2026,6,1,台中,布洛思廚,布洛思廚,text_hint: image is authoritative,https://500times.udn.com/wtimes/story/122412/9754110
2026,6,1,台中,弄堂-江浙一味,弄堂江浙一味,text_hint: image is authoritative,https://500times.udn.com/wtimes/story/122412/9754110
2026,6,1,台中,惠中蔬食滴水坊,惠中蔬食滴水坊,text_hint: image is authoritative,https://500times.udn.com/wtimes/story/122412/9754110
2026,6,1,台中,東引釣客野生海產店,東引釣客野生海產店,text_hint: image is authoritative,https://500times.udn.com/wtimes/story/122412/9754110
2026,6,1,台中,梅子活海鮮餐廳,梅子活海鮮餐廳,text_hint: image is authoritative,https://500times.udn.com/wtimes/story/122412/9754110
2026,6,1,台中,溫叨古早味料理餐廳,溫叨古早味料理餐廳,text_hint: image is authoritative,https://500times.udn.com/wtimes/story/122412/9754110
2026,6,1,台中,燒肉本氣Yakiniku honki 內臟燒肉居酒屋,燒肉本氣yakinikuhonki內臟燒肉居酒屋,text_hint: image is authoritative,https://500times.udn.com/wtimes/story/122412/9754110
2026,6,1,台中,真好記海鮮料理,真好記海鮮料理,text_hint: image is authoritative,https://500times.udn.com/wtimes/story/122412/9754110
2026,6,1,台中,膳馨民間創作料理-創始店,膳馨民間創作料理創始店,text_hint: image is authoritative,https://500times.udn.com/wtimes/story/122412/9754110
2026,6,1,台中,自在天昆布水つけ麵,自在天昆布水つけ麵,text_hint: image is authoritative,https://500times.udn.com/wtimes/story/122412/9754110
2026,6,1,台中,菩薩寺 維摩舍,菩薩寺維摩舍,text_hint: image is authoritative,https://500times.udn.com/wtimes/story/122412/9754110
2026,6,1,台中,萬月樓,萬月樓,text_hint: image is authoritative,https://500times.udn.com/wtimes/story/122412/9754110
2026,6,1,台中,金悅軒,金悅軒,text_hint: image is authoritative,https://500times.udn.com/wtimes/story/122412/9754110
2026,6,1,台中,香．寓,香寓,text_hint: image is authoritative,https://500times.udn.com/wtimes/story/122412/9754110
2026,6,1,台中,鮨承,鮨承,text_hint: image is authoritative,https://500times.udn.com/wtimes/story/122412/9754110
2026,6,1,台中,鹽之華法國餐廳,鹽之華法國餐廳,text_hint: image is authoritative,https://500times.udn.com/wtimes/story/122412/9754110
2026,6,1,台中,龍富 天婦羅,龍富天婦羅,text_hint: image is authoritative,https://500times.udn.com/wtimes/story/122412/9754110
2026,6,1,台北,1117一起Cafe,1117一起cafe,text_hint: image is authoritative,https://500times.udn.com/wtimes/story/122412/9754110
2026,6,1,台北,AB House,abhouse,text_hint: image is authoritative,https://500times.udn.com/wtimes/story/122412/9754110
2026,6,1,台北,Amamoto 鮨天本,amamoto鮨天本,text_hint: image is authoritative,https://500times.udn.com/wtimes/story/122412/9754110
2026,6,1,台北,Antico Forno,anticoforno,text_hint: image is authoritative,https://500times.udn.com/wtimes/story/122412/9754110
2026,6,1,台北,Bar Domani,bardomani,text_hint: image is authoritative,https://500times.udn.com/wtimes/story/122412/9754110
2026,6,1,台北,Botega del vin,botegadelvin,text_hint: image is authoritative,https://500times.udn.com/wtimes/story/122412/9754110
2026,6,1,台北,COAST,coast,text_hint: image is authoritative,https://500times.udn.com/wtimes/story/122412/9754110
2026,6,1,台北,Cava Baja Taipei,cavabajataipei,text_hint: image is authoritative,https://500times.udn.com/wtimes/story/122412/9754110
2026,6,1,台北,Clover Bellavita,cloverbellavita,text_hint: image is authoritative,https://500times.udn.com/wtimes/story/122412/9754110
2026,6,1,台北,Divino Taipei,divinotaipei,text_hint: image is authoritative,https://500times.udn.com/wtimes/story/122412/9754110
2026,6,1,台北,Fon-Cé,foncé,text_hint: image is authoritative,https://500times.udn.com/wtimes/story/122412/9754110
2026,6,1,台北,H&C鮨,hc鮨,text_hint: image is authoritative,https://500times.udn.com/wtimes/story/122412/9754110
2026,6,1,台北,INITA,inita,text_hint: image is authoritative,https://500times.udn.com/wtimes/story/122412/9754110
2026,6,1,台北,Kosher lab 猶太潔食實驗室,kosherlab猶太潔食實驗室,text_hint: image is authoritative,https://500times.udn.com/wtimes/story/122412/9754110
2026,6,1,台北,L'Atelier de Joel Robuchon Taipei 侯布雄法式餐廳,latelierdejoelrobuchontaipei侯布雄法式餐廳,text_hint: image is authoritative,https://500times.udn.com/wtimes/story/122412/9754110
2026,6,1,台北,L.C Française 法租界,lcfrançaise法租界,text_hint: image is authoritative,https://500times.udn.com/wtimes/story/122412/9754110
2026,6,1,台北,La Piola Cucina Italiana,lapiolacucinaitaliana,text_hint: image is authoritative,https://500times.udn.com/wtimes/story/122412/9754110
2026,6,1,台北,Lin Restaurant,linrestaurant,text_hint: image is authoritative,https://500times.udn.com/wtimes/story/122412/9754110
2026,6,1,台北,Miacucina（南西店）,miacucina,text_hint: image is authoritative,https://500times.udn.com/wtimes/story/122412/9754110
2026,6,1,台北,Molino de Urdániz 渥達尼斯磨坊,molinodeurdániz渥達尼斯磨坊,text_hint: image is authoritative,https://500times.udn.com/wtimes/story/122412/9754110
2026,6,1,台北,Nabiya韓式 나비야 한식,nabiya韓式나비야한식,text_hint: image is authoritative,https://500times.udn.com/wtimes/story/122412/9754110
2026,6,1,台北,PASTi,pasti,text_hint: image is authoritative,https://500times.udn.com/wtimes/story/122412/9754110
2026,6,1,台北,PICO PICO,picopico,text_hint: image is authoritative,https://500times.udn.com/wtimes/story/122412/9754110
2026,6,1,台北,PJ's Pastrami,pjspastrami,text_hint: image is authoritative,https://500times.udn.com/wtimes/story/122412/9754110
2026,6,1,台北,Peppa,peppa,text_hint: image is authoritative,https://500times.udn.com/wtimes/story/122412/9754110
2026,6,1,台北,Potions Magic Bar 魔藥學餐酒館,potionsmagicbar魔藥學餐酒館,text_hint: image is authoritative,https://500times.udn.com/wtimes/story/122412/9754110
2026,6,1,台北,RORA. Bistro,rorabistro,text_hint: image is authoritative,https://500times.udn.com/wtimes/story/122412/9754110
2026,6,1,台北,SEASON Artisan Pâtissier,seasonartisanpâtissier,text_hint: image is authoritative,https://500times.udn.com/wtimes/story/122412/9754110
2026,6,1,台北,SENS,sens,text_hint: image is authoritative,https://500times.udn.com/wtimes/story/122412/9754110
2026,6,1,台北,SHANN SHANN 小香,shannshann小香,text_hint: image is authoritative,https://500times.udn.com/wtimes/story/122412/9754110
2026,6,1,台北,Saffron 46 番紅花四十六,saffron46番紅花四十六,text_hint: image is authoritative,https://500times.udn.com/wtimes/story/122412/9754110
2026,6,1,台北,Salt & Stone,saltstone,text_hint: image is authoritative,https://500times.udn.com/wtimes/story/122412/9754110
2026,6,1,台北,Seafood & Meat 波波海鮮市集,seafoodmeat波波海鮮市集,text_hint: image is authoritative,https://500times.udn.com/wtimes/story/122412/9754110
2026,6,1,台北,Sugar Pea,sugarpea,text_hint: image is authoritative,https://500times.udn.com/wtimes/story/122412/9754110
2026,6,1,台北,TOP CAP STEAKHOUSE,topcapsteakhouse,text_hint: image is authoritative,https://500times.udn.com/wtimes/story/122412/9754110
2026,6,1,台北,TORIKAZE TAIPEI 台北鳥風,torikazetaipei台北鳥風,text_hint: image is authoritative,https://500times.udn.com/wtimes/story/122412/9754110
2026,6,1,台北,The Slice Shop 信義安和,thesliceshop信義安和,text_hint: image is authoritative,https://500times.udn.com/wtimes/story/122412/9754110
2026,6,1,台北,USHIGORO S.,ushigoros,text_hint: image is authoritative,https://500times.udn.com/wtimes/story/122412/9754110
2026,6,1,台北,Will’s Teppanyaki,willsteppanyaki,text_hint: image is authoritative,https://500times.udn.com/wtimes/story/122412/9754110
2026,6,1,台北,Wok by O'BOND,wokbyobond,text_hint: image is authoritative,https://500times.udn.com/wtimes/story/122412/9754110
2026,6,1,台北,ZAC ZAG 一樂炸雞,zaczag一樂炸雞,text_hint: image is authoritative,https://500times.udn.com/wtimes/story/122412/9754110
2026,6,1,台北,de Nuit,denuit,text_hint: image is authoritative,https://500times.udn.com/wtimes/story/122412/9754110
2026,6,1,台北,eoi 極致餐飲,eoi極致餐飲,text_hint: image is authoritative,https://500times.udn.com/wtimes/story/122412/9754110
2026,6,1,台北,kaï bistro à vin,kaïbistroàvin,text_hint: image is authoritative,https://500times.udn.com/wtimes/story/122412/9754110
2026,6,1,台北,nabo ulv,naboulv,text_hint: image is authoritative,https://500times.udn.com/wtimes/story/122412/9754110
2026,6,1,台北,pd by petit doux （微兜Sogo店）,pdbypetitdoux,text_hint: image is authoritative,https://500times.udn.com/wtimes/story/122412/9754110
2026,6,1,台北,pecora,pecora,text_hint: image is authoritative,https://500times.udn.com/wtimes/story/122412/9754110
2026,6,1,台北,ÉCRU,écru,text_hint: image is authoritative,https://500times.udn.com/wtimes/story/122412/9754110
2026,6,1,台北,ÎLE 島嶼,île島嶼,text_hint: image is authoritative,https://500times.udn.com/wtimes/story/122412/9754110
2026,6,1,台北,三花日式料理,三花日式料理,text_hint: image is authoritative,https://500times.udn.com/wtimes/story/122412/9754110
2026,6,1,台北,中山對酌,中山對酌,text_hint: image is authoritative,https://500times.udn.com/wtimes/story/122412/9754110
2026,6,1,台北,亘一郎,亘一郎,text_hint: image is authoritative,https://500times.udn.com/wtimes/story/122412/9754110
2026,6,1,台北,佐佧義式窯烤披薩屋,佐佧義式窯烤披薩屋,text_hint: image is authoritative,https://500times.udn.com/wtimes/story/122412/9754110
2026,6,1,台北,元味料理,元味料理,text_hint: image is authoritative,https://500times.udn.com/wtimes/story/122412/9754110
2026,6,1,台北,八號極品海鮮,八號極品海鮮,text_hint: image is authoritative,https://500times.udn.com/wtimes/story/122412/9754110
2026,6,1,台北,北平上園樓,北平上園樓,text_hint: image is authoritative,https://500times.udn.com/wtimes/story/122412/9754110
2026,6,1,台北,十里。尋,十里尋,text_hint: image is authoritative,https://500times.udn.com/wtimes/story/122412/9754110
2026,6,1,台北,台北W飯店 紫艷中餐廳,台北w飯店紫艷中餐廳,text_hint: image is authoritative,https://500times.udn.com/wtimes/story/122412/9754110
2026,6,1,台北,台北喜來登大飯店 桃山,台北喜來登大飯店桃山,text_hint: image is authoritative,https://500times.udn.com/wtimes/story/122412/9754110
2026,6,1,台北,台北晶華酒店 蘭亭,台北晶華酒店蘭亭,text_hint: image is authoritative,https://500times.udn.com/wtimes/story/122412/9754110
2026,6,1,台北,台北萬豪酒店 天婦羅 杉村,台北萬豪酒店天婦羅杉村,text_hint: image is authoritative,https://500times.udn.com/wtimes/story/122412/9754110
2026,6,1,台北,吉品海鮮（敦南店）,吉品海鮮,text_hint: image is authoritative,https://500times.udn.com/wtimes/story/122412/9754110
2026,6,1,台北,吉甘槑喆,吉甘槑喆,text_hint: image is authoritative,https://500times.udn.com/wtimes/story/122412/9754110
2026,6,1,台北,呷味鮮處女蟳,呷味鮮處女蟳,text_hint: image is authoritative,https://500times.udn.com/wtimes/story/122412/9754110
2026,6,1,台北,四海一家,四海一家,text_hint: image is authoritative,https://500times.udn.com/wtimes/story/122412/9754110
2026,6,1,台北,圓山大飯店 金龍餐廳,圓山大飯店金龍餐廳,text_hint: image is authoritative,https://500times.udn.com/wtimes/story/122412/9754110
2026,6,1,台北,塗姆埔里小吃,塗姆埔里小吃,text_hint: image is authoritative,https://500times.udn.com/wtimes/story/122412/9754110
2026,6,1,台北,夜上海,夜上海,text_hint: image is authoritative,https://500times.udn.com/wtimes/story/122412/9754110
2026,6,1,台北,大三元酒樓,大三元酒樓,text_hint: image is authoritative,https://500times.udn.com/wtimes/story/122412/9754110
2026,6,1,台北,天下三絕,天下三絕,text_hint: image is authoritative,https://500times.udn.com/wtimes/story/122412/9754110
2026,6,1,台北,天玉麵,天玉麵,text_hint: image is authoritative,https://500times.udn.com/wtimes/story/122412/9754110
2026,6,1,台北,孫麵店,孫麵店,text_hint: image is authoritative,https://500times.udn.com/wtimes/story/122412/9754110
2026,6,1,台北,宇方圓,宇方圓,text_hint: image is authoritative,https://500times.udn.com/wtimes/story/122412/9754110
2026,6,1,台北,富錦樹台菜香檳 敦北店,富錦樹台菜香檳敦北店,text_hint: image is authoritative,https://500times.udn.com/wtimes/story/122412/9754110
2026,6,1,台北,屏東双園火鍋,屏東双園火鍋,text_hint: image is authoritative,https://500times.udn.com/wtimes/story/122412/9754110
2026,6,1,台北,巷子龍家常菜,巷子龍家常菜,text_hint: image is authoritative,https://500times.udn.com/wtimes/story/122412/9754110
2026,6,1,台北,彧 割烹,彧割烹,text_hint: image is authoritative,https://500times.udn.com/wtimes/story/122412/9754110
2026,6,1,台北,心潮飯店（微風信義店）,心潮飯店,text_hint: image is authoritative,https://500times.udn.com/wtimes/story/122412/9754110
2026,6,1,台北,惦-安私廚,惦安私廚,text_hint: image is authoritative,https://500times.udn.com/wtimes/story/122412/9754110
2026,6,1,台北,承家私廚,承家私廚,text_hint: image is authoritative,https://500times.udn.com/wtimes/story/122412/9754110
2026,6,1,台北,掬·Kiku,掬kiku,text_hint: image is authoritative,https://500times.udn.com/wtimes/story/122412/9754110
2026,6,1,台北,敦南會館,敦南會館,text_hint: image is authoritative,https://500times.udn.com/wtimes/story/122412/9754110
2026,6,1,台北,新采粵式小館,新采粵式小館,text_hint: image is authoritative,https://500times.udn.com/wtimes/story/122412/9754110
2026,6,1,台北,方家小館,方家小館,text_hint: image is authoritative,https://500times.udn.com/wtimes/story/122412/9754110
2026,6,1,台北,明粵,明粵,text_hint: image is authoritative,https://500times.udn.com/wtimes/story/122412/9754110
2026,6,1,台北,星龍鳳,星龍鳳,text_hint: image is authoritative,https://500times.udn.com/wtimes/story/122412/9754110
2026,6,1,台北,春水堂（中正店）,春水堂,text_hint: image is authoritative,https://500times.udn.com/wtimes/story/122412/9754110
2026,6,1,台北,月夜岩 蟹懷石,月夜岩蟹懷石,text_hint: image is authoritative,https://500times.udn.com/wtimes/story/122412/9754110
2026,6,1,台北,月白,月白,text_hint: image is authoritative,https://500times.udn.com/wtimes/story/122412/9754110
2026,6,1,台北,朧粵,朧粵,text_hint: image is authoritative,https://500times.udn.com/wtimes/story/122412/9754110
2026,6,1,台北,柒號洋樓,柒號洋樓,text_hint: image is authoritative,https://500times.udn.com/wtimes/story/122412/9754110
2026,6,1,台北,樂埔町,樂埔町,text_hint: image is authoritative,https://500times.udn.com/wtimes/story/122412/9754110
2026,6,1,台北,樂埔薈所,樂埔薈所,text_hint: image is authoritative,https://500times.udn.com/wtimes/story/122412/9754110
2026,6,1,台北,樂軒和牛專門店,樂軒和牛專門店,text_hint: image is authoritative,https://500times.udn.com/wtimes/story/122412/9754110
2026,6,1,台北,樂軒松阪亭,樂軒松阪亭,text_hint: image is authoritative,https://500times.udn.com/wtimes/story/122412/9754110
2026,6,1,台北,欣葉・鐘菜,欣葉鐘菜,text_hint: image is authoritative,https://500times.udn.com/wtimes/story/122412/9754110
2026,6,1,台北,毛家私廚,毛家私廚,text_hint: image is authoritative,https://500times.udn.com/wtimes/story/122412/9754110
2026,6,1,台北,海倫鮮土司施家粵菜,海倫鮮土司施家粵菜,text_hint: image is authoritative,https://500times.udn.com/wtimes/story/122412/9754110
2026,6,1,台北,海派私房菜,海派私房菜,text_hint: image is authoritative,https://500times.udn.com/wtimes/story/122412/9754110
2026,6,1,台北,渡邉,渡邉,text_hint: image is authoritative,https://500times.udn.com/wtimes/story/122412/9754110
2026,6,1,台北,湯葉割烹,湯葉割烹,text_hint: image is authoritative,https://500times.udn.com/wtimes/story/122412/9754110
2026,6,1,台北,潮粵坊,潮粵坊,text_hint: image is authoritative,https://500times.udn.com/wtimes/story/122412/9754110
2026,6,1,台北,濟安鮨日本料理,濟安鮨日本料理,text_hint: image is authoritative,https://500times.udn.com/wtimes/story/122412/9754110
2026,6,1,台北,焞料理屋,焞料理屋,text_hint: image is authoritative,https://500times.udn.com/wtimes/story/122412/9754110
2026,6,1,台北,牛琅溫體牛火鍋（春大直店）,牛琅溫體牛火鍋,text_hint: image is authoritative,https://500times.udn.com/wtimes/story/122412/9754110
2026,6,1,台北,牛肆,牛肆,text_hint: image is authoritative,https://500times.udn.com/wtimes/story/122412/9754110
2026,6,1,台北,玉喜飯店,玉喜飯店,text_hint: image is authoritative,https://500times.udn.com/wtimes/story/122412/9754110
2026,6,1,台北,玉瀧谷,玉瀧谷,text_hint: image is authoritative,https://500times.udn.com/wtimes/story/122412/9754110
2026,6,1,台北,破壞者珈琲食堂,破壞者珈琲食堂,text_hint: image is authoritative,https://500times.udn.com/wtimes/story/122412/9754110
2026,6,1,台北,福旺,福旺,text_hint: image is authoritative,https://500times.udn.com/wtimes/story/122412/9754110
2026,6,1,台北,穆記牛肉麵,穆記牛肉麵,text_hint: image is authoritative,https://500times.udn.com/wtimes/story/122412/9754110
2026,6,1,台北,笹鮨 SASA,笹鮨sasa,text_hint: image is authoritative,https://500times.udn.com/wtimes/story/122412/9754110
2026,6,1,台北,米匠（華山店）,米匠,text_hint: image is authoritative,https://500times.udn.com/wtimes/story/122412/9754110
2026,6,1,台北,綾 割烹,綾割烹,text_hint: image is authoritative,https://500times.udn.com/wtimes/story/122412/9754110
2026,6,1,台北,肉 RÒU BY T-HAM,肉ròubytham,text_hint: image is authoritative,https://500times.udn.com/wtimes/story/122412/9754110
2026,6,1,台北,興鐵板燒,興鐵板燒,text_hint: image is authoritative,https://500times.udn.com/wtimes/story/122412/9754110
2026,6,1,台北,花敦道,花敦道,text_hint: image is authoritative,https://500times.udn.com/wtimes/story/122412/9754110
2026,6,1,台北,蔬慕,蔬慕,text_hint: image is authoritative,https://500times.udn.com/wtimes/story/122412/9754110
2026,6,1,台北,蘇杭365上海餐酒館（北護店）,蘇杭365上海餐酒館,text_hint: image is authoritative,https://500times.udn.com/wtimes/story/122412/9754110
2026,6,1,台北,蘇杭點心店,蘇杭點心店,text_hint: image is authoritative,https://500times.udn.com/wtimes/story/122412/9754110
2026,6,1,台北,貓下去敦北俱樂部,貓下去敦北俱樂部,text_hint: image is authoritative,https://500times.udn.com/wtimes/story/122412/9754110
2026,6,1,台北,貴Takai壽司.割烹,貴takai壽司割烹,text_hint: image is authoritative,https://500times.udn.com/wtimes/story/122412/9754110
2026,6,1,台北,赤綠,赤綠,text_hint: image is authoritative,https://500times.udn.com/wtimes/story/122412/9754110
2026,6,1,台北,赤身燒肉,赤身燒肉,text_hint: image is authoritative,https://500times.udn.com/wtimes/story/122412/9754110
2026,6,1,台北,醇一拉麵,醇一拉麵,text_hint: image is authoritative,https://500times.udn.com/wtimes/story/122412/9754110
2026,6,1,台北,采源,采源,text_hint: image is authoritative,https://500times.udn.com/wtimes/story/122412/9754110
2026,6,1,台北,金豬食堂,金豬食堂,text_hint: image is authoritative,https://500times.udn.com/wtimes/story/122412/9754110
2026,6,1,台北,食堂平浪,食堂平浪,text_hint: image is authoritative,https://500times.udn.com/wtimes/story/122412/9754110
2026,6,1,台北,馗心宴,馗心宴,text_hint: image is authoritative,https://500times.udn.com/wtimes/story/122412/9754110
2026,6,1,台北,香宮,香宮,text_hint: image is authoritative,https://500times.udn.com/wtimes/story/122412/9754110
2026,6,1,台北,香色,香色,text_hint: image is authoritative,https://500times.udn.com/wtimes/story/122412/9754110
2026,6,1,台北,驢子餐廳（賦樂旅居店）,驢子餐廳,text_hint: image is authoritative,https://500times.udn.com/wtimes/story/122412/9754110
2026,6,1,台北,鮨 香,鮨香,text_hint: image is authoritative,https://500times.udn.com/wtimes/story/122412/9754110
2026,6,1,台北,鮨をう(鮨翁),鮨をう,text_hint: image is authoritative,https://500times.udn.com/wtimes/story/122412/9754110
2026,6,1,台北,鮨嘉仁,鮨嘉仁,text_hint: image is authoritative,https://500times.udn.com/wtimes/story/122412/9754110
2026,6,1,台北,鮨崤,鮨崤,text_hint: image is authoritative,https://500times.udn.com/wtimes/story/122412/9754110
2026,6,1,台北,黑武士特色老火鍋 信義A9店,黑武士特色老火鍋信義a9店,text_hint: image is authoritative,https://500times.udn.com/wtimes/story/122412/9754110
2026,6,1,台北,黑美林,黑美林,text_hint: image is authoritative,https://500times.udn.com/wtimes/story/122412/9754110
2026,6,1,台南,AMA LABO,amalabo,text_hint: image is authoritative,https://500times.udn.com/wtimes/story/122412/9754110
2026,6,1,台南,FOUFOU餐酒館,foufou餐酒館,text_hint: image is authoritative,https://500times.udn.com/wtimes/story/122412/9754110
2026,6,1,台南,來一片,來一片,text_hint: image is authoritative,https://500times.udn.com/wtimes/story/122412/9754110
2026,6,1,台南,八豆食府-台式懷舊料理,八豆食府台式懷舊料理,text_hint: image is authoritative,https://500times.udn.com/wtimes/story/122412/9754110
2026,6,1,台南,咕嚕家庭料理館,咕嚕家庭料理館,text_hint: image is authoritative,https://500times.udn.com/wtimes/story/122412/9754110
2026,6,1,台南,有你真好 湘菜沙龍（台南五妃店）,有你真好湘菜沙龍,text_hint: image is authoritative,https://500times.udn.com/wtimes/story/122412/9754110
2026,6,1,台南,欣欣餐廳,欣欣餐廳,text_hint: image is authoritative,https://500times.udn.com/wtimes/story/122412/9754110
2026,6,1,台南,知味料理館,知味料理館,text_hint: image is authoritative,https://500times.udn.com/wtimes/story/122412/9754110
2026,6,1,台南,福來小棧沙茶爐,福來小棧沙茶爐,text_hint: image is authoritative,https://500times.udn.com/wtimes/story/122412/9754110
2026,6,1,台南,葉陶楊坊人文餐廳,葉陶楊坊人文餐廳,text_hint: image is authoritative,https://500times.udn.com/wtimes/story/122412/9754110
2026,6,1,台南,阿裕牛肉涮涮鍋,阿裕牛肉涮涮鍋,text_hint: image is authoritative,https://500times.udn.com/wtimes/story/122412/9754110
2026,6,1,台南,阿財牛肉湯,阿財牛肉湯,text_hint: image is authoritative,https://500times.udn.com/wtimes/story/122412/9754110
2026,6,1,台東,回家食間,回家食間,text_hint: image is authoritative,https://500times.udn.com/wtimes/story/122412/9754110
2026,6,1,台東,特選海產店,特選海產店,text_hint: image is authoritative,https://500times.udn.com/wtimes/story/122412/9754110
2026,6,1,台東,秘食私廚,秘食私廚,text_hint: image is authoritative,https://500times.udn.com/wtimes/story/122412/9754110
2026,6,1,宜蘭,凱渡廣場酒店 Archi 藝廚,凱渡廣場酒店archi藝廚,text_hint: image is authoritative,https://500times.udn.com/wtimes/story/122412/9754110
2026,6,1,宜蘭,廟口海產小吃,廟口海產小吃,text_hint: image is authoritative,https://500times.udn.com/wtimes/story/122412/9754110
2026,6,1,宜蘭,簡捷餐桌,簡捷餐桌,text_hint: image is authoritative,https://500times.udn.com/wtimes/story/122412/9754110
2026,6,1,宜蘭,花愛現小酒館,花愛現小酒館,text_hint: image is authoritative,https://500times.udn.com/wtimes/story/122412/9754110
2026,6,1,宜蘭,饗宴鐵板燒,饗宴鐵板燒,text_hint: image is authoritative,https://500times.udn.com/wtimes/story/122412/9754110
2026,6,1,宜蘭,麓餐館,麓餐館,text_hint: image is authoritative,https://500times.udn.com/wtimes/story/122412/9754110
2026,6,1,新北,上海浙園,上海浙園,text_hint: image is authoritative,https://500times.udn.com/wtimes/story/122412/9754110
2026,6,1,新北,客家小館,客家小館,text_hint: image is authoritative,https://500times.udn.com/wtimes/story/122412/9754110
2026,6,1,新北,小喬新疆羊肉串,小喬新疆羊肉串,text_hint: image is authoritative,https://500times.udn.com/wtimes/story/122412/9754110
2026,6,1,新北,洛琳莊園,洛琳莊園,text_hint: image is authoritative,https://500times.udn.com/wtimes/story/122412/9754110
2026,6,1,新北,瑞濱海鮮小吃,瑞濱海鮮小吃,text_hint: image is authoritative,https://500times.udn.com/wtimes/story/122412/9754110
2026,6,1,新北,秀山大飯店,秀山大飯店,text_hint: image is authoritative,https://500times.udn.com/wtimes/story/122412/9754110
2026,6,1,新北,萬福/桃源雞莊,萬福桃源雞莊,text_hint: image is authoritative,https://500times.udn.com/wtimes/story/122412/9754110
2026,6,1,新北,青青餐廳,青青餐廳,text_hint: image is authoritative,https://500times.udn.com/wtimes/story/122412/9754110
2026,6,1,新竹,Bebu 春嬌粄條,bebu春嬌粄條,text_hint: image is authoritative,https://500times.udn.com/wtimes/story/122412/9754110
2026,6,1,新竹,彼刻義式餐酒館,彼刻義式餐酒館,text_hint: image is authoritative,https://500times.udn.com/wtimes/story/122412/9754110
2026,6,1,新竹,犀牛西式小館,犀牛西式小館,text_hint: image is authoritative,https://500times.udn.com/wtimes/story/122412/9754110
2026,6,1,桃園,栗ノ木,栗ノ木,text_hint: image is authoritative,https://500times.udn.com/wtimes/story/122412/9754110
2026,6,1,桃園,江家羊肉,江家羊肉,text_hint: image is authoritative,https://500times.udn.com/wtimes/story/122412/9754110
2026,6,1,桃園,臨園餐廳,臨園餐廳,text_hint: image is authoritative,https://500times.udn.com/wtimes/story/122412/9754110
2026,6,1,澎湖,龍門海鮮餐廳,龍門海鮮餐廳,text_hint: image is authoritative,https://500times.udn.com/wtimes/story/122412/9754110
2026,6,1,花蓮,牛巴達全牛專賣店,牛巴達全牛專賣店,text_hint: image is authoritative,https://500times.udn.com/wtimes/story/122412/9754110
2026,6,1,花蓮,至寶軒,至寶軒,text_hint: image is authoritative,https://500times.udn.com/wtimes/story/122412/9754110
2026,6,1,苗栗,鄉園客家小館,鄉園客家小館,text_hint: image is authoritative,https://500times.udn.com/wtimes/story/122412/9754110
2026,6,1,高雄,HAILI,haili,text_hint: image is authoritative,https://500times.udn.com/wtimes/story/122412/9754110
2026,6,1,高雄,HAWKER 好客南洋餐廳,hawker好客南洋餐廳,text_hint: image is authoritative,https://500times.udn.com/wtimes/story/122412/9754110
2026,6,1,高雄,LA ONE Kitchen,laonekitchen,text_hint: image is authoritative,https://500times.udn.com/wtimes/story/122412/9754110
2026,6,1,高雄,NIBBON,nibbon,text_hint: image is authoritative,https://500times.udn.com/wtimes/story/122412/9754110
2026,6,1,高雄,上菜 片皮鴨專賣店 高雄夢時代店,上菜片皮鴨專賣店高雄夢時代店,text_hint: image is authoritative,https://500times.udn.com/wtimes/story/122412/9754110
2026,6,1,高雄,帕莎蒂娜 義大利屋,帕莎蒂娜義大利屋,text_hint: image is authoritative,https://500times.udn.com/wtimes/story/122412/9754110
2026,6,1,高雄,新統一傳統牛排,新統一傳統牛排,text_hint: image is authoritative,https://500times.udn.com/wtimes/story/122412/9754110
2026,6,1,高雄,朱窩,朱窩,text_hint: image is authoritative,https://500times.udn.com/wtimes/story/122412/9754110
2026,6,1,高雄,漢來蔬食 高雄佛館店,漢來蔬食高雄佛館店,text_hint: image is authoritative,https://500times.udn.com/wtimes/story/122412/9754110
2026,6,1,高雄,美享地牛排館,美享地牛排館,text_hint: image is authoritative,https://500times.udn.com/wtimes/story/122412/9754110
2026,6,1,高雄,老新台菜（九如創始店）,老新台菜,text_hint: image is authoritative,https://500times.udn.com/wtimes/story/122412/9754110
2026,6,1,高雄,菜包李小吃部,菜包李小吃部,text_hint: image is authoritative,https://500times.udn.com/wtimes/story/122412/9754110
2026,6,1,高雄,蟳之屋,蟳之屋,text_hint: image is authoritative,https://500times.udn.com/wtimes/story/122412/9754110
2026,6,1,高雄,酒灑職人串燒,酒灑職人串燒,text_hint: image is authoritative,https://500times.udn.com/wtimes/story/122412/9754110
2026,6,1,高雄,願景軒餐廳,願景軒餐廳,text_hint: image is authoritative,https://500times.udn.com/wtimes/story/122412/9754110
2026,6,1,高雄,高雄 Ukai 亭,高雄ukai亭,text_hint: image is authoritative,https://500times.udn.com/wtimes/story/122412/9754110
2026,6,1,高雄,鮨みこし鮨己越,鮨みこし鮨己越,text_hint: image is authoritative,https://500times.udn.com/wtimes/story/122412/9754110
2026,6,1,高雄,鮨毅,鮨毅,text_hint: image is authoritative,https://500times.udn.com/wtimes/story/122412/9754110
2025,5,14,台北,晶華軒 Silks House,晶華軒silkshouse,text: image is authoritative,https://500times.udn.com/wtimes/story/122412/9007797
2025,5,11,台北,紅棉 Red Cotton,紅棉redcotton,text: image is authoritative,https://500times.udn.com/wtimes/story/122412/9007797
2025,5,7,台北,logy,logy,text: image is authoritative,https://500times.udn.com/wtimes/story/122412/9007797
2025,5,7,台北,台北喜來登大飯店 請客樓,台北喜來登大飯店請客樓,text: image is authoritative,https://500times.udn.com/wtimes/story/122412/9007797
2025,5,7,台北,牡丹．極上 天ぷら,牡丹極上天ぷら,text: image is authoritative,https://500times.udn.com/wtimes/story/122412/9007797
2025,5,6,台北,SENS,sens,text: image is authoritative,https://500times.udn.com/wtimes/story/122412/9007797
2025,5,6,台北,aMaze 心宴,amaze心宴,text: image is authoritative,https://500times.udn.com/wtimes/story/122412/9007797
2025,5,6,台北,鄒記食舖,鄒記食舖,text: image is authoritative,https://500times.udn.com/wtimes/story/122412/9007797
2025,5,6,台北,頤宮中餐廳,頤宮中餐廳,text: image is authoritative,https://500times.udn.com/wtimes/story/122412/9007797
2025,5,5,台北,Golden/Afterglo,goldenafterglo,text: image is authoritative,https://500times.udn.com/wtimes/story/122412/9007797
2025,5,5,台北,國賓中餐廳,國賓中餐廳,text: image is authoritative,https://500times.udn.com/wtimes/story/122412/9007797
2025,5,4,台中,元紀．台灣菜,元紀台灣菜,text: image is authoritative,https://500times.udn.com/wtimes/story/122412/9007797
2025,5,4,台中,鳥苑 Torien Yakitori,鳥苑torienyakitori,text: image is authoritative,https://500times.udn.com/wtimes/story/122412/9007797
2025,5,4,台北,Restaurant A,restauranta,text: image is authoritative,https://500times.udn.com/wtimes/story/122412/9007797
2025,5,4,台北,Wok by O'BOND,wokbyobond,text: image is authoritative,https://500times.udn.com/wtimes/story/122412/9007797
2025,5,4,台北,知名李,知名李,text: image is authoritative,https://500times.udn.com/wtimes/story/122412/9007797
2025,5,4,台北,香色 XIANG SE,香色xiangse,text: image is authoritative,https://500times.udn.com/wtimes/story/122412/9007797
2025,5,4,台北,鼎泰豐,鼎泰豐,text: image is authoritative,https://500times.udn.com/wtimes/story/122412/9007797
2025,5,3,台北,Ad Astra,adastra,text: image is authoritative,https://500times.udn.com/wtimes/story/122412/9007797
2025,5,3,台北,Adachi 足立壽司,adachi足立壽司,text: image is authoritative,https://500times.udn.com/wtimes/story/122412/9007797
2025,5,3,台北,Circum-,circum,text: image is authoritative,https://500times.udn.com/wtimes/story/122412/9007797
2025,5,3,台北,FRASSI,frassi,text: image is authoritative,https://500times.udn.com/wtimes/story/122412/9007797
2025,5,3,台北,Mizue,mizue,text: image is authoritative,https://500times.udn.com/wtimes/story/122412/9007797
2025,5,3,台北,NOBUO,nobuo,text: image is authoritative,https://500times.udn.com/wtimes/story/122412/9007797
2025,5,3,台北,Solo Pasta,solopasta,text: image is authoritative,https://500times.udn.com/wtimes/story/122412/9007797
2025,5,3,台北,TIPSY Sparrow,tipsysparrow,text: image is authoritative,https://500times.udn.com/wtimes/story/122412/9007797
2025,5,3,台北,ZEA,zea,text: image is authoritative,https://500times.udn.com/wtimes/story/122412/9007797
2025,5,3,台北,de nuit,denuit,text: image is authoritative,https://500times.udn.com/wtimes/story/122412/9007797
2025,5,3,台北,夜上海,夜上海,text: image is authoritative,https://500times.udn.com/wtimes/story/122412/9007797
2025,5,3,台北,富錦樹台菜香檳,富錦樹台菜香檳,text: image is authoritative,https://500times.udn.com/wtimes/story/122412/9007797
2025,5,3,台北,布雍家Bouillon,布雍家bouillon,text: image is authoritative,https://500times.udn.com/wtimes/story/122412/9007797
2025,5,3,台北,彧割烹,彧割烹,text: image is authoritative,https://500times.udn.com/wtimes/story/122412/9007797
2025,5,3,台北,捌伍添第,捌伍添第,text: image is authoritative,https://500times.udn.com/wtimes/story/122412/9007797
2025,5,3,台北,明福台菜,明福台菜,text: image is authoritative,https://500times.udn.com/wtimes/story/122412/9007797
2025,5,3,台北,朧粵,朧粵,text: image is authoritative,https://500times.udn.com/wtimes/story/122412/9007797
2025,5,3,台北,秦味館,秦味館,text: image is authoritative,https://500times.udn.com/wtimes/story/122412/9007797
2025,5,3,台北,貳零捌公館,貳零捌公館,text: image is authoritative,https://500times.udn.com/wtimes/story/122412/9007797
2025,5,3,台北,赤綠,赤綠,text: image is authoritative,https://500times.udn.com/wtimes/story/122412/9007797
2025,5,3,台北,金蓬萊遵古台菜餐廳,金蓬萊遵古台菜餐廳,text: image is authoritative,https://500times.udn.com/wtimes/story/122412/9007797
2025,5,3,台北,驥園川菜餐廳,驥園川菜餐廳,text: image is authoritative,https://500times.udn.com/wtimes/story/122412/9007797
2025,5,3,宜蘭,宜自若,宜自若,text: image is authoritative,https://500times.udn.com/wtimes/story/122412/9007797
2025,5,2,台中,JL Studio,jlstudio,text: image is authoritative,https://500times.udn.com/wtimes/story/122412/9007797
2025,5,2,台中,与玥樓頂級粵菜餐廳,与玥樓頂級粵菜餐廳,text: image is authoritative,https://500times.udn.com/wtimes/story/122412/9007797
2025,5,2,台中,山与,山与,text: image is authoritative,https://500times.udn.com/wtimes/story/122412/9007797
2025,5,2,台北,Bogart's Smokehouse Taipei,bogartssmokehousetaipei,text: image is authoritative,https://500times.udn.com/wtimes/story/122412/9007797
2025,5,2,台北,COAST,coast,text: image is authoritative,https://500times.udn.com/wtimes/story/122412/9007797
2025,5,2,台北,Café de LUGANO 盧卡諾義法餐酒館,cafédelugano盧卡諾義法餐酒館,text: image is authoritative,https://500times.udn.com/wtimes/story/122412/9007797
2025,5,2,台北,Earnestos,earnestos,text: image is authoritative,https://500times.udn.com/wtimes/story/122412/9007797
2025,5,2,台北,KOUMA日本料理小馬,kouma日本料理小馬,text: image is authoritative,https://500times.udn.com/wtimes/story/122412/9007797
2025,5,2,台北,La Vie by Thomas Bühner 睿麗餐廳,laviebythomasbühner睿麗餐廳,text: image is authoritative,https://500times.udn.com/wtimes/story/122412/9007797
2025,5,2,台北,MUME,mume,text: image is authoritative,https://500times.udn.com/wtimes/story/122412/9007797
2025,5,2,台北,Salt & Stone,saltstone,text: image is authoritative,https://500times.udn.com/wtimes/story/122412/9007797
2025,5,2,台北,TUGA,tuga,text: image is authoritative,https://500times.udn.com/wtimes/story/122412/9007797
2025,5,2,台北,Tutto Bello,tuttobello,text: image is authoritative,https://500times.udn.com/wtimes/story/122412/9007797
2025,5,2,台北,fumée,fumée,text: image is authoritative,https://500times.udn.com/wtimes/story/122412/9007797
2025,5,2,台北,onefifteen 初衣食午,onefifteen初衣食午,text: image is authoritative,https://500times.udn.com/wtimes/story/122412/9007797
2025,5,2,台北,三六食府,三六食府,text: image is authoritative,https://500times.udn.com/wtimes/story/122412/9007797
2025,5,2,台北,中山對酌,中山對酌,text: image is authoritative,https://500times.udn.com/wtimes/story/122412/9007797
2025,5,2,台北,凜割烹,凜割烹,text: image is authoritative,https://500times.udn.com/wtimes/story/122412/9007797
2025,5,2,台北,十里。尋,十里尋,text: image is authoritative,https://500times.udn.com/wtimes/story/122412/9007797
2025,5,2,台北,南村｜私廚‧小酒棧,南村私廚小酒棧,text: image is authoritative,https://500times.udn.com/wtimes/story/122412/9007797
2025,5,2,台北,台北喜來登大飯店 SUKHOTHAI 泰式餐廳,台北喜來登大飯店sukhothai泰式餐廳,text: image is authoritative,https://500times.udn.com/wtimes/story/122412/9007797
2025,5,2,台北,君尹 Brisé,君尹brisé,text: image is authoritative,https://500times.udn.com/wtimes/story/122412/9007797
2025,5,2,台北,好嶼,好嶼,text: image is authoritative,https://500times.udn.com/wtimes/story/122412/9007797
2025,5,2,台北,小香 SHANN SHANN,小香shannshann,text: image is authoritative,https://500times.udn.com/wtimes/story/122412/9007797
2025,5,2,台北,山海樓,山海樓,text: image is authoritative,https://500times.udn.com/wtimes/story/122412/9007797
2025,5,2,台北,徐家私廚,徐家私廚,text: image is authoritative,https://500times.udn.com/wtimes/story/122412/9007797
2025,5,2,台北,成海壽司,成海壽司,text: image is authoritative,https://500times.udn.com/wtimes/story/122412/9007797
2025,5,2,台北,欣葉台菜創始店,欣葉台菜創始店,text: image is authoritative,https://500times.udn.com/wtimes/story/122412/9007797
2025,5,2,台北,毛家私廚,毛家私廚,text: image is authoritative,https://500times.udn.com/wtimes/story/122412/9007797
2025,5,2,台北,海倫鮮土司施家粵菜,海倫鮮土司施家粵菜,text: image is authoritative,https://500times.udn.com/wtimes/story/122412/9007797
2025,5,2,台北,牛琅,牛琅,text: image is authoritative,https://500times.udn.com/wtimes/story/122412/9007797
2025,5,2,台北,葉公館滬菜,葉公館滬菜,text: image is authoritative,https://500times.udn.com/wtimes/story/122412/9007797
2025,5,2,台北,雅閣,雅閣,text: image is authoritative,https://500times.udn.com/wtimes/story/122412/9007797
2025,5,2,台北,饗 A Joy,饗ajoy,text: image is authoritative,https://500times.udn.com/wtimes/story/122412/9007797
2025,5,2,台北,鮨 香,鮨香,text: image is authoritative,https://500times.udn.com/wtimes/story/122412/9007797
2025,5,2,台北,鮨崤,鮨崤,text: image is authoritative,https://500times.udn.com/wtimes/story/122412/9007797
2025,5,2,基隆,嶼我,嶼我,text: image is authoritative,https://500times.udn.com/wtimes/story/122412/9007797
2025,5,2,宜蘭,好春好然,好春好然,text: image is authoritative,https://500times.udn.com/wtimes/story/122412/9007797
2025,5,2,宜蘭,紅樓中餐廳,紅樓中餐廳,text: image is authoritative,https://500times.udn.com/wtimes/story/122412/9007797
2025,5,2,新北,海園活海鮮餐廳,海園活海鮮餐廳,text: image is authoritative,https://500times.udn.com/wtimes/story/122412/9007797
2025,5,2,高雄,浪際,浪際,text: image is authoritative,https://500times.udn.com/wtimes/story/122412/9007797
2025,5,2,高雄,雋 中餐廳 GEN by Matt Chen,雋中餐廳genbymattchen,text: image is authoritative,https://500times.udn.com/wtimes/story/122412/9007797
2025,5,1,台中,Brass Hana 銅錵日式涮涮鍋,brasshana銅錵日式涮涮鍋,text: image is authoritative,https://500times.udn.com/wtimes/story/122412/9007797
2025,5,1,台中,Glou Suru,glousuru,text: image is authoritative,https://500times.udn.com/wtimes/story/122412/9007797
2025,5,1,台中,enPure 瀞,enpure瀞,text: image is authoritative,https://500times.udn.com/wtimes/story/122412/9007797
2025,5,1,台中,俺達の肉屋,俺達の肉屋,text: image is authoritative,https://500times.udn.com/wtimes/story/122412/9007797
2025,5,1,台中,功夫上海手工魚丸,功夫上海手工魚丸,text: image is authoritative,https://500times.udn.com/wtimes/story/122412/9007797
2025,5,1,台中,好菜,好菜,text: image is authoritative,https://500times.udn.com/wtimes/story/122412/9007797
2025,5,1,台中,小樂沐,小樂沐,text: image is authoritative,https://500times.udn.com/wtimes/story/122412/9007797
2025,5,1,台中,明娟樓,明娟樓,text: image is authoritative,https://500times.udn.com/wtimes/story/122412/9007797
2025,5,1,台中,春日宴 粵菜喜宴,春日宴粵菜喜宴,text: image is authoritative,https://500times.udn.com/wtimes/story/122412/9007797
2025,5,1,台中,梅子活海鮮餐廳,梅子活海鮮餐廳,text: image is authoritative,https://500times.udn.com/wtimes/story/122412/9007797
2025,5,1,台中,水赤床,水赤床,text: image is authoritative,https://500times.udn.com/wtimes/story/122412/9007797
2025,5,1,台中,沁園春,沁園春,text: image is authoritative,https://500times.udn.com/wtimes/story/122412/9007797
2025,5,1,台中,沐明鍋物,沐明鍋物,text: image is authoritative,https://500times.udn.com/wtimes/story/122412/9007797
2025,5,1,台中,沙卡,沙卡,text: image is authoritative,https://500times.udn.com/wtimes/story/122412/9007797
2025,5,1,台中,溫叨古早味料理餐廳,溫叨古早味料理餐廳,text: image is authoritative,https://500times.udn.com/wtimes/story/122412/9007797
2025,5,1,台中,澀Sur-,澀sur,text: image is authoritative,https://500times.udn.com/wtimes/story/122412/9007797
2025,5,1,台中,皮諾可可,皮諾可可,text: image is authoritative,https://500times.udn.com/wtimes/story/122412/9007797
2025,5,1,台中,裡小樓小料理,裡小樓小料理,text: image is authoritative,https://500times.udn.com/wtimes/story/122412/9007797
2025,5,1,台中,醉月樓台灣菜,醉月樓台灣菜,text: image is authoritative,https://500times.udn.com/wtimes/story/122412/9007797
2025,5,1,台中,金悅軒,金悅軒,text: image is authoritative,https://500times.udn.com/wtimes/story/122412/9007797
2025,5,1,台中,頂粵吉品,頂粵吉品,text: image is authoritative,https://500times.udn.com/wtimes/story/122412/9007797
2025,5,1,台中,飛花落院,飛花落院,text: image is authoritative,https://500times.udn.com/wtimes/story/122412/9007797
2025,5,1,台中,香．寓,香寓,text: image is authoritative,https://500times.udn.com/wtimes/story/122412/9007797
2025,5,1,台中,龍富 天婦羅,龍富天婦羅,text: image is authoritative,https://500times.udn.com/wtimes/story/122412/9007797
2025,5,1,台北,1117 一起cafe,1117一起cafe,text: image is authoritative,https://500times.udn.com/wtimes/story/122412/9007797
2025,5,1,台北,1993韓式無菜單料理,1993韓式無菜單料理,text: image is authoritative,https://500times.udn.com/wtimes/story/122412/9007797
2025,5,1,台北,Amamoto 鮨天本,amamoto鮨天本,text: image is authoritative,https://500times.udn.com/wtimes/story/122412/9007797
2025,5,1,台北,Après,après,text: image is authoritative,https://500times.udn.com/wtimes/story/122412/9007797
2025,5,1,台北,BELLINI CAFFÈ（台北復興店）,bellinicaffè,text: image is authoritative,https://500times.udn.com/wtimes/story/122412/9007797
2025,5,1,台北,BELLINI Pasta Pasta,bellinipastapasta,text: image is authoritative,https://500times.udn.com/wtimes/story/122412/9007797
2025,5,1,台北,Bencotto,bencotto,text: image is authoritative,https://500times.udn.com/wtimes/story/122412/9007797
2025,5,1,台北,Butcher by LanPengYou,butcherbylanpengyou,text: image is authoritative,https://500times.udn.com/wtimes/story/122412/9007797
2025,5,1,台北,CLOVER BELLAVITA,cloverbellavita,text: image is authoritative,https://500times.udn.com/wtimes/story/122412/9007797
2025,5,1,台北,Canvas,canvas,text: image is authoritative,https://500times.udn.com/wtimes/story/122412/9007797
2025,5,1,台北,ConfitRémi 黑米,confitrémi黑米,text: image is authoritative,https://500times.udn.com/wtimes/story/122412/9007797
2025,5,1,台北,DOMANI 義式餐廳,domani義式餐廳,text: image is authoritative,https://500times.udn.com/wtimes/story/122412/9007797
2025,5,1,台北,EIKA 盈科,eika盈科,text: image is authoritative,https://500times.udn.com/wtimes/story/122412/9007797
2025,5,1,台北,Extension 1 by 橘色,extension1by橘色,text: image is authoritative,https://500times.udn.com/wtimes/story/122412/9007797
2025,5,1,台北,Fa burger,faburger,text: image is authoritative,https://500times.udn.com/wtimes/story/122412/9007797
2025,5,1,台北,Focoso Taipei,focosotaipei,text: image is authoritative,https://500times.udn.com/wtimes/story/122412/9007797
2025,5,1,台北,Fon-Cé,foncé,text: image is authoritative,https://500times.udn.com/wtimes/story/122412/9007797
2025,5,1,台北,Gustoso Italian Restaurant,gustosoitalianrestaurant,text: image is authoritative,https://500times.udn.com/wtimes/story/122412/9007797
2025,5,1,台北,INGE'S Bar & Grill 台北萬豪酒店,ingesbargrill台北萬豪酒店,text: image is authoritative,https://500times.udn.com/wtimes/story/122412/9007797
2025,5,1,台北,INITA,inita,text: image is authoritative,https://500times.udn.com/wtimes/story/122412/9007797
2025,5,1,台北,Impromptu by Paul Lee,impromptubypaullee,text: image is authoritative,https://500times.udn.com/wtimes/story/122412/9007797
2025,5,1,台北,Jarana,jarana,text: image is authoritative,https://500times.udn.com/wtimes/story/122412/9007797
2025,5,1,台北,Kitkit 創意川食,kitkit創意川食,text: image is authoritative,https://500times.udn.com/wtimes/story/122412/9007797
2025,5,1,台北,L.C Française 法租界,lcfrançaise法租界,text: image is authoritative,https://500times.udn.com/wtimes/story/122412/9007797
2025,5,1,台北,LOPFAIT Grill,lopfaitgrill,text: image is authoritative,https://500times.udn.com/wtimes/story/122412/9007797
2025,5,1,台北,LOPFAIT 樂斐,lopfait樂斐,text: image is authoritative,https://500times.udn.com/wtimes/story/122412/9007797
2025,5,1,台北,L’Atelier de Joël Robuchon Taipei,latelierdejoëlrobuchontaipei,text: image is authoritative,https://500times.udn.com/wtimes/story/122412/9007797
2025,5,1,台北,M&CO,mco,text: image is authoritative,https://500times.udn.com/wtimes/story/122412/9007797
2025,5,1,台北,Magic Touch,magictouch,text: image is authoritative,https://500times.udn.com/wtimes/story/122412/9007797
2025,5,1,台北,Mark's Teppanyaki 台北萬豪酒店,marksteppanyaki台北萬豪酒店,text: image is authoritative,https://500times.udn.com/wtimes/story/122412/9007797
2025,5,1,台北,PASTi,pasti,text: image is authoritative,https://500times.udn.com/wtimes/story/122412/9007797
2025,5,1,台北,PIZZAROUND 比薩斜躺,pizzaround比薩斜躺,text: image is authoritative,https://500times.udn.com/wtimes/story/122412/9007797
2025,5,1,台北,POPINA,popina,text: image is authoritative,https://500times.udn.com/wtimes/story/122412/9007797
2025,5,1,台北,PPM Cafe&Bar,ppmcafebar,text: image is authoritative,https://500times.udn.com/wtimes/story/122412/9007797
2025,5,1,台北,Pastaio Noodle cafe,pastaionoodlecafe,text: image is authoritative,https://500times.udn.com/wtimes/story/122412/9007797
2025,5,1,台北,Plants,plants,text: image is authoritative,https://500times.udn.com/wtimes/story/122412/9007797
2025,5,1,台北,PÀNG Taco 胖塔可,pàngtaco胖塔可,text: image is authoritative,https://500times.udn.com/wtimes/story/122412/9007797
2025,5,1,台北,Reale Cucina Italiana,realecucinaitaliana,text: image is authoritative,https://500times.udn.com/wtimes/story/122412/9007797
2025,5,1,台北,"Restaurant 12, YMS by Onefifteen",restaurant12ymsbyonefifteen,text: image is authoritative,https://500times.udn.com/wtimes/story/122412/9007797
2025,5,1,台北,SBREAD,sbread,text: image is authoritative,https://500times.udn.com/wtimes/story/122412/9007797
2025,5,1,台北,Seafood & Meat 波波海鮮市集,seafoodmeat波波海鮮市集,text: image is authoritative,https://500times.udn.com/wtimes/story/122412/9007797
2025,5,1,台北,Tatami 私廚,tatami私廚,text: image is authoritative,https://500times.udn.com/wtimes/story/122412/9007797
2025,5,1,台北,Taïrroir 態芮,taïrroir態芮,text: image is authoritative,https://500times.udn.com/wtimes/story/122412/9007797
2025,5,1,台北,The Antipodean（內湖店）,theantipodean,text: image is authoritative,https://500times.udn.com/wtimes/story/122412/9007797
2025,5,1,台北,The Chapter,thechapter,text: image is authoritative,https://500times.udn.com/wtimes/story/122412/9007797
2025,5,1,台北,The Ukai Taipei Teppanyaki,theukaitaipeiteppanyaki,text: image is authoritative,https://500times.udn.com/wtimes/story/122412/9007797
2025,5,1,台北,Wagyu Mania,wagyumania,text: image is authoritative,https://500times.udn.com/wtimes/story/122412/9007797
2025,5,1,台北,Wild Donkey 野驢小餐館（台北／台中）,wilddonkey野驢小餐館,text: image is authoritative,https://500times.udn.com/wtimes/story/122412/9007797
2025,5,1,台北,Zaaptaipei,zaaptaipei,text: image is authoritative,https://500times.udn.com/wtimes/story/122412/9007797
2025,5,1,台北,foldie 蔬食餐酒館,foldie蔬食餐酒館,text: image is authoritative,https://500times.udn.com/wtimes/story/122412/9007797
2025,5,1,台北,inari Izakaya 現代居酒屋,inariizakaya現代居酒屋,text: image is authoritative,https://500times.udn.com/wtimes/story/122412/9007797
2025,5,1,台北,ÉCRU,écru,text: image is authoritative,https://500times.udn.com/wtimes/story/122412/9007797
2025,5,1,台北,三二行館,三二行館,text: image is authoritative,https://500times.udn.com/wtimes/story/122412/9007797
2025,5,1,台北,三禾小廚私房菜,三禾小廚私房菜,text: image is authoritative,https://500times.udn.com/wtimes/story/122412/9007797
2025,5,1,台北,京丘・炭火燒鳥專門店,京丘炭火燒鳥專門店,text: image is authoritative,https://500times.udn.com/wtimes/story/122412/9007797
2025,5,1,台北,允壽司,允壽司,text: image is authoritative,https://500times.udn.com/wtimes/story/122412/9007797
2025,5,1,台北,元一台灣天婦羅,元一台灣天婦羅,text: image is authoritative,https://500times.udn.com/wtimes/story/122412/9007797
2025,5,1,台北,兄弟飯店 蘭花廳,兄弟飯店蘭花廳,text: image is authoritative,https://500times.udn.com/wtimes/story/122412/9007797
2025,5,1,台北,先進海產店,先進海產店,text: image is authoritative,https://500times.udn.com/wtimes/story/122412/9007797
2025,5,1,台北,六品小館,六品小館,text: image is authoritative,https://500times.udn.com/wtimes/story/122412/9007797
2025,5,1,台北,六廚川客料理,六廚川客料理,text: image is authoritative,https://500times.udn.com/wtimes/story/122412/9007797
2025,5,1,台北,冠宸食館,冠宸食館,text: image is authoritative,https://500times.udn.com/wtimes/story/122412/9007797
2025,5,1,台北,匠樂割烹壽司,匠樂割烹壽司,text: image is authoritative,https://500times.udn.com/wtimes/story/122412/9007797
2025,5,1,台北,台北亞都麗緻大飯店 巴賽麗廳,台北亞都麗緻大飯店巴賽麗廳,text: image is authoritative,https://500times.udn.com/wtimes/story/122412/9007797
2025,5,1,台北,台北君悅酒店 雲錦中餐廳,台北君悅酒店雲錦中餐廳,text: image is authoritative,https://500times.udn.com/wtimes/story/122412/9007797
2025,5,1,台北,台北喜來登大飯店 比薩屋,台北喜來登大飯店比薩屋,text: image is authoritative,https://500times.udn.com/wtimes/story/122412/9007797
2025,5,1,台北,台北晶華酒店 ROBIN'S 牛排屋,台北晶華酒店robins牛排屋,text: image is authoritative,https://500times.udn.com/wtimes/story/122412/9007797
2025,5,1,台北,台北晶華酒店 上庭酒廊,台北晶華酒店上庭酒廊,text: image is authoritative,https://500times.udn.com/wtimes/story/122412/9007797
2025,5,1,台北,台北美福大飯店 潮粵坊港潮餐廳,台北美福大飯店潮粵坊港潮餐廳,text: image is authoritative,https://500times.udn.com/wtimes/story/122412/9007797
2025,5,1,台北,吉兆割烹壽司,吉兆割烹壽司,text: image is authoritative,https://500times.udn.com/wtimes/story/122412/9007797
2025,5,1,台北,吉品海鮮（敦南店）,吉品海鮮,text: image is authoritative,https://500times.udn.com/wtimes/story/122412/9007797
2025,5,1,台北,呷味鮮處女蟳,呷味鮮處女蟳,text: image is authoritative,https://500times.udn.com/wtimes/story/122412/9007797
2025,5,1,台北,品湯。白色麻辣鍋專賣店（信義市府店）,品湯白色麻辣鍋專賣店,text: image is authoritative,https://500times.udn.com/wtimes/story/122412/9007797
2025,5,1,台北,喆園,喆園,text: image is authoritative,https://500times.udn.com/wtimes/story/122412/9007797
2025,5,1,台北,喜相逢麵館,喜相逢麵館,text: image is authoritative,https://500times.udn.com/wtimes/story/122412/9007797
2025,5,1,台北,圍爐酸菜白肉火鍋,圍爐酸菜白肉火鍋,text: image is authoritative,https://500times.udn.com/wtimes/story/122412/9007797
2025,5,1,台北,夏花餐室,夏花餐室,text: image is authoritative,https://500times.udn.com/wtimes/story/122412/9007797
2025,5,1,台北,夙席,夙席,text: image is authoritative,https://500times.udn.com/wtimes/story/122412/9007797
2025,5,1,台北,大腕燒肉專門店,大腕燒肉專門店,text: image is authoritative,https://500times.udn.com/wtimes/story/122412/9007797
2025,5,1,台北,太春小館（民生店）,太春小館,text: image is authoritative,https://500times.udn.com/wtimes/story/122412/9007797
2025,5,1,台北,如嬌花膠雞．鍋物（民權一店）,如嬌花膠雞鍋物,text: image is authoritative,https://500times.udn.com/wtimes/story/122412/9007797
2025,5,1,台北,小膳香成都麻辣火鍋,小膳香成都麻辣火鍋,text: image is authoritative,https://500times.udn.com/wtimes/story/122412/9007797
2025,5,1,台北,川揚郁坊小館,川揚郁坊小館,text: image is authoritative,https://500times.udn.com/wtimes/story/122412/9007797
2025,5,1,台北,川湘號,川湘號,text: image is authoritative,https://500times.udn.com/wtimes/story/122412/9007797
2025,5,1,台北,川雅,川雅,text: image is authoritative,https://500times.udn.com/wtimes/story/122412/9007797
2025,5,1,台北,帕泰家 Baan Phadthai,帕泰家baanphadthai,text: image is authoritative,https://500times.udn.com/wtimes/story/122412/9007797
2025,5,1,台北,弎弎川酒,弎弎川酒,text: image is authoritative,https://500times.udn.com/wtimes/story/122412/9007797
2025,5,1,台北,承家私廚,承家私廚,text: image is authoritative,https://500times.udn.com/wtimes/story/122412/9007797
2025,5,1,台北,拾穗 Kitchen,拾穗kitchen,text: image is authoritative,https://500times.udn.com/wtimes/story/122412/9007797
2025,5,1,台北,新口口香湖南小吃,新口口香湖南小吃,text: image is authoritative,https://500times.udn.com/wtimes/story/122412/9007797
2025,5,1,台北,明壽司,明壽司,text: image is authoritative,https://500times.udn.com/wtimes/story/122412/9007797
2025,5,1,台北,春韭（晴光店）,春韭,text: image is authoritative,https://500times.udn.com/wtimes/story/122412/9007797
2025,5,1,台北,昭和食堂,昭和食堂,text: image is authoritative,https://500times.udn.com/wtimes/story/122412/9007797
2025,5,1,台北,月夜岩 蟹懷石,月夜岩蟹懷石,text: image is authoritative,https://500times.udn.com/wtimes/story/122412/9007797
2025,5,1,台北,東方樓,東方樓,text: image is authoritative,https://500times.udn.com/wtimes/story/122412/9007797
2025,5,1,台北,板前中山｜台北信義,板前中山台北信義,text: image is authoritative,https://500times.udn.com/wtimes/story/122412/9007797
2025,5,1,台北,橋頭麻辣鍋,橋頭麻辣鍋,text: image is authoritative,https://500times.udn.com/wtimes/story/122412/9007797
2025,5,1,台北,欣葉・鐘菜,欣葉鐘菜,text: image is authoritative,https://500times.udn.com/wtimes/story/122412/9007797
2025,5,1,台北,江南春,江南春,text: image is authoritative,https://500times.udn.com/wtimes/story/122412/9007797
2025,5,1,台北,沾美藝術庭苑,沾美藝術庭苑,text: image is authoritative,https://500times.udn.com/wtimes/story/122412/9007797
2025,5,1,台北,波 Wave - 鷹嘴豆泥屋 Hummus House,波wave鷹嘴豆泥屋hummushouse,text: image is authoritative,https://500times.udn.com/wtimes/story/122412/9007797
2025,5,1,台北,海派私房菜,海派私房菜,text: image is authoritative,https://500times.udn.com/wtimes/story/122412/9007797
2025,5,1,台北,涼州游嚴行 D-Place,涼州游嚴行dplace,text: image is authoritative,https://500times.udn.com/wtimes/story/122412/9007797
2025,5,1,台北,清真中國牛肉麵食館（大安）,清真中國牛肉麵食館,text: image is authoritative,https://500times.udn.com/wtimes/story/122412/9007797
2025,5,1,台北,渡邉,渡邉,text: image is authoritative,https://500times.udn.com/wtimes/story/122412/9007797
2025,5,1,台北,漢來名人坊（台北世貿店）,漢來名人坊,text: image is authoritative,https://500times.udn.com/wtimes/story/122412/9007797
2025,5,1,台北,焞料理屋,焞料理屋,text: image is authoritative,https://500times.udn.com/wtimes/story/122412/9007797
2025,5,1,台北,焰28,焰28,text: image is authoritative,https://500times.udn.com/wtimes/story/122412/9007797
2025,5,1,台北,牛壽司,牛壽司,text: image is authoritative,https://500times.udn.com/wtimes/story/122412/9007797
2025,5,1,台北,牛小路壽喜燒,牛小路壽喜燒,text: image is authoritative,https://500times.udn.com/wtimes/story/122412/9007797
2025,5,1,台北,王匯所,王匯所,text: image is authoritative,https://500times.udn.com/wtimes/story/122412/9007797
2025,5,1,台北,琥珀割烹,琥珀割烹,text: image is authoritative,https://500times.udn.com/wtimes/story/122412/9007797
2025,5,1,台北,瓦城（美麗華店）,瓦城,text: image is authoritative,https://500times.udn.com/wtimes/story/122412/9007797
2025,5,1,台北,百年台菜「豐」辦桌,百年台菜「豐」辦桌,text: image is authoritative,https://500times.udn.com/wtimes/story/122412/9007797
2025,5,1,台北,秀蘭小館,秀蘭小館,text: image is authoritative,https://500times.udn.com/wtimes/story/122412/9007797
2025,5,1,台北,私・犇,私犇,text: image is authoritative,https://500times.udn.com/wtimes/story/122412/9007797
2025,5,1,台北,秘魯烤雞Polleria,秘魯烤雞polleria,text: image is authoritative,https://500times.udn.com/wtimes/story/122412/9007797
2025,5,1,台北,稻舍食館,稻舍食館,text: image is authoritative,https://500times.udn.com/wtimes/story/122412/9007797
2025,5,1,台北,竹苑 shabu,竹苑shabu,text: image is authoritative,https://500times.udn.com/wtimes/story/122412/9007797
2025,5,1,台北,米匠（大直店）,米匠,text: image is authoritative,https://500times.udn.com/wtimes/story/122412/9007797
2025,5,1,台北,粤香園,粤香園,text: image is authoritative,https://500times.udn.com/wtimes/story/122412/9007797
2025,5,1,台北,紅廚Pasta West East,紅廚pastawesteast,text: image is authoritative,https://500times.udn.com/wtimes/story/122412/9007797
2025,5,1,台北,紅皇后 川酒,紅皇后川酒,text: image is authoritative,https://500times.udn.com/wtimes/story/122412/9007797
2025,5,1,台北,臺虎啜飲室大安,臺虎啜飲室大安,text: image is authoritative,https://500times.udn.com/wtimes/story/122412/9007797
2025,5,1,台北,興鐵板燒,興鐵板燒,text: image is authoritative,https://500times.udn.com/wtimes/story/122412/9007797
2025,5,1,台北,艾迪墨西哥餐廳,艾迪墨西哥餐廳,text: image is authoritative,https://500times.udn.com/wtimes/story/122412/9007797
2025,5,1,台北,華西街台南担仔麵,華西街台南担仔麵,text: image is authoritative,https://500times.udn.com/wtimes/story/122412/9007797
2025,5,1,台北,蓬萊邨台菜餐廳,蓬萊邨台菜餐廳,text: image is authoritative,https://500times.udn.com/wtimes/story/122412/9007797
2025,5,1,台北,蔡萬興老店,蔡萬興老店,text: image is authoritative,https://500times.udn.com/wtimes/story/122412/9007797
2025,5,1,台北,貓空山水客景觀茶館,貓空山水客景觀茶館,text: image is authoritative,https://500times.udn.com/wtimes/story/122412/9007797
2025,5,1,台北,赤身燒肉 USHIO Taipei,赤身燒肉ushiotaipei,text: image is authoritative,https://500times.udn.com/wtimes/story/122412/9007797
2025,5,1,台北,都鮨蘭奢待 日法小料亭,都鮨蘭奢待日法小料亭,text: image is authoritative,https://500times.udn.com/wtimes/story/122412/9007797
2025,5,1,台北,酉志,酉志,text: image is authoritative,https://500times.udn.com/wtimes/story/122412/9007797
2025,5,1,台北,醇一拉麵,醇一拉麵,text: image is authoritative,https://500times.udn.com/wtimes/story/122412/9007797
2025,5,1,台北,金豬食堂,金豬食堂,text: image is authoritative,https://500times.udn.com/wtimes/story/122412/9007797
2025,5,1,台北,鈉餐廳,鈉餐廳,text: image is authoritative,https://500times.udn.com/wtimes/story/122412/9007797
2025,5,1,台北,阿鑫小料理,阿鑫小料理,text: image is authoritative,https://500times.udn.com/wtimes/story/122412/9007797
2025,5,1,台北,雙月食品社,雙月食品社,text: image is authoritative,https://500times.udn.com/wtimes/story/122412/9007797
2025,5,1,台北,雞家莊,雞家莊,text: image is authoritative,https://500times.udn.com/wtimes/story/122412/9007797
2025,5,1,台北,雲川水月亞洲蔬食餐酒館,雲川水月亞洲蔬食餐酒館,text: image is authoritative,https://500times.udn.com/wtimes/story/122412/9007797
2025,5,1,台北,韓食堂한식당,韓食堂한식당,text: image is authoritative,https://500times.udn.com/wtimes/story/122412/9007797
2025,5,1,台北,養心茶樓,養心茶樓,text: image is authoritative,https://500times.udn.com/wtimes/story/122412/9007797
2025,5,1,台北,香港茶水攤（延吉店）,香港茶水攤,text: image is authoritative,https://500times.udn.com/wtimes/story/122412/9007797
2025,5,1,台北,鮨 隆,鮨隆,text: image is authoritative,https://500times.udn.com/wtimes/story/122412/9007797
2025,5,1,台北,鮨一田,鮨一田,text: image is authoritative,https://500times.udn.com/wtimes/story/122412/9007797
2025,5,1,台北,鮨嘉仁,鮨嘉仁,text: image is authoritative,https://500times.udn.com/wtimes/story/122412/9007797
2025,5,1,台北,鳥翔 TORISHOU,鳥翔torishou,text: image is authoritative,https://500times.udn.com/wtimes/story/122412/9007797
2025,5,1,台北,麵屋壹の穴 ICHI,麵屋壹の穴ichi,text: image is authoritative,https://500times.udn.com/wtimes/story/122412/9007797
2025,5,1,台北,點水樓（SOGO復興店）,點水樓,text: image is authoritative,https://500times.udn.com/wtimes/story/122412/9007797
2025,5,1,台北,點點心,點點心,text: image is authoritative,https://500times.udn.com/wtimes/story/122412/9007797
2025,5,1,台北,鼎旺麻辣鍋,鼎旺麻辣鍋,text: image is authoritative,https://500times.udn.com/wtimes/story/122412/9007797
2025,5,1,台北,鼎珍坊,鼎珍坊,text: image is authoritative,https://500times.udn.com/wtimes/story/122412/9007797
2025,5,1,台南,FOUFOU餐酒館,foufou餐酒館,text: image is authoritative,https://500times.udn.com/wtimes/story/122412/9007797
2025,5,1,台南,Mo,mo,text: image is authoritative,https://500times.udn.com/wtimes/story/122412/9007797
2025,5,1,台南,友愛街旅館,友愛街旅館,text: image is authoritative,https://500times.udn.com/wtimes/story/122412/9007797
2025,5,1,台南,寓點,寓點,text: image is authoritative,https://500times.udn.com/wtimes/story/122412/9007797
2025,5,1,台南,曉璘海產碳烤,曉璘海產碳烤,text: image is authoritative,https://500times.udn.com/wtimes/story/122412/9007797
2025,5,1,台南,梅鑫海產,梅鑫海產,text: image is authoritative,https://500times.udn.com/wtimes/story/122412/9007797
2025,5,1,台南,知味料理館,知味料理館,text: image is authoritative,https://500times.udn.com/wtimes/story/122412/9007797
2025,5,1,台南,阿財牛肉湯（平豐店）,阿財牛肉湯,text: image is authoritative,https://500times.udn.com/wtimes/story/122412/9007797
2025,5,1,台南,阿霞飯店,阿霞飯店,text: image is authoritative,https://500times.udn.com/wtimes/story/122412/9007797
2025,5,1,台南,鮨聚善,鮨聚善,text: image is authoritative,https://500times.udn.com/wtimes/story/122412/9007797
2025,5,1,台東,Les Potes 博友好食商行,lespotes博友好食商行,text: image is authoritative,https://500times.udn.com/wtimes/story/122412/9007797
2025,5,1,台東,半野生活,半野生活,text: image is authoritative,https://500times.udn.com/wtimes/story/122412/9007797
2025,5,1,台東,夜月酒食,夜月酒食,text: image is authoritative,https://500times.udn.com/wtimes/story/122412/9007797
2025,5,1,台東,大巴六九景觀餐廳,大巴六九景觀餐廳,text: image is authoritative,https://500times.udn.com/wtimes/story/122412/9007797
2025,5,1,台東,德布西咖啡（江賢二藝術園區會館）,德布西咖啡,text: image is authoritative,https://500times.udn.com/wtimes/story/122412/9007797
2025,5,1,基隆,安一五郎海鮮店,安一五郎海鮮店,text: image is authoritative,https://500times.udn.com/wtimes/story/122412/9007797
2025,5,1,基隆,漁品軒,漁品軒,text: image is authoritative,https://500times.udn.com/wtimes/story/122412/9007797
2025,5,1,宜蘭,元町活海鮮,元町活海鮮,text: image is authoritative,https://500times.udn.com/wtimes/story/122412/9007797
2025,5,1,宜蘭,大仁哥蔗香脆皮桶仔雞,大仁哥蔗香脆皮桶仔雞,text: image is authoritative,https://500times.udn.com/wtimes/story/122412/9007797
2025,5,1,宜蘭,番割田甕缸雞,番割田甕缸雞,text: image is authoritative,https://500times.udn.com/wtimes/story/122412/9007797
2025,5,1,宜蘭,饗宴鐵板燒,饗宴鐵板燒,text: image is authoritative,https://500times.udn.com/wtimes/story/122412/9007797
2025,5,1,屏東,AKAME,akame,text: image is authoritative,https://500times.udn.com/wtimes/story/122412/9007797
2025,5,1,屏東,LAND,land,text: image is authoritative,https://500times.udn.com/wtimes/story/122412/9007797
2025,5,1,新北,玉麵堂,玉麵堂,text: image is authoritative,https://500times.udn.com/wtimes/story/122412/9007797
2025,5,1,新北,秀山大飯店,秀山大飯店,text: image is authoritative,https://500times.udn.com/wtimes/story/122412/9007797
2025,5,1,新北,迴回,迴回,text: image is authoritative,https://500times.udn.com/wtimes/story/122412/9007797
2025,5,1,新北,門前隱味牛肉麵 （三重店）,門前隱味牛肉麵,text: image is authoritative,https://500times.udn.com/wtimes/story/122412/9007797
2025,5,1,新北,靚點飯店,靚點飯店,text: image is authoritative,https://500times.udn.com/wtimes/story/122412/9007797
2025,5,1,新竹,彼刻義式餐酒館,彼刻義式餐酒館,text: image is authoritative,https://500times.udn.com/wtimes/story/122412/9007797
2025,5,1,新竹,新陶芳,新陶芳,text: image is authoritative,https://500times.udn.com/wtimes/story/122412/9007797
2025,5,1,新竹,清香飲食店,清香飲食店,text: image is authoritative,https://500times.udn.com/wtimes/story/122412/9007797
2025,5,1,新竹,鮨安,鮨安,text: image is authoritative,https://500times.udn.com/wtimes/story/122412/9007797
2025,5,1,桃園,東方高爾夫俱樂部 湖畔景觀餐廳,東方高爾夫俱樂部湖畔景觀餐廳,text: image is authoritative,https://500times.udn.com/wtimes/story/122412/9007797
2025,5,1,桃園,東湖餐廳,東湖餐廳,text: image is authoritative,https://500times.udn.com/wtimes/story/122412/9007797
2025,5,1,桃園,樂魚料亭,樂魚料亭,text: image is authoritative,https://500times.udn.com/wtimes/story/122412/9007797
2025,5,1,桃園,江家羊肉,江家羊肉,text: image is authoritative,https://500times.udn.com/wtimes/story/122412/9007797
2025,5,1,桃園,魚師父活魚餐廳,魚師父活魚餐廳,text: image is authoritative,https://500times.udn.com/wtimes/story/122412/9007797
2025,5,1,澎湖,來福海鮮餐廳,來福海鮮餐廳,text: image is authoritative,https://500times.udn.com/wtimes/story/122412/9007797
2025,5,1,澎湖,潮境TideLand / 海鮮料理,潮境tideland海鮮料理,text: image is authoritative,https://500times.udn.com/wtimes/story/122412/9007797
2025,5,1,澎湖,阿華漁村海鮮料理,阿華漁村海鮮料理,text: image is authoritative,https://500times.udn.com/wtimes/story/122412/9007797
2025,5,1,花蓮,花蓮潔西艾美酒店 至寶軒,花蓮潔西艾美酒店至寶軒,text: image is authoritative,https://500times.udn.com/wtimes/story/122412/9007797
2025,5,1,苗栗,阿標海產店,阿標海產店,text: image is authoritative,https://500times.udn.com/wtimes/story/122412/9007797
2025,5,1,金門,圓頭肉乾金門農牧概念館,圓頭肉乾金門農牧概念館,text: image is authoritative,https://500times.udn.com/wtimes/story/122412/9007797
2025,5,1,高雄,Dong Café 冬咖啡,dongcafé冬咖啡,text: image is authoritative,https://500times.udn.com/wtimes/story/122412/9007797
2025,5,1,高雄,Hâo Labo 法式小館,hâolabo法式小館,text: image is authoritative,https://500times.udn.com/wtimes/story/122412/9007797
2025,5,1,高雄,Marc L³,marcl³,text: image is authoritative,https://500times.udn.com/wtimes/story/122412/9007797
2025,5,1,高雄,nid.,nid,text: image is authoritative,https://500times.udn.com/wtimes/story/122412/9007797
2025,5,1,高雄,冬鄉小廚,冬鄉小廚,text: image is authoritative,https://500times.udn.com/wtimes/story/122412/9007797
2025,5,1,高雄,打鹿岸原住民人文主題餐廳（高流店）,打鹿岸原住民人文主題餐廳,text: image is authoritative,https://500times.udn.com/wtimes/story/122412/9007797
2025,5,1,高雄,桑卓主廚無菜單料理地中海料理,桑卓主廚無菜單料理地中海料理,text: image is authoritative,https://500times.udn.com/wtimes/story/122412/9007797
2025,5,1,高雄,永心浮島,永心浮島,text: image is authoritative,https://500times.udn.com/wtimes/story/122412/9007797
2025,5,1,高雄,海天下,海天下,text: image is authoritative,https://500times.udn.com/wtimes/story/122412/9007797
2025,5,1,高雄,湖東牛肉館,湖東牛肉館,text: image is authoritative,https://500times.udn.com/wtimes/story/122412/9007797
2025,5,1,高雄,潮台菜（衛武營店）,潮台菜,text: image is authoritative,https://500times.udn.com/wtimes/story/122412/9007797
2025,5,1,高雄,田山餐館,田山餐館,text: image is authoritative,https://500times.udn.com/wtimes/story/122412/9007797
2025,5,1,高雄,番太郎味自慢料理,番太郎味自慢料理,text: image is authoritative,https://500times.udn.com/wtimes/story/122412/9007797
2025,5,1,高雄,菜包李小吃部,菜包李小吃部,text: image is authoritative,https://500times.udn.com/wtimes/story/122412/9007797
2025,5,1,高雄,蟳之屋,蟳之屋,text: image is authoritative,https://500times.udn.com/wtimes/story/122412/9007797
2025,5,1,高雄,贛菜館,贛菜館,text: image is authoritative,https://500times.udn.com/wtimes/story/122412/9007797
2025,5,1,高雄,金 東北私房菜,金東北私房菜,text: image is authoritative,https://500times.udn.com/wtimes/story/122412/9007797
2025,5,1,高雄,金聖春海產,金聖春海產,text: image is authoritative,https://500times.udn.com/wtimes/story/122412/9007797
2025,5,1,高雄,鮨己越,鮨己越,text: image is authoritative,https://500times.udn.com/wtimes/story/122412/9007797
2025,5,1,高雄,鮨毅,鮨毅,text: image is authoritative,https://500times.udn.com/wtimes/story/122412/9007797
2024,4,17,台北,晶華軒 Silks House,晶華軒silkshouse,complete_text,https://500times.udn.com/wtimes/story/122412/8238716
2024,4,10,台北,鄒記食舖,鄒記食舖,complete_text,https://500times.udn.com/wtimes/story/122412/8238716
2024,4,9,台北,Restaurant A,restauranta,complete_text,https://500times.udn.com/wtimes/story/122412/8238716
2024,4,6,台北,COAST,coast,complete_text,https://500times.udn.com/wtimes/story/122412/8238716
2024,4,6,台北,NOBUO,nobuo,complete_text,https://500times.udn.com/wtimes/story/122412/8238716
2024,4,5,台北,Ad astra,adastra,complete_text,https://500times.udn.com/wtimes/story/122412/8238716
2024,4,5,台北,RAW,raw,complete_text,https://500times.udn.com/wtimes/story/122412/8238716
2024,4,5,台北,fumée,fumée,complete_text,https://500times.udn.com/wtimes/story/122412/8238716
2024,4,5,台北,山海樓,山海樓,complete_text,https://500times.udn.com/wtimes/story/122412/8238716
2024,4,5,台北,頤宮中餐廳,頤宮中餐廳,complete_text,https://500times.udn.com/wtimes/story/122412/8238716
2024,4,4,台中,JL STUDIO,jlstudio,partial_text: full tier list published only as image,https://500times.udn.com/wtimes/story/122412/8238716
2024,4,4,台北,EMBERS,embers,partial_text: full tier list published only as image,https://500times.udn.com/wtimes/story/122412/8238716
2024,4,4,台北,TIPSY Sparrow,tipsysparrow,partial_text: full tier list published only as image,https://500times.udn.com/wtimes/story/122412/8238716
2024,4,4,台北,TUTTO BELLO,tuttobello,partial_text: full tier list published only as image,https://500times.udn.com/wtimes/story/122412/8238716
2024,4,4,台北,三六食府,三六食府,partial_text: full tier list published only as image,https://500times.udn.com/wtimes/story/122412/8238716
2024,4,4,台北,海倫鮮土司施家粵菜,海倫鮮土司施家粵菜,partial_text: full tier list published only as image,https://500times.udn.com/wtimes/story/122412/8238716
2024,4,4,台北,牡丹．極上天ぷら,牡丹極上天ぷら,partial_text: full tier list published only as image,https://500times.udn.com/wtimes/story/122412/8238716
2024,4,4,台北,盈科EIKA,盈科eika,partial_text: full tier list published only as image,https://500times.udn.com/wtimes/story/122412/8238716
2024,4,4,台北,鼎泰豐,鼎泰豐,partial_text: full tier list published only as image,https://500times.udn.com/wtimes/story/122412/8238716
2024,4,3,台北,Adachi足立壽司,adachi足立壽司,partial_text: full tier list published only as image,https://500times.udn.com/wtimes/story/122412/8238716
2024,4,3,台北,Ashin阿鑫小料理,ashin阿鑫小料理,partial_text: full tier list published only as image,https://500times.udn.com/wtimes/story/122412/8238716
2024,4,3,台北,Curious Table,curioustable,partial_text: full tier list published only as image,https://500times.udn.com/wtimes/story/122412/8238716
2024,4,3,台北,La Vie by Thomas Bühner 睿麗餐廳,laviebythomasbühner睿麗餐廳,partial_text: full tier list published only as image,https://500times.udn.com/wtimes/story/122412/8238716
2024,4,3,台北,Solo Pasta,solopasta,partial_text: full tier list published only as image,https://500times.udn.com/wtimes/story/122412/8238716
2024,4,3,台北,T+T,t+t,partial_text: full tier list published only as image,https://500times.udn.com/wtimes/story/122412/8238716
2024,4,3,台北,Wild Donkey 野驢小餐館,wilddonkey野驢小餐館,partial_text: full tier list published only as image,https://500times.udn.com/wtimes/story/122412/8238716
2024,4,3,台北,earnestos,earnestos,partial_text: full tier list published only as image,https://500times.udn.com/wtimes/story/122412/8238716
2024,4,3,台北,inari Izakaya 現代居酒屋,inariizakaya現代居酒屋,partial_text: full tier list published only as image,https://500times.udn.com/wtimes/story/122412/8238716
2024,4,3,台北,上膳若川,上膳若川,partial_text: full tier list published only as image,https://500times.udn.com/wtimes/story/122412/8238716
2024,4,3,台北,元味料理,元味料理,partial_text: full tier list published only as image,https://500times.udn.com/wtimes/story/122412/8238716
2024,4,3,台北,台北寒舍艾美 寒舍食譜,台北寒舍艾美寒舍食譜,partial_text: full tier list published only as image,https://500times.udn.com/wtimes/story/122412/8238716
2024,4,3,台北,天香樓,天香樓,partial_text: full tier list published only as image,https://500times.udn.com/wtimes/story/122412/8238716
2024,4,3,台北,富錦樹台菜香檳,富錦樹台菜香檳,partial_text: full tier list published only as image,https://500times.udn.com/wtimes/story/122412/8238716
2024,4,3,台北,明福台菜,明福台菜,partial_text: full tier list published only as image,https://500times.udn.com/wtimes/story/122412/8238716
2024,4,3,台北,朧粵,朧粵,partial_text: full tier list published only as image,https://500times.udn.com/wtimes/story/122412/8238716
2024,4,3,台北,橘色涮涮屋,橘色涮涮屋,partial_text: full tier list published only as image,https://500times.udn.com/wtimes/story/122412/8238716
2024,4,3,台北,牛肆,牛肆,partial_text: full tier list published only as image,https://500times.udn.com/wtimes/story/122412/8238716
2024,4,3,台北,秀蘭小館,秀蘭小館,partial_text: full tier list published only as image,https://500times.udn.com/wtimes/story/122412/8238716
2024,4,3,台北,華西街台南擔仔麵海鮮餐廳,華西街台南擔仔麵海鮮餐廳,partial_text: full tier list published only as image,https://500times.udn.com/wtimes/story/122412/8238716
2024,4,3,台北,葉公館滬菜,葉公館滬菜,partial_text: full tier list published only as image,https://500times.udn.com/wtimes/story/122412/8238716
2024,4,3,台北,貓下去敦北俱樂部,貓下去敦北俱樂部,partial_text: full tier list published only as image,https://500times.udn.com/wtimes/story/122412/8238716
2024,4,3,台北,貳零捌公館,貳零捌公館,partial_text: full tier list published only as image,https://500times.udn.com/wtimes/story/122412/8238716
2024,4,3,台北,金蓬萊遵古台菜餐廳,金蓬萊遵古台菜餐廳,partial_text: full tier list published only as image,https://500times.udn.com/wtimes/story/122412/8238716
2024,4,3,台北,驥園川菜餐廳,驥園川菜餐廳,partial_text: full tier list published only as image,https://500times.udn.com/wtimes/story/122412/8238716
2024,4,2,台中,元紀‧ 台灣菜,元紀台灣菜,partial_text: full tier list published only as image,https://500times.udn.com/wtimes/story/122412/8238716
2024,4,2,台中,霧都老火鍋,霧都老火鍋,partial_text: full tier list published only as image,https://500times.udn.com/wtimes/story/122412/8238716
2024,4,2,台中,飛花落院,飛花落院,partial_text: full tier list published only as image,https://500times.udn.com/wtimes/story/122412/8238716
2024,4,2,台中,鳥苑,鳥苑,partial_text: full tier list published only as image,https://500times.udn.com/wtimes/story/122412/8238716
2024,4,2,台北,Birdy Yakitori 燒鳥狂想曲,birdyyakitori燒鳥狂想曲,partial_text: full tier list published only as image,https://500times.udn.com/wtimes/story/122412/8238716
2024,4,2,台北,Divino TAipei,divinotaipei,partial_text: full tier list published only as image,https://500times.udn.com/wtimes/story/122412/8238716
2024,4,2,台北,Impromptu by Paul Lee,impromptubypaullee,partial_text: full tier list published only as image,https://500times.udn.com/wtimes/story/122412/8238716
2024,4,2,台北,M & CO,mco,partial_text: full tier list published only as image,https://500times.udn.com/wtimes/story/122412/8238716
2024,4,2,台北,Ochre Grill & Bar,ochregrillbar,partial_text: full tier list published only as image,https://500times.udn.com/wtimes/story/122412/8238716
2024,4,2,台北,RÒU X James Sharman,ròuxjamessharman,partial_text: full tier list published only as image,https://500times.udn.com/wtimes/story/122412/8238716
2024,4,2,台北,de nuit,denuit,partial_text: full tier list published only as image,https://500times.udn.com/wtimes/story/122412/8238716
2024,4,2,台北,gubami Social,gubamisocial,partial_text: full tier list published only as image,https://500times.udn.com/wtimes/story/122412/8238716
2024,4,2,台北,nabo ulv（原ULV Restaurant）,naboulv,partial_text: full tier list published only as image,https://500times.udn.com/wtimes/story/122412/8238716
2024,4,2,台北,三元花園韓式餐廳,三元花園韓式餐廳,partial_text: full tier list published only as image,https://500times.udn.com/wtimes/story/122412/8238716
2024,4,2,台北,九記港式海鮮餐廳,九記港式海鮮餐廳,partial_text: full tier list published only as image,https://500times.udn.com/wtimes/story/122412/8238716
2024,4,2,台北,伍佰雞屋,伍佰雞屋,partial_text: full tier list published only as image,https://500times.udn.com/wtimes/story/122412/8238716
2024,4,2,台北,六品小館 + 六品小館-總店,六品小館+六品小館總店,partial_text: full tier list published only as image,https://500times.udn.com/wtimes/story/122412/8238716
2024,4,2,台北,十里。尋,十里尋,partial_text: full tier list published only as image,https://500times.udn.com/wtimes/story/122412/8238716
2024,4,2,台北,台北晶華 蘭亭,台北晶華蘭亭,partial_text: full tier list published only as image,https://500times.udn.com/wtimes/story/122412/8238716
2024,4,2,台北,台北萬豪酒店 宴客樓中餐廳,台北萬豪酒店宴客樓中餐廳,partial_text: full tier list published only as image,https://500times.udn.com/wtimes/story/122412/8238716
2024,4,2,台北,吉兆割烹壽司KITCHO,吉兆割烹壽司kitcho,partial_text: full tier list published only as image,https://500times.udn.com/wtimes/story/122412/8238716
2024,4,2,台北,吉甘槑喆,吉甘槑喆,partial_text: full tier list published only as image,https://500times.udn.com/wtimes/story/122412/8238716
2024,4,2,台北,喜相逢麵館,喜相逢麵館,partial_text: full tier list published only as image,https://500times.udn.com/wtimes/story/122412/8238716
2024,4,2,台北,夜上海 Ye Shanghai (Taipei),夜上海yeshanghai,partial_text: full tier list published only as image,https://500times.udn.com/wtimes/story/122412/8238716
2024,4,2,台北,大來小館 + 大來小館 金華店,大來小館+大來小館金華店,partial_text: full tier list published only as image,https://500times.udn.com/wtimes/story/122412/8238716
2024,4,2,台北,好嶼 HOSU,好嶼hosu,partial_text: full tier list published only as image,https://500times.udn.com/wtimes/story/122412/8238716
2024,4,2,台北,小小樹食,小小樹食,partial_text: full tier list published only as image,https://500times.udn.com/wtimes/story/122412/8238716
2024,4,2,台北,彧 割烹,彧割烹,partial_text: full tier list published only as image,https://500times.udn.com/wtimes/story/122412/8238716
2024,4,2,台北,成海 壽司 narumi sushi,成海壽司narumisushi,partial_text: full tier list published only as image,https://500times.udn.com/wtimes/story/122412/8238716
2024,4,2,台北,捌伍添第85TD,捌伍添第85td,partial_text: full tier list published only as image,https://500times.udn.com/wtimes/story/122412/8238716
2024,4,2,台北,斑泊餐廳,斑泊餐廳,partial_text: full tier list published only as image,https://500times.udn.com/wtimes/story/122412/8238716
2024,4,2,台北,明壽司,明壽司,partial_text: full tier list published only as image,https://500times.udn.com/wtimes/story/122412/8238716
2024,4,2,台北,昭和食堂,昭和食堂,partial_text: full tier list published only as image,https://500times.udn.com/wtimes/story/122412/8238716
2024,4,2,台北,欣葉台菜創始店,欣葉台菜創始店,partial_text: full tier list published only as image,https://500times.udn.com/wtimes/story/122412/8238716
2024,4,2,台北,涼州游嚴行 D-Place,涼州游嚴行dplace,partial_text: full tier list published only as image,https://500times.udn.com/wtimes/story/122412/8238716
2024,4,2,台北,渡邊日本料理,渡邊日本料理,partial_text: full tier list published only as image,https://500times.udn.com/wtimes/story/122412/8238716
2024,4,2,台北,酉志,酉志,partial_text: full tier list published only as image,https://500times.udn.com/wtimes/story/122412/8238716
2024,4,2,台北,雅閣,雅閣,partial_text: full tier list published only as image,https://500times.udn.com/wtimes/story/122412/8238716
2024,4,2,台北,雙月食品社,雙月食品社,partial_text: full tier list published only as image,https://500times.udn.com/wtimes/story/122412/8238716
2024,4,2,台北,雞家莊本店,雞家莊本店,partial_text: full tier list published only as image,https://500times.udn.com/wtimes/story/122412/8238716
2024,4,2,台北,鮨二七,鮨二七,partial_text: full tier list published only as image,https://500times.udn.com/wtimes/story/122412/8238716
2024,4,2,台北,鮨天本 Amamoto,鮨天本amamoto,partial_text: full tier list published only as image,https://500times.udn.com/wtimes/story/122412/8238716
2024,4,2,台北,鮨香,鮨香,partial_text: full tier list published only as image,https://500times.udn.com/wtimes/story/122412/8238716
2024,4,2,花蓮,遺忘的故鄉 月廬食堂,遺忘的故鄉月廬食堂,partial_text: full tier list published only as image,https://500times.udn.com/wtimes/story/122412/8238716
2024,4,2,高雄,Marc L³,marcl³,partial_text: full tier list published only as image,https://500times.udn.com/wtimes/story/122412/8238716
2024,4,2,高雄,Ukai-tei Kaohsiung,ukaiteikaohsiung,partial_text: full tier list published only as image,https://500times.udn.com/wtimes/story/122412/8238716
2024,4,2,高雄,海天下海產餐廳,海天下海產餐廳,partial_text: full tier list published only as image,https://500times.udn.com/wtimes/story/122412/8238716
2024,4,1,台中,Atipic亞提法式餐廳,atipic亞提法式餐廳,partial_text: full tier list published only as image,https://500times.udn.com/wtimes/story/122412/8238716
2024,4,1,台中,L’atelier par Yao,latelierparyao,partial_text: full tier list published only as image,https://500times.udn.com/wtimes/story/122412/8238716
2024,4,1,台中,PINOCOCO 皮諾可可,pinococo皮諾可可,partial_text: full tier list published only as image,https://500times.udn.com/wtimes/story/122412/8238716
2024,4,1,台中,TROIS三一,trois三一,partial_text: full tier list published only as image,https://500times.udn.com/wtimes/story/122412/8238716
2024,4,1,台中,enPure 瀞,enpure瀞,partial_text: full tier list published only as image,https://500times.udn.com/wtimes/story/122412/8238716
2024,4,1,台中,与玥樓頂級粵菜餐廳,与玥樓頂級粵菜餐廳,partial_text: full tier list published only as image,https://500times.udn.com/wtimes/story/122412/8238716
2024,4,1,台中,俺達の肉屋 日本和牛燒肉店,俺達の肉屋日本和牛燒肉店,partial_text: full tier list published only as image,https://500times.udn.com/wtimes/story/122412/8238716
2024,4,1,台中,小樂沐 Le Côté LM,小樂沐lecôtélm,partial_text: full tier list published only as image,https://500times.udn.com/wtimes/story/122412/8238716
2024,4,1,台中,春日宴 粵菜喜宴,春日宴粵菜喜宴,partial_text: full tier list published only as image,https://500times.udn.com/wtimes/story/122412/8238716
2024,4,1,台中,春水堂,春水堂,partial_text: full tier list published only as image,https://500times.udn.com/wtimes/story/122412/8238716
2024,4,1,台中,時時香,時時香,partial_text: full tier list published only as image,https://500times.udn.com/wtimes/story/122412/8238716
2024,4,1,台中,溫叨古早味料理餐廳,溫叨古早味料理餐廳,partial_text: full tier list published only as image,https://500times.udn.com/wtimes/story/122412/8238716
2024,4,1,台中,燒肉本氣,燒肉本氣,partial_text: full tier list published only as image,https://500times.udn.com/wtimes/story/122412/8238716
2024,4,1,台中,膳馨民間創作料理,膳馨民間創作料理,partial_text: full tier list published only as image,https://500times.udn.com/wtimes/story/122412/8238716
2024,4,1,台中,萬客什鍋,萬客什鍋,partial_text: full tier list published only as image,https://500times.udn.com/wtimes/story/122412/8238716
2024,4,1,台中,阿助鵝肉攤,阿助鵝肉攤,partial_text: full tier list published only as image,https://500times.udn.com/wtimes/story/122412/8238716
2024,4,1,台中,頂粵吉品,頂粵吉品,partial_text: full tier list published only as image,https://500times.udn.com/wtimes/story/122412/8238716
2024,4,1,台北,1976道地香港美食,1976道地香港美食,partial_text: full tier list published only as image,https://500times.udn.com/wtimes/story/122412/8238716
2024,4,1,台北,8號極品海鮮餐廳,8號極品海鮮餐廳,partial_text: full tier list published only as image,https://500times.udn.com/wtimes/story/122412/8238716
2024,4,1,台北,A CUT牛排館,acut牛排館,partial_text: full tier list published only as image,https://500times.udn.com/wtimes/story/122412/8238716
2024,4,1,台北,A.B HOUSE 義式私房料理,abhouse義式私房料理,partial_text: full tier list published only as image,https://500times.udn.com/wtimes/story/122412/8238716
2024,4,1,台北,ABU,abu,partial_text: full tier list published only as image,https://500times.udn.com/wtimes/story/122412/8238716
2024,4,1,台北,AKIN 君尹,akin君尹,partial_text: full tier list published only as image,https://500times.udn.com/wtimes/story/122412/8238716
2024,4,1,台北,AnticoForno老烤箱義式披薩餐酒,anticoforno老烤箱義式披薩餐酒,partial_text: full tier list published only as image,https://500times.udn.com/wtimes/story/122412/8238716
2024,4,1,台北,BANKER Martini Bar（深夜銀行家牛排館）,bankermartinibar,partial_text: full tier list published only as image,https://500times.udn.com/wtimes/story/122412/8238716
2024,4,1,台北,BURGER OUT,burgerout,partial_text: full tier list published only as image,https://500times.udn.com/wtimes/story/122412/8238716
2024,4,1,台北,Cantine Marais｜瑪黑餐酒 敦南店,cantinemarais瑪黑餐酒敦南店,partial_text: full tier list published only as image,https://500times.udn.com/wtimes/story/122412/8238716
2024,4,1,台北,Chale Tacos Taipei 墨西哥餐廳,chaletacostaipei墨西哥餐廳,partial_text: full tier list published only as image,https://500times.udn.com/wtimes/story/122412/8238716
2024,4,1,台北,Ciao by Fratelli Pennisi Macelleria Sicilia 西西里牛排餐酒館,ciaobyfratellipennisimacelleriasicilia西西里牛排餐酒館,partial_text: full tier list published only as image,https://500times.udn.com/wtimes/story/122412/8238716
2024,4,1,台北,Circum-,circum,partial_text: full tier list published only as image,https://500times.udn.com/wtimes/story/122412/8238716
2024,4,1,台北,FRASSI,frassi,partial_text: full tier list published only as image,https://500times.udn.com/wtimes/story/122412/8238716
2024,4,1,台北,Gras,gras,partial_text: full tier list published only as image,https://500times.udn.com/wtimes/story/122412/8238716
2024,4,1,台北,HUGH dessert dining,hughdessertdining,partial_text: full tier list published only as image,https://500times.udn.com/wtimes/story/122412/8238716
2024,4,1,台北,Hanekin 麵屋．羽金,hanekin麵屋羽金,partial_text: full tier list published only as image,https://500times.udn.com/wtimes/story/122412/8238716
2024,4,1,台北,INITA,inita,partial_text: full tier list published only as image,https://500times.udn.com/wtimes/story/122412/8238716
2024,4,1,台北,JOYCE EAST,joyceeast,partial_text: full tier list published only as image,https://500times.udn.com/wtimes/story/122412/8238716
2024,4,1,台北,JUJU Spanish Gastrobar,jujuspanishgastrobar,partial_text: full tier list published only as image,https://500times.udn.com/wtimes/story/122412/8238716
2024,4,1,台北,KIKI 餐廳,kiki餐廳,partial_text: full tier list published only as image,https://500times.udn.com/wtimes/story/122412/8238716
2024,4,1,台北,L' AGE 熟成餐廳,lage熟成餐廳,partial_text: full tier list published only as image,https://500times.udn.com/wtimes/story/122412/8238716
2024,4,1,台北,L'ATELIER de Joël Robuchon 侯布雄法式餐廳,latelierdejoëlrobuchon侯布雄法式餐廳,partial_text: full tier list published only as image,https://500times.udn.com/wtimes/story/122412/8238716
2024,4,1,台北,La Piola Cucina Italiana,lapiolacucinaitaliana,partial_text: full tier list published only as image,https://500times.udn.com/wtimes/story/122412/8238716
2024,4,1,台北,Le Duet Modern Kaiseki 演蒔光,leduetmodernkaiseki演蒔光,partial_text: full tier list published only as image,https://500times.udn.com/wtimes/story/122412/8238716
2024,4,1,台北,LilyCoco莉莉可可,lilycoco莉莉可可,partial_text: full tier list published only as image,https://500times.udn.com/wtimes/story/122412/8238716
2024,4,1,台北,Logy,logy,partial_text: full tier list published only as image,https://500times.udn.com/wtimes/story/122412/8238716
2024,4,1,台北,L’atelier par Yao,latelierparyao,partial_text: full tier list published only as image,https://500times.udn.com/wtimes/story/122412/8238716
2024,4,1,台北,MUME,mume,partial_text: full tier list published only as image,https://500times.udn.com/wtimes/story/122412/8238716
2024,4,1,台北,Mark's Teppanyaki 台北萬豪酒店,marksteppanyaki台北萬豪酒店,partial_text: full tier list published only as image,https://500times.udn.com/wtimes/story/122412/8238716
2024,4,1,台北,Molino de Urdániz Taipei 渥達尼斯磨坊,molinodeurdániztaipei渥達尼斯磨坊,partial_text: full tier list published only as image,https://500times.udn.com/wtimes/story/122412/8238716
2024,4,1,台北,PASTi,pasti,partial_text: full tier list published only as image,https://500times.udn.com/wtimes/story/122412/8238716
2024,4,1,台北,PIZZAROUND 比薩斜躺,pizzaround比薩斜躺,partial_text: full tier list published only as image,https://500times.udn.com/wtimes/story/122412/8238716
2024,4,1,台北,ROBIN'S 鐵板燒 TEPPANYAKI,robins鐵板燒teppanyaki,partial_text: full tier list published only as image,https://500times.udn.com/wtimes/story/122412/8238716
2024,4,1,台北,SENS,sens,partial_text: full tier list published only as image,https://500times.udn.com/wtimes/story/122412/8238716
2024,4,1,台北,Taïrroir 態芮,taïrroir態芮,partial_text: full tier list published only as image,https://500times.udn.com/wtimes/story/122412/8238716
2024,4,1,台北,The Flow,theflow,partial_text: full tier list published only as image,https://500times.udn.com/wtimes/story/122412/8238716
2024,4,1,台北,Torishou鳥翔,torishou鳥翔,partial_text: full tier list published only as image,https://500times.udn.com/wtimes/story/122412/8238716
2024,4,1,台北,YORUよる_by Dennis Wang,yoruよるbydenniswang,partial_text: full tier list published only as image,https://500times.udn.com/wtimes/story/122412/8238716
2024,4,1,台北,Zaaptaipei,zaaptaipei,partial_text: full tier list published only as image,https://500times.udn.com/wtimes/story/122412/8238716
2024,4,1,台北,Zea,zea,partial_text: full tier list published only as image,https://500times.udn.com/wtimes/story/122412/8238716
2024,4,1,台北,chateau zoe 酒窖餐廳,chateauzoe酒窖餐廳,partial_text: full tier list published only as image,https://500times.udn.com/wtimes/story/122412/8238716
2024,4,1,台北,le beaujour 芃卓法式餐廳,lebeaujour芃卓法式餐廳,partial_text: full tier list published only as image,https://500times.udn.com/wtimes/story/122412/8238716
2024,4,1,台北,一碗來TaiwanMama,一碗來taiwanmama,partial_text: full tier list published only as image,https://500times.udn.com/wtimes/story/122412/8238716
2024,4,1,台北,丸滿台灣味手路菜,丸滿台灣味手路菜,partial_text: full tier list published only as image,https://500times.udn.com/wtimes/story/122412/8238716
2024,4,1,台北,丸隆生魚行,丸隆生魚行,partial_text: full tier list published only as image,https://500times.udn.com/wtimes/story/122412/8238716
2024,4,1,台北,侍 燒肉,侍燒肉,partial_text: full tier list published only as image,https://500times.udn.com/wtimes/story/122412/8238716
2024,4,1,台北,八和和牛燒肉專門店,八和和牛燒肉專門店,partial_text: full tier list published only as image,https://500times.udn.com/wtimes/story/122412/8238716
2024,4,1,台北,冠宸食館,冠宸食館,partial_text: full tier list published only as image,https://500times.udn.com/wtimes/story/122412/8238716
2024,4,1,台北,北投奇岩一號,北投奇岩一號,partial_text: full tier list published only as image,https://500times.udn.com/wtimes/story/122412/8238716
2024,4,1,台北,十得私廚,十得私廚,partial_text: full tier list published only as image,https://500times.udn.com/wtimes/story/122412/8238716
2024,4,1,台北,千壽 日本料理 懷石X壽司,千壽日本料理懷石x壽司,partial_text: full tier list published only as image,https://500times.udn.com/wtimes/story/122412/8238716
2024,4,1,台北,南村｜私廚‧小酒棧,南村私廚小酒棧,partial_text: full tier list published only as image,https://500times.udn.com/wtimes/story/122412/8238716
2024,4,1,台北,台北喜來登大飯店 請客樓,台北喜來登大飯店請客樓,partial_text: full tier list published only as image,https://500times.udn.com/wtimes/story/122412/8238716
2024,4,1,台北,台北美味小館,台北美味小館,partial_text: full tier list published only as image,https://500times.udn.com/wtimes/story/122412/8238716
2024,4,1,台北,吳留手串燒居酒屋,吳留手串燒居酒屋,partial_text: full tier list published only as image,https://500times.udn.com/wtimes/story/122412/8238716
2024,4,1,台北,周記肉粥店,周記肉粥店,partial_text: full tier list published only as image,https://500times.udn.com/wtimes/story/122412/8238716
2024,4,1,台北,味处初梅（初梅）,味处初梅,partial_text: full tier list published only as image,https://500times.udn.com/wtimes/story/122412/8238716
2024,4,1,台北,國賓中餐廳,國賓中餐廳,partial_text: full tier list published only as image,https://500times.udn.com/wtimes/story/122412/8238716
2024,4,1,台北,圍爐酸菜白肉鍋,圍爐酸菜白肉鍋,partial_text: full tier list published only as image,https://500times.udn.com/wtimes/story/122412/8238716
2024,4,1,台北,壽司芳 台北 Sushiyoshi Taipei,壽司芳台北sushiyoshitaipei,partial_text: full tier list published only as image,https://500times.udn.com/wtimes/story/122412/8238716
2024,4,1,台北,夏花餐室Summer Flowers Dining Room,夏花餐室summerflowersdiningroom,partial_text: full tier list published only as image,https://500times.udn.com/wtimes/story/122412/8238716
2024,4,1,台北,大正浪漫日本料理,大正浪漫日本料理,partial_text: full tier list published only as image,https://500times.udn.com/wtimes/story/122412/8238716
2024,4,1,台北,天婦羅 杉村,天婦羅杉村,partial_text: full tier list published only as image,https://500times.udn.com/wtimes/story/122412/8238716
2024,4,1,台北,好麵煮私房麵館,好麵煮私房麵館,partial_text: full tier list published only as image,https://500times.udn.com/wtimes/story/122412/8238716
2024,4,1,台北,季肴酒 駄介 Dasuke by Sakemaru,季肴酒駄介dasukebysakemaru,partial_text: full tier list published only as image,https://500times.udn.com/wtimes/story/122412/8238716
2024,4,1,台北,寧夏夜市千歲宴,寧夏夜市千歲宴,partial_text: full tier list published only as image,https://500times.udn.com/wtimes/story/122412/8238716
2024,4,1,台北,小林海產,小林海產,partial_text: full tier list published only as image,https://500times.udn.com/wtimes/story/122412/8238716
2024,4,1,台北,嵩SUNG 台北大安,嵩sung台北大安,partial_text: full tier list published only as image,https://500times.udn.com/wtimes/story/122412/8238716
2024,4,1,台北,川揚郁坊小館,川揚郁坊小館,partial_text: full tier list published only as image,https://500times.udn.com/wtimes/story/122412/8238716
2024,4,1,台北,川雅,川雅,partial_text: full tier list published only as image,https://500times.udn.com/wtimes/story/122412/8238716
2024,4,1,台北,巫雲,巫雲,partial_text: full tier list published only as image,https://500times.udn.com/wtimes/story/122412/8238716
2024,4,1,台北,巷子龍家常菜,巷子龍家常菜,partial_text: full tier list published only as image,https://500times.udn.com/wtimes/story/122412/8238716
2024,4,1,台北,彭園,彭園,partial_text: full tier list published only as image,https://500times.udn.com/wtimes/story/122412/8238716
2024,4,1,台北,徐家私廚,徐家私廚,partial_text: full tier list published only as image,https://500times.udn.com/wtimes/story/122412/8238716
2024,4,1,台北,徐羅伐韓式餐廳,徐羅伐韓式餐廳,partial_text: full tier list published only as image,https://500times.udn.com/wtimes/story/122412/8238716
2024,4,1,台北,德朗火鍋,德朗火鍋,partial_text: full tier list published only as image,https://500times.udn.com/wtimes/story/122412/8238716
2024,4,1,台北,心潮飯店,心潮飯店,partial_text: full tier list published only as image,https://500times.udn.com/wtimes/story/122412/8238716
2024,4,1,台北,承家私廚,承家私廚,partial_text: full tier list published only as image,https://500times.udn.com/wtimes/story/122412/8238716
2024,4,1,台北,明水397食堂,明水397食堂,partial_text: full tier list published only as image,https://500times.udn.com/wtimes/story/122412/8238716
2024,4,1,台北,春韭,春韭,partial_text: full tier list published only as image,https://500times.udn.com/wtimes/story/122412/8238716
2024,4,1,台北,月夜岩 蟹懷石,月夜岩蟹懷石,partial_text: full tier list published only as image,https://500times.udn.com/wtimes/story/122412/8238716
2024,4,1,台北,本家BORNGA韓式燒肉,本家bornga韓式燒肉,partial_text: full tier list published only as image,https://500times.udn.com/wtimes/story/122412/8238716
2024,4,1,台北,杯底香,杯底香,partial_text: full tier list published only as image,https://500times.udn.com/wtimes/story/122412/8238716
2024,4,1,台北,東方饌黔天下貴州主題餐廳,東方饌黔天下貴州主題餐廳,partial_text: full tier list published only as image,https://500times.udn.com/wtimes/story/122412/8238716
2024,4,1,台北,格格的幸福廚房,格格的幸福廚房,partial_text: full tier list published only as image,https://500times.udn.com/wtimes/story/122412/8238716
2024,4,1,台北,榮榮園浙寧餐廳,榮榮園浙寧餐廳,partial_text: full tier list published only as image,https://500times.udn.com/wtimes/story/122412/8238716
2024,4,1,台北,水剌韓式料理,水剌韓式料理,partial_text: full tier list published only as image,https://500times.udn.com/wtimes/story/122412/8238716
2024,4,1,台北,江牛樓,江牛樓,partial_text: full tier list published only as image,https://500times.udn.com/wtimes/story/122412/8238716
2024,4,1,台北,江蘇菜盒店,江蘇菜盒店,partial_text: full tier list published only as image,https://500times.udn.com/wtimes/story/122412/8238716
2024,4,1,台北,海真私房菜,海真私房菜,partial_text: full tier list published only as image,https://500times.udn.com/wtimes/story/122412/8238716
2024,4,1,台北,添財日本料理武昌店,添財日本料理武昌店,partial_text: full tier list published only as image,https://500times.udn.com/wtimes/story/122412/8238716
2024,4,1,台北,湄河泰國料理,湄河泰國料理,partial_text: full tier list published only as image,https://500times.udn.com/wtimes/story/122412/8238716
2024,4,1,台北,爸爸Kevin美食BBQ,爸爸kevin美食bbq,partial_text: full tier list published only as image,https://500times.udn.com/wtimes/story/122412/8238716
2024,4,1,台北,牛B燒肉 GyuB Yakiniku,牛b燒肉gyubyakiniku,partial_text: full tier list published only as image,https://500times.udn.com/wtimes/story/122412/8238716
2024,4,1,台北,牛吉燒肉,牛吉燒肉,partial_text: full tier list published only as image,https://500times.udn.com/wtimes/story/122412/8238716
2024,4,1,台北,牛琅,牛琅,partial_text: full tier list published only as image,https://500times.udn.com/wtimes/story/122412/8238716
2024,4,1,台北,犬犬家,犬犬家,partial_text: full tier list published only as image,https://500times.udn.com/wtimes/story/122412/8238716
2024,4,1,台北,琥珀割烹 Kohaku,琥珀割烹kohaku,partial_text: full tier list published only as image,https://500times.udn.com/wtimes/story/122412/8238716
2024,4,1,台北,皇膳餐廳,皇膳餐廳,partial_text: full tier list published only as image,https://500times.udn.com/wtimes/story/122412/8238716
2024,4,1,台北,磺溪小鎮,磺溪小鎮,partial_text: full tier list published only as image,https://500times.udn.com/wtimes/story/122412/8238716
2024,4,1,台北,祥和蔬食料理,祥和蔬食料理,partial_text: full tier list published only as image,https://500times.udn.com/wtimes/story/122412/8238716
2024,4,1,台北,空盤 komboi,空盤komboi,partial_text: full tier list published only as image,https://500times.udn.com/wtimes/story/122412/8238716
2024,4,1,台北,紅廚 義大利餐廳,紅廚義大利餐廳,partial_text: full tier list published only as image,https://500times.udn.com/wtimes/story/122412/8238716
2024,4,1,台北,紅皇后 川酒 • RED QUEEN BISTRO,紅皇后川酒•redqueenbistro,partial_text: full tier list published only as image,https://500times.udn.com/wtimes/story/122412/8238716
2024,4,1,台北,聚苑 Ju Yuan,聚苑juyuan,partial_text: full tier list published only as image,https://500times.udn.com/wtimes/story/122412/8238716
2024,4,1,台北,興鐵板燒 Xing Teppanyaki,興鐵板燒xingteppanyaki,partial_text: full tier list published only as image,https://500times.udn.com/wtimes/story/122412/8238716
2024,4,1,台北,花娘小廚,花娘小廚,partial_text: full tier list published only as image,https://500times.udn.com/wtimes/story/122412/8238716
2024,4,1,台北,茂園餐廳,茂園餐廳,partial_text: full tier list published only as image,https://500times.udn.com/wtimes/story/122412/8238716
2024,4,1,台北,貝菈小屋,貝菈小屋,partial_text: full tier list published only as image,https://500times.udn.com/wtimes/story/122412/8238716
2024,4,1,台北,赤身燒肉 USHIO Taipei,赤身燒肉ushiotaipei,partial_text: full tier list published only as image,https://500times.udn.com/wtimes/story/122412/8238716
2024,4,1,台北,辰壽司·割烹·會席,辰壽司割烹會席,partial_text: full tier list published only as image,https://500times.udn.com/wtimes/story/122412/8238716
2024,4,1,台北,都鮨蘭奢待 日法小料亭,都鮨蘭奢待日法小料亭,partial_text: full tier list published only as image,https://500times.udn.com/wtimes/story/122412/8238716
2024,4,1,台北,醇一拉麵,醇一拉麵,partial_text: full tier list published only as image,https://500times.udn.com/wtimes/story/122412/8238716
2024,4,1,台北,金山客家小館創始店,金山客家小館創始店,partial_text: full tier list published only as image,https://500times.udn.com/wtimes/story/122412/8238716
2024,4,1,台北,錦富日本料理,錦富日本料理,partial_text: full tier list published only as image,https://500times.udn.com/wtimes/story/122412/8238716
2024,4,1,台北,阿嬌海鮮料理,阿嬌海鮮料理,partial_text: full tier list published only as image,https://500times.udn.com/wtimes/story/122412/8238716
2024,4,1,台北,阿正廚坊,阿正廚坊,partial_text: full tier list published only as image,https://500times.udn.com/wtimes/story/122412/8238716
2024,4,1,台北,雙城雙廚,雙城雙廚,partial_text: full tier list published only as image,https://500times.udn.com/wtimes/story/122412/8238716
2024,4,1,台北,青菜園,青菜園,partial_text: full tier list published only as image,https://500times.udn.com/wtimes/story/122412/8238716
2024,4,1,台北,養心茶樓 蔬食飲茶,養心茶樓蔬食飲茶,partial_text: full tier list published only as image,https://500times.udn.com/wtimes/story/122412/8238716
2024,4,1,台北,香料屋印度料理 Spice Shop,香料屋印度料理spiceshop,partial_text: full tier list published only as image,https://500times.udn.com/wtimes/story/122412/8238716
2024,4,1,台北,香色 XIANG SE,香色xiangse,partial_text: full tier list published only as image,https://500times.udn.com/wtimes/story/122412/8238716
2024,4,1,台北,鮨崤,鮨崤,partial_text: full tier list published only as image,https://500times.udn.com/wtimes/story/122412/8238716
2024,4,1,台北,鳥哲 燒物專門店,鳥哲燒物專門店,partial_text: full tier list published only as image,https://500times.udn.com/wtimes/story/122412/8238716
2024,4,1,台北,鵝川,鵝川,partial_text: full tier list published only as image,https://500times.udn.com/wtimes/story/122412/8238716
2024,4,1,台北,鼎旺麻辣鍋,鼎旺麻辣鍋,partial_text: full tier list published only as image,https://500times.udn.com/wtimes/story/122412/8238716
2024,4,1,台南,Funkoo Bar - Mexican Cuisine & Bar,funkoobarmexicancuisinebar,partial_text: full tier list published only as image,https://500times.udn.com/wtimes/story/122412/8238716
2024,4,1,台南,MO. Lab,molab,partial_text: full tier list published only as image,https://500times.udn.com/wtimes/story/122412/8238716
2024,4,1,台南,THINKPIZZA,thinkpizza,partial_text: full tier list published only as image,https://500times.udn.com/wtimes/story/122412/8238716
2024,4,1,台南,Wom salone,womsalone,partial_text: full tier list published only as image,https://500times.udn.com/wtimes/story/122412/8238716
2024,4,1,台南,大員皇冠假日酒店彩豐樓,大員皇冠假日酒店彩豐樓,partial_text: full tier list published only as image,https://500times.udn.com/wtimes/story/122412/8238716
2024,4,1,台南,廣東汕頭沙茶爐,廣東汕頭沙茶爐,partial_text: full tier list published only as image,https://500times.udn.com/wtimes/story/122412/8238716
2024,4,1,台南,曉璘燒烤,曉璘燒烤,partial_text: full tier list published only as image,https://500times.udn.com/wtimes/story/122412/8238716
2024,4,1,台南,根串燒居酒屋,根串燒居酒屋,partial_text: full tier list published only as image,https://500times.udn.com/wtimes/story/122412/8238716
2024,4,1,台南,橄饗家西班牙嚴選美食餐廳,橄饗家西班牙嚴選美食餐廳,partial_text: full tier list published only as image,https://500times.udn.com/wtimes/story/122412/8238716
2024,4,1,台南,知味,知味,partial_text: full tier list published only as image,https://500times.udn.com/wtimes/story/122412/8238716
2024,4,1,台南,竹海產,竹海產,partial_text: full tier list published only as image,https://500times.udn.com/wtimes/story/122412/8238716
2024,4,1,台南,筑馨居,筑馨居,partial_text: full tier list published only as image,https://500times.udn.com/wtimes/story/122412/8238716
2024,4,1,台南,鄭牛肉湯,鄭牛肉湯,partial_text: full tier list published only as image,https://500times.udn.com/wtimes/story/122412/8238716
2024,4,1,台南,阿元羊肉店,阿元羊肉店,partial_text: full tier list published only as image,https://500times.udn.com/wtimes/story/122412/8238716
2024,4,1,台南,阿裕牛肉涮涮鍋,阿裕牛肉涮涮鍋,partial_text: full tier list published only as image,https://500times.udn.com/wtimes/story/122412/8238716
2024,4,1,台南,阿財牛肉湯安平二店,阿財牛肉湯安平二店,partial_text: full tier list published only as image,https://500times.udn.com/wtimes/story/122412/8238716
2024,4,1,台南,麥謎食驗室 Bue mi .Lab,麥謎食驗室buemilab,partial_text: full tier list published only as image,https://500times.udn.com/wtimes/story/122412/8238716
2024,4,1,台東,Sinasera 24,sinasera24,partial_text: full tier list published only as image,https://500times.udn.com/wtimes/story/122412/8238716
2024,4,1,台東,一品香海產,一品香海產,partial_text: full tier list published only as image,https://500times.udn.com/wtimes/story/122412/8238716
2024,4,1,台東,宏昌客家菜,宏昌客家菜,partial_text: full tier list published only as image,https://500times.udn.com/wtimes/story/122412/8238716
2024,4,1,台東,日出禾作,日出禾作,partial_text: full tier list published only as image,https://500times.udn.com/wtimes/story/122412/8238716
2024,4,1,台東,特選海產店,特選海產店,partial_text: full tier list published only as image,https://500times.udn.com/wtimes/story/122412/8238716
2024,4,1,台東,王群翔慢食家宴,王群翔慢食家宴,partial_text: full tier list published only as image,https://500times.udn.com/wtimes/story/122412/8238716
2024,4,1,台東,翠華小館 客家料理,翠華小館客家料理,partial_text: full tier list published only as image,https://500times.udn.com/wtimes/story/122412/8238716
2024,4,1,台東,邱爸爸海味,邱爸爸海味,partial_text: full tier list published only as image,https://500times.udn.com/wtimes/story/122412/8238716
2024,4,1,嘉義,石桌羊肉店,石桌羊肉店,partial_text: full tier list published only as image,https://500times.udn.com/wtimes/story/122412/8238716
2024,4,1,基隆,李津好。津烹派,李津好津烹派,partial_text: full tier list published only as image,https://500times.udn.com/wtimes/story/122412/8238716
2024,4,1,宜蘭,Slobber 囍伯美式餐廳,slobber囍伯美式餐廳,partial_text: full tier list published only as image,https://500times.udn.com/wtimes/story/122412/8238716
2024,4,1,宜蘭,朝陽社區客來香,朝陽社區客來香,partial_text: full tier list published only as image,https://500times.udn.com/wtimes/story/122412/8238716
2024,4,1,宜蘭,紅樓中餐廳,紅樓中餐廳,partial_text: full tier list published only as image,https://500times.udn.com/wtimes/story/122412/8238716
2024,4,1,宜蘭,花愛現小酒館,花愛現小酒館,partial_text: full tier list published only as image,https://500times.udn.com/wtimes/story/122412/8238716
2024,4,1,宜蘭,蜀香四川鮮魚火鍋,蜀香四川鮮魚火鍋,partial_text: full tier list published only as image,https://500times.udn.com/wtimes/story/122412/8238716
2024,4,1,宜蘭,饗宴鐵板燒,饗宴鐵板燒,partial_text: full tier list published only as image,https://500times.udn.com/wtimes/story/122412/8238716
2024,4,1,屏東,AKAME,akame,partial_text: full tier list published only as image,https://500times.udn.com/wtimes/story/122412/8238716
2024,4,1,屏東,新真珍餐廳,新真珍餐廳,partial_text: full tier list published only as image,https://500times.udn.com/wtimes/story/122412/8238716
2024,4,1,屏東,海鴻飯店,海鴻飯店,partial_text: full tier list published only as image,https://500times.udn.com/wtimes/story/122412/8238716
2024,4,1,屏東,福爾摩沙農莊,福爾摩沙農莊,partial_text: full tier list published only as image,https://500times.udn.com/wtimes/story/122412/8238716
2024,4,1,新北,三分俗氣,三分俗氣,partial_text: full tier list published only as image,https://500times.udn.com/wtimes/story/122412/8238716
2024,4,1,新北,漢堡排 嘉,漢堡排嘉,partial_text: full tier list published only as image,https://500times.udn.com/wtimes/story/122412/8238716
2024,4,1,新北,落日崖之飄逸居咖啡小屋,落日崖之飄逸居咖啡小屋,partial_text: full tier list published only as image,https://500times.udn.com/wtimes/story/122412/8238716
2024,4,1,新北,詹記麻辣火鍋,詹記麻辣火鍋,partial_text: full tier list published only as image,https://500times.udn.com/wtimes/story/122412/8238716
2024,4,1,新北,豐華小館,豐華小館,partial_text: full tier list published only as image,https://500times.udn.com/wtimes/story/122412/8238716
2024,4,1,新北,酒莊美食餐廳,酒莊美食餐廳,partial_text: full tier list published only as image,https://500times.udn.com/wtimes/story/122412/8238716
2024,4,1,新北,金華飯店,金華飯店,partial_text: full tier list published only as image,https://500times.udn.com/wtimes/story/122412/8238716
2024,4,1,新北,阿真的店,阿真的店,partial_text: full tier list published only as image,https://500times.udn.com/wtimes/story/122412/8238716
2024,4,1,新北,食不厭,食不厭,partial_text: full tier list published only as image,https://500times.udn.com/wtimes/story/122412/8238716
2024,4,1,新竹,Piccola Enoteca 彼刻義式餐酒館,piccolaenoteca彼刻義式餐酒館,partial_text: full tier list published only as image,https://500times.udn.com/wtimes/story/122412/8238716
2024,4,1,新竹,悅鄉田園,悅鄉田園,partial_text: full tier list published only as image,https://500times.udn.com/wtimes/story/122412/8238716
2024,4,1,新竹,清香飲食店,清香飲食店,partial_text: full tier list published only as image,https://500times.udn.com/wtimes/story/122412/8238716
2024,4,1,新竹,菜園上海餐廳,菜園上海餐廳,partial_text: full tier list published only as image,https://500times.udn.com/wtimes/story/122412/8238716
2024,4,1,新竹,首烏廚EAT,首烏廚eat,partial_text: full tier list published only as image,https://500times.udn.com/wtimes/story/122412/8238716
2024,4,1,新竹,鮨安,鮨安,partial_text: full tier list published only as image,https://500times.udn.com/wtimes/story/122412/8238716
2024,4,1,桃園,光明農場（馬告磚窯雞）,光明農場,partial_text: full tier list published only as image,https://500times.udn.com/wtimes/story/122412/8238716
2024,4,1,澎湖,花菜干人文懷舊餐廳,花菜干人文懷舊餐廳,partial_text: full tier list published only as image,https://500times.udn.com/wtimes/story/122412/8238716
2024,4,1,花蓮,fūjō restaurant,fūjōrestaurant,partial_text: full tier list published only as image,https://500times.udn.com/wtimes/story/122412/8238716
2024,4,1,花蓮,小廢柴 Little Sleepyhead,小廢柴littlesleepyhead,partial_text: full tier list published only as image,https://500times.udn.com/wtimes/story/122412/8238716
2024,4,1,花蓮,流流社風味餐,流流社風味餐,partial_text: full tier list published only as image,https://500times.udn.com/wtimes/story/122412/8238716
2024,4,1,花蓮,牛巴達全牛專賣店,牛巴達全牛專賣店,partial_text: full tier list published only as image,https://500times.udn.com/wtimes/story/122412/8238716
2024,4,1,花蓮,紅瓦屋老地方文化美食餐廳,紅瓦屋老地方文化美食餐廳,partial_text: full tier list published only as image,https://500times.udn.com/wtimes/story/122412/8238716
2024,4,1,花蓮,邊界。花東,邊界花東,partial_text: full tier list published only as image,https://500times.udn.com/wtimes/story/122412/8238716
2024,4,1,苗栗,斗煥坪水餃館,斗煥坪水餃館,partial_text: full tier list published only as image,https://500times.udn.com/wtimes/story/122412/8238716
2024,4,1,雲林,蔦松客棧,蔦松客棧,partial_text: full tier list published only as image,https://500times.udn.com/wtimes/story/122412/8238716
2024,4,1,高雄,BL.T33大廳酒吧_高雄洲際酒店,blt33大廳酒吧高雄洲際酒店,partial_text: full tier list published only as image,https://500times.udn.com/wtimes/story/122412/8238716
2024,4,1,高雄,HAWKER好客南洋餐廳,hawker好客南洋餐廳,partial_text: full tier list published only as image,https://500times.udn.com/wtimes/story/122412/8238716
2024,4,1,高雄,NIBBON,nibbon,partial_text: full tier list published only as image,https://500times.udn.com/wtimes/story/122412/8238716
2024,4,1,高雄,Pasadena 帕莎蒂娜法式餐廳,pasadena帕莎蒂娜法式餐廳,partial_text: full tier list published only as image,https://500times.udn.com/wtimes/story/122412/8238716
2024,4,1,高雄,Хата（HATA 烏克蘭廚房）,хата,partial_text: full tier list published only as image,https://500times.udn.com/wtimes/story/122412/8238716
2024,4,1,高雄,三禾清豐 心臺菜,三禾清豐心臺菜,partial_text: full tier list published only as image,https://500times.udn.com/wtimes/story/122412/8238716
2024,4,1,高雄,卡拉包泰式餐廳,卡拉包泰式餐廳,partial_text: full tier list published only as image,https://500times.udn.com/wtimes/story/122412/8238716
2024,4,1,高雄,國城定潮飯店-正寬法師餐會,國城定潮飯店正寬法師餐會,partial_text: full tier list published only as image,https://500times.udn.com/wtimes/story/122412/8238716
2024,4,1,高雄,承 SHO,承sho,partial_text: full tier list published only as image,https://500times.udn.com/wtimes/story/122412/8238716
2024,4,1,高雄,曾記廚房,曾記廚房,partial_text: full tier list published only as image,https://500times.udn.com/wtimes/story/122412/8238716
2024,4,1,高雄,永心浮島YONSHIN FUDOPIA,永心浮島yonshinfudopia,partial_text: full tier list published only as image,https://500times.udn.com/wtimes/story/122412/8238716
2024,4,1,高雄,漢來名人坊,漢來名人坊,partial_text: full tier list published only as image,https://500times.udn.com/wtimes/story/122412/8238716
2024,4,1,高雄,美享地餐廳 MAJESTY RESTAURANT,美享地餐廳majestyrestaurant,partial_text: full tier list published only as image,https://500times.udn.com/wtimes/story/122412/8238716
2024,4,1,高雄,菜包李小吃部,菜包李小吃部,partial_text: full tier list published only as image,https://500times.udn.com/wtimes/story/122412/8238716
2024,4,1,高雄,華榮活海產,華榮活海產,partial_text: full tier list published only as image,https://500times.udn.com/wtimes/story/122412/8238716
2024,4,1,高雄,蟳之屋,蟳之屋,partial_text: full tier list published only as image,https://500times.udn.com/wtimes/story/122412/8238716
2024,4,1,高雄,雋 GEN by Matt Chen,雋genbymattchen,partial_text: full tier list published only as image,https://500times.udn.com/wtimes/story/122412/8238716
2023,3,11,台北,晶華軒 Silks House,晶華軒silkshouse,complete_text,https://500times.udn.com/wtimes/story/122412/7447811
2023,3,8,台北,Amamoto 鮨天本,amamoto鮨天本,complete_text,https://500times.udn.com/wtimes/story/122412/7447811
2023,3,8,台北,朧粵 Longyue,朧粵longyue,complete_text,https://500times.udn.com/wtimes/story/122412/7447811
2023,3,8,台北,頤宮中餐廳 Le Palais,頤宮中餐廳lepalais,complete_text,https://500times.udn.com/wtimes/story/122412/7447811
2023,3,7,台北,昭和食堂,昭和食堂,complete_text,https://500times.udn.com/wtimes/story/122412/7447811
2023,3,7,台北,鄒記食舖,鄒記食舖,complete_text,https://500times.udn.com/wtimes/story/122412/7447811
2023,3,6,台北,INITA,inita,complete_text,https://500times.udn.com/wtimes/story/122412/7447811
2023,3,6,台北,Orchid 蘭餐廳,orchid蘭餐廳,complete_text,https://500times.udn.com/wtimes/story/122412/7447811
2023,3,6,台北,TUTTO BELLO,tuttobello,complete_text,https://500times.udn.com/wtimes/story/122412/7447811
2023,3,6,台北,明福台菜海產,明福台菜海產,complete_text,https://500times.udn.com/wtimes/story/122412/7447811
2023,3,5,台北,The Ukai Taipei,theukaitaipei,complete_text,https://500times.udn.com/wtimes/story/122412/7447811
2023,3,5,台北,山海樓,山海樓,complete_text,https://500times.udn.com/wtimes/story/122412/7447811
2023,3,5,台北,請客樓,請客樓,complete_text,https://500times.udn.com/wtimes/story/122412/7447811
2023,3,4,台中,鳥苑地雞燒 Yakitori&Wine,鳥苑地雞燒yakitoriwine,complete_text,https://500times.udn.com/wtimes/story/122412/7447811
2023,3,4,台北,Birdy Yakitori,birdyyakitori,complete_text,https://500times.udn.com/wtimes/story/122412/7447811
2023,3,4,台北,COAST,coast,complete_text,https://500times.udn.com/wtimes/story/122412/7447811
2023,3,4,台北,D-Place 涼州游嚴行,dplace涼州游嚴行,complete_text,https://500times.udn.com/wtimes/story/122412/7447811
2023,3,4,台北,Ephernité 法緹,ephernité法緹,complete_text,https://500times.udn.com/wtimes/story/122412/7447811
2023,3,4,台北,La Vie by Thomas Bühner 睿麗餐廳,laviebythomasbühner睿麗餐廳,complete_text,https://500times.udn.com/wtimes/story/122412/7447811
2023,3,4,台北,ZEA,zea,complete_text,https://500times.udn.com/wtimes/story/122412/7447811
2023,3,4,台北,喜相逢麵館,喜相逢麵館,complete_text,https://500times.udn.com/wtimes/story/122412/7447811
2023,3,4,台北,捌伍添第,捌伍添第,complete_text,https://500times.udn.com/wtimes/story/122412/7447811
2023,3,4,台北,牡丹．極上天ぷら,牡丹極上天ぷら,complete_text,https://500times.udn.com/wtimes/story/122412/7447811
2023,3,4,台北,金蓬萊遵古台菜,金蓬萊遵古台菜,complete_text,https://500times.udn.com/wtimes/story/122412/7447811
2023,3,4,高雄,Marc L³,marcl³,complete_text,https://500times.udn.com/wtimes/story/122412/7447811
2023,3,3,台北,Curious Table,curioustable,complete_text,https://500times.udn.com/wtimes/story/122412/7447811
2023,3,3,台北,FRASSI,frassi,complete_text,https://500times.udn.com/wtimes/story/122412/7447811
2023,3,3,台北,KOUMA日本料理小馬,kouma日本料理小馬,complete_text,https://500times.udn.com/wtimes/story/122412/7447811
2023,3,3,台北,Solo Pasta,solopasta,complete_text,https://500times.udn.com/wtimes/story/122412/7447811
2023,3,3,台北,gubami Social,gubamisocial,complete_text,https://500times.udn.com/wtimes/story/122412/7447811
2023,3,3,台北,le beaujour 芃卓法式餐廳,lebeaujour芃卓法式餐廳,complete_text,https://500times.udn.com/wtimes/story/122412/7447811
2023,3,3,台北,世貿名人坊,世貿名人坊,complete_text,https://500times.udn.com/wtimes/story/122412/7447811
2023,3,3,台北,北平上園樓,北平上園樓,complete_text,https://500times.udn.com/wtimes/story/122412/7447811
2023,3,3,台北,大三元酒樓,大三元酒樓,complete_text,https://500times.udn.com/wtimes/story/122412/7447811
2023,3,3,台北,天香樓,天香樓,complete_text,https://500times.udn.com/wtimes/story/122412/7447811
2023,3,3,台北,富錦樹 香檳,富錦樹香檳,complete_text,https://500times.udn.com/wtimes/story/122412/7447811
2023,3,3,台北,謙安和,謙安和,complete_text,https://500times.udn.com/wtimes/story/122412/7447811
2023,3,3,台北,鼎泰豐,鼎泰豐,complete_text,https://500times.udn.com/wtimes/story/122412/7447811
2023,3,3,台東,Sinasera 24,sinasera24,complete_text,https://500times.udn.com/wtimes/story/122412/7447811
2023,3,3,新北,三分俗氣,三分俗氣,complete_text,https://500times.udn.com/wtimes/story/122412/7447811
2023,3,2,台中,L'Atelier par Yao,latelierparyao,complete_text,https://500times.udn.com/wtimes/story/122412/7447811
2023,3,2,台中,湖南味,湖南味,complete_text,https://500times.udn.com/wtimes/story/122412/7447811
2023,3,2,台中,頂粵吉品,頂粵吉品,complete_text,https://500times.udn.com/wtimes/story/122412/7447811
2023,3,2,台中,飛花落院,飛花落院,complete_text,https://500times.udn.com/wtimes/story/122412/7447811
2023,3,2,台北,AZURA,azura,complete_text,https://500times.udn.com/wtimes/story/122412/7447811
2023,3,2,台北,Adachi足立壽司,adachi足立壽司,complete_text,https://500times.udn.com/wtimes/story/122412/7447811
2023,3,2,台北,Impromptu by Paul Lee,impromptubypaullee,complete_text,https://500times.udn.com/wtimes/story/122412/7447811
2023,3,2,台北,L'Atelier de Joel Robuchon Taipei 侯布雄法式餐廳,latelierdejoelrobuchontaipei侯布雄法式餐廳,complete_text,https://500times.udn.com/wtimes/story/122412/7447811
2023,3,2,台北,LOPFAIT 樂斐,lopfait樂斐,complete_text,https://500times.udn.com/wtimes/story/122412/7447811
2023,3,2,台北,Lawry's Taipei 勞瑞斯餐廳,lawrystaipei勞瑞斯餐廳,complete_text,https://500times.udn.com/wtimes/story/122412/7447811
2023,3,2,台北,Plants,plants,complete_text,https://500times.udn.com/wtimes/story/122412/7447811
2023,3,2,台北,RAW,raw,complete_text,https://500times.udn.com/wtimes/story/122412/7447811
2023,3,2,台北,TAKE FIVE 五方食藏,takefive五方食藏,complete_text,https://500times.udn.com/wtimes/story/122412/7447811
2023,3,2,台北,ULV Restaurant and Bar,ulvrestaurantandbar,complete_text,https://500times.udn.com/wtimes/story/122412/7447811
2023,3,2,台北,うなぎ四代目菊川鰻魚,うなぎ四代目菊川鰻魚,complete_text,https://500times.udn.com/wtimes/story/122412/7447811
2023,3,2,台北,中山對酌,中山對酌,complete_text,https://500times.udn.com/wtimes/story/122412/7447811
2023,3,2,台北,九華樓,九華樓,complete_text,https://500times.udn.com/wtimes/story/122412/7447811
2023,3,2,台北,人和園雲南餐廳,人和園雲南餐廳,complete_text,https://500times.udn.com/wtimes/story/122412/7447811
2023,3,2,台北,元味料理,元味料理,complete_text,https://500times.udn.com/wtimes/story/122412/7447811
2023,3,2,台北,六品小館,六品小館,complete_text,https://500times.udn.com/wtimes/story/122412/7447811
2023,3,2,台北,吉兆割烹壽司KITCHO,吉兆割烹壽司kitcho,complete_text,https://500times.udn.com/wtimes/story/122412/7447811
2023,3,2,台北,奇岩一號,奇岩一號,complete_text,https://500times.udn.com/wtimes/story/122412/7447811
2023,3,2,台北,彭家園,彭家園,complete_text,https://500times.udn.com/wtimes/story/122412/7447811
2023,3,2,台北,拾穗 Kitchen,拾穗kitchen,complete_text,https://500times.udn.com/wtimes/story/122412/7447811
2023,3,2,台北,明壽司,明壽司,complete_text,https://500times.udn.com/wtimes/story/122412/7447811
2023,3,2,台北,松竹園,松竹園,complete_text,https://500times.udn.com/wtimes/story/122412/7447811
2023,3,2,台北,欣葉台菜,欣葉台菜,complete_text,https://500times.udn.com/wtimes/story/122412/7447811
2023,3,2,台北,玉喜飯店,玉喜飯店,complete_text,https://500times.udn.com/wtimes/story/122412/7447811
2023,3,2,台北,番紅花印度餐廳,番紅花印度餐廳,complete_text,https://500times.udn.com/wtimes/story/122412/7447811
2023,3,2,台北,聚聚樓,聚聚樓,complete_text,https://500times.udn.com/wtimes/story/122412/7447811
2023,3,2,台北,聚苑,聚苑,complete_text,https://500times.udn.com/wtimes/story/122412/7447811
2023,3,2,台北,肉割烹 ゆう-Nikukappou Yuu,肉割烹ゆうnikukappouyuu,complete_text,https://500times.udn.com/wtimes/story/122412/7447811
2023,3,2,台北,腹響圓上海食府,腹響圓上海食府,complete_text,https://500times.udn.com/wtimes/story/122412/7447811
2023,3,2,台北,花敦道鍋物huadundao,花敦道鍋物huadundao,complete_text,https://500times.udn.com/wtimes/story/122412/7447811
2023,3,2,台北,草頭西,草頭西,complete_text,https://500times.udn.com/wtimes/story/122412/7447811
2023,3,2,台北,貓下去敦北俱樂部,貓下去敦北俱樂部,complete_text,https://500times.udn.com/wtimes/story/122412/7447811
2023,3,2,台北,辰園,辰園,complete_text,https://500times.udn.com/wtimes/story/122412/7447811
2023,3,2,台北,都一處,都一處,complete_text,https://500times.udn.com/wtimes/story/122412/7447811
2023,3,2,台北,采采食茶大安概念店 ❘ CHA CHA THÉ Cuisine,采采食茶大安概念店chachathécuisine,complete_text,https://500times.udn.com/wtimes/story/122412/7447811
2023,3,2,台北,鍋膳,鍋膳,complete_text,https://500times.udn.com/wtimes/story/122412/7447811
2023,3,2,台北,青菜園,青菜園,complete_text,https://500times.udn.com/wtimes/story/122412/7447811
2023,3,2,台北,鮨 崤,鮨崤,complete_text,https://500times.udn.com/wtimes/story/122412/7447811
2023,3,2,台北,鮨增田Sushi Masuda,鮨增田sushimasuda,complete_text,https://500times.udn.com/wtimes/story/122412/7447811
2023,3,2,台南,Mo Lab,molab,complete_text,https://500times.udn.com/wtimes/story/122412/7447811
2023,3,2,台南,黃婉玲阿舍宴,黃婉玲阿舍宴,complete_text,https://500times.udn.com/wtimes/story/122412/7447811
2023,3,2,屏東,Akame,akame,complete_text,https://500times.udn.com/wtimes/story/122412/7447811
2023,3,2,新北,山居擇食,山居擇食,complete_text,https://500times.udn.com/wtimes/story/122412/7447811
2023,3,1,南投,涵碧樓湖光軒,涵碧樓湖光軒,complete_text,https://500times.udn.com/wtimes/story/122412/7447811
2023,3,1,南投,紫林莊野菜料理,紫林莊野菜料理,complete_text,https://500times.udn.com/wtimes/story/122412/7447811
2023,3,1,南投,阿三全筍餐廳,阿三全筍餐廳,complete_text,https://500times.udn.com/wtimes/story/122412/7447811
2023,3,1,台中,DNA 西班牙餐廳,dna西班牙餐廳,complete_text,https://500times.udn.com/wtimes/story/122412/7447811
2023,3,1,台中,Enrich restaurant & café,enrichrestaurantcafé,complete_text,https://500times.udn.com/wtimes/story/122412/7447811
2023,3,1,台中,FReNCHIE FReNCHIE,frenchiefrenchie,complete_text,https://500times.udn.com/wtimes/story/122412/7447811
2023,3,1,台中,JL Studio,jlstudio,complete_text,https://500times.udn.com/wtimes/story/122412/7447811
2023,3,1,台中,Le Plein 滿堂,leplein滿堂,complete_text,https://500times.udn.com/wtimes/story/122412/7447811
2023,3,1,台中,Vima House 維摩舍,vimahouse維摩舍,complete_text,https://500times.udn.com/wtimes/story/122412/7447811
2023,3,1,台中,元YUAN,元yuan,complete_text,https://500times.udn.com/wtimes/story/122412/7447811
2023,3,1,台中,好菜Küisine,好菜küisine,complete_text,https://500times.udn.com/wtimes/story/122412/7447811
2023,3,1,台中,小夏天 petit été,小夏天petitété,complete_text,https://500times.udn.com/wtimes/story/122412/7447811
2023,3,1,台中,小樂沐Le Côté LM,小樂沐lecôtélm,complete_text,https://500times.udn.com/wtimes/story/122412/7447811
2023,3,1,台中,文公館La Maison de Win,文公館lamaisondewin,complete_text,https://500times.udn.com/wtimes/story/122412/7447811
2023,3,1,台中,東沐。食在,東沐食在,complete_text,https://500times.udn.com/wtimes/story/122412/7447811
2023,3,1,台中,火板大叔韓國烤肉,火板大叔韓國烤肉,complete_text,https://500times.udn.com/wtimes/story/122412/7447811
2023,3,1,台中,虹夕諾雅谷關,虹夕諾雅谷關,complete_text,https://500times.udn.com/wtimes/story/122412/7447811
2023,3,1,台中,魚麗人文主題書店‧魚麗共同廚房,魚麗人文主題書店魚麗共同廚房,complete_text,https://500times.udn.com/wtimes/story/122412/7447811
2023,3,1,台北,121好 鮑魚燕窩餐廳,121好鮑魚燕窩餐廳,complete_text,https://500times.udn.com/wtimes/story/122412/7447811
2023,3,1,台北,1516 Bistro,1516bistro,complete_text,https://500times.udn.com/wtimes/story/122412/7447811
2023,3,1,台北,21世紀風味館,21世紀風味館,complete_text,https://500times.udn.com/wtimes/story/122412/7447811
2023,3,1,台北,A.B HOUSE 義式私房料理,abhouse義式私房料理,complete_text,https://500times.udn.com/wtimes/story/122412/7447811
2023,3,1,台北,Ad Astra,adastra,complete_text,https://500times.udn.com/wtimes/story/122412/7447811
2023,3,1,台北,Antico Forno 老烤箱義式披薩餐酒,anticoforno老烤箱義式披薩餐酒,complete_text,https://500times.udn.com/wtimes/story/122412/7447811
2023,3,1,台北,Ashin阿鑫小料理,ashin阿鑫小料理,complete_text,https://500times.udn.com/wtimes/story/122412/7447811
2023,3,1,台北,At ease,atease,complete_text,https://500times.udn.com/wtimes/story/122412/7447811
2023,3,1,台北,BAR 忠 Chu,bar忠chu,complete_text,https://500times.udn.com/wtimes/story/122412/7447811
2023,3,1,台北,BBQ chicken,bbqchicken,complete_text,https://500times.udn.com/wtimes/story/122412/7447811
2023,3,1,台北,Bar Impromptu,barimpromptu,complete_text,https://500times.udn.com/wtimes/story/122412/7447811
2023,3,1,台北,Black Pepper,blackpepper,complete_text,https://500times.udn.com/wtimes/story/122412/7447811
2023,3,1,台北,Blind Pig by R.D.,blindpigbyrd,complete_text,https://500times.udn.com/wtimes/story/122412/7447811
2023,3,1,台北,Botega del vin,botegadelvin,complete_text,https://500times.udn.com/wtimes/story/122412/7447811
2023,3,1,台北,CLOVER BELLAVITA,cloverbellavita,complete_text,https://500times.udn.com/wtimes/story/122412/7447811
2023,3,1,台北,Canvas,canvas,complete_text,https://500times.udn.com/wtimes/story/122412/7447811
2023,3,1,台北,Chapter 3,chapter3,complete_text,https://500times.udn.com/wtimes/story/122412/7447811
2023,3,1,台北,DiVino Taipei,divinotaipei,complete_text,https://500times.udn.com/wtimes/story/122412/7447811
2023,3,1,台北,EMBERS,embers,complete_text,https://500times.udn.com/wtimes/story/122412/7447811
2023,3,1,台北,Fermi Pasta,fermipasta,complete_text,https://500times.udn.com/wtimes/story/122412/7447811
2023,3,1,台北,HiBoRu嗨啵嚕ハイボール,hiboru嗨啵嚕ハイボール,complete_text,https://500times.udn.com/wtimes/story/122412/7447811
2023,3,1,台北,Holt,holt,complete_text,https://500times.udn.com/wtimes/story/122412/7447811
2023,3,1,台北,IHOP美式連鎖早午餐ＸJK廚房,ihop美式連鎖早午餐ｘjk廚房,complete_text,https://500times.udn.com/wtimes/story/122412/7447811
2023,3,1,台北,JOYCE EAST,joyceeast,complete_text,https://500times.udn.com/wtimes/story/122412/7447811
2023,3,1,台北,Ken Bakery,kenbakery,complete_text,https://500times.udn.com/wtimes/story/122412/7447811
2023,3,1,台北,M&CO,mco,complete_text,https://500times.udn.com/wtimes/story/122412/7447811
2023,3,1,台北,MiraWan,mirawan,complete_text,https://500times.udn.com/wtimes/story/122412/7447811
2023,3,1,台北,Molino de Urdániz 渥達尼斯磨坊,molinodeurdániz渥達尼斯磨坊,complete_text,https://500times.udn.com/wtimes/story/122412/7447811
2023,3,1,台北,MyHome Restaurant and Buddha Bar,myhomerestaurantandbuddhabar,complete_text,https://500times.udn.com/wtimes/story/122412/7447811
2023,3,1,台北,NeNe Chicken,nenechicken,complete_text,https://500times.udn.com/wtimes/story/122412/7447811
2023,3,1,台北,OSSU Handroll & Bar,ossuhandrollbar,complete_text,https://500times.udn.com/wtimes/story/122412/7447811
2023,3,1,台北,PASTi Trattoria,pastitrattoria,complete_text,https://500times.udn.com/wtimes/story/122412/7447811
2023,3,1,台北,Persona,persona,complete_text,https://500times.udn.com/wtimes/story/122412/7447811
2023,3,1,台北,Podium,podium,complete_text,https://500times.udn.com/wtimes/story/122412/7447811
2023,3,1,台北,SENS,sens,complete_text,https://500times.udn.com/wtimes/story/122412/7447811
2023,3,1,台北,Smith & Wollensky Taipei,smithwollenskytaipei,complete_text,https://500times.udn.com/wtimes/story/122412/7447811
2023,3,1,台北,T+T,t+t,complete_text,https://500times.udn.com/wtimes/story/122412/7447811
2023,3,1,台北,Taïrroir 態芮,taïrroir態芮,complete_text,https://500times.udn.com/wtimes/story/122412/7447811
2023,3,1,台北,W.Cookery 烹然私廚,wcookery烹然私廚,complete_text,https://500times.udn.com/wtimes/story/122412/7447811
2023,3,1,台北,Wild Donkey 野驢小餐館,wilddonkey野驢小餐館,complete_text,https://500times.udn.com/wtimes/story/122412/7447811
2023,3,1,台北,Wills Teppanyaki,willsteppanyaki,complete_text,https://500times.udn.com/wtimes/story/122412/7447811
2023,3,1,台北,Woolloomooloo,woolloomooloo,complete_text,https://500times.udn.com/wtimes/story/122412/7447811
2023,3,1,台北,Zaaptaipei,zaaptaipei,complete_text,https://500times.udn.com/wtimes/story/122412/7447811
2023,3,1,台北,bellini caffe,bellinicaffe,complete_text,https://500times.udn.com/wtimes/story/122412/7447811
2023,3,1,台北,de nuit,denuit,complete_text,https://500times.udn.com/wtimes/story/122412/7447811
2023,3,1,台北,logy,logy,complete_text,https://500times.udn.com/wtimes/story/122412/7447811
2023,3,1,台北,ギュービー焼肉 牛B焼肉 GyuB Yakiniku,ギュービー焼肉牛b焼肉gyubyakiniku,complete_text,https://500times.udn.com/wtimes/story/122412/7447811
2023,3,1,台北,三六食府,三六食府,complete_text,https://500times.udn.com/wtimes/story/122412/7447811
2023,3,1,台北,上海極品軒餐廳,上海極品軒餐廳,complete_text,https://500times.udn.com/wtimes/story/122412/7447811
2023,3,1,台北,世界的山將南京店,世界的山將南京店,complete_text,https://500times.udn.com/wtimes/story/122412/7447811
2023,3,1,台北,丸隆生魚行,丸隆生魚行,complete_text,https://500times.udn.com/wtimes/story/122412/7447811
2023,3,1,台北,九記港式海鮮餐廳,九記港式海鮮餐廳,complete_text,https://500times.udn.com/wtimes/story/122412/7447811
2023,3,1,台北,但馬家涮涮鍋 TAJIMAYA Shabu Shabu,但馬家涮涮鍋tajimayashabushabu,complete_text,https://500times.udn.com/wtimes/story/122412/7447811
2023,3,1,台北,佳佳小吃店,佳佳小吃店,complete_text,https://500times.udn.com/wtimes/story/122412/7447811
2023,3,1,台北,儂來餐廳,儂來餐廳,complete_text,https://500times.udn.com/wtimes/story/122412/7447811
2023,3,1,台北,允壽司,允壽司,complete_text,https://500times.udn.com/wtimes/story/122412/7447811
2023,3,1,台北,先進海產,先進海產,complete_text,https://500times.udn.com/wtimes/story/122412/7447811
2023,3,1,台北,六廚川客料理,六廚川客料理,complete_text,https://500times.udn.com/wtimes/story/122412/7447811
2023,3,1,台北,凜割烹,凜割烹,complete_text,https://500times.udn.com/wtimes/story/122412/7447811
2023,3,1,台北,刺青大叔的料理屋,刺青大叔的料理屋,complete_text,https://500times.udn.com/wtimes/story/122412/7447811
2023,3,1,台北,加賀屋,加賀屋,complete_text,https://500times.udn.com/wtimes/story/122412/7447811
2023,3,1,台北,十六鮨,十六鮨,complete_text,https://500times.udn.com/wtimes/story/122412/7447811
2023,3,1,台北,卉堂HUI-TANG,卉堂huitang,complete_text,https://500times.udn.com/wtimes/story/122412/7447811
2023,3,1,台北,原汁排骨湯,原汁排骨湯,complete_text,https://500times.udn.com/wtimes/story/122412/7447811
2023,3,1,台北,台記家傳手勁麵,台記家傳手勁麵,complete_text,https://500times.udn.com/wtimes/story/122412/7447811
2023,3,1,台北,史記正宗牛肉麵,史記正宗牛肉麵,complete_text,https://500times.udn.com/wtimes/story/122412/7447811
2023,3,1,台北,吉品海鮮餐廳,吉品海鮮餐廳,complete_text,https://500times.udn.com/wtimes/story/122412/7447811
2023,3,1,台北,吉甘槑喆,吉甘槑喆,complete_text,https://500times.udn.com/wtimes/story/122412/7447811
2023,3,1,台北,味処 初梅/Hatsuume,味処初梅hatsuume,complete_text,https://500times.udn.com/wtimes/story/122412/7447811
2023,3,1,台北,和牛研究室,和牛研究室,complete_text,https://500times.udn.com/wtimes/story/122412/7447811
2023,3,1,台北,和蒔炭火割烹,和蒔炭火割烹,complete_text,https://500times.udn.com/wtimes/story/122412/7447811
2023,3,1,台北,啜飲室,啜飲室,complete_text,https://500times.udn.com/wtimes/story/122412/7447811
2023,3,1,台北,國賓中餐廳,國賓中餐廳,complete_text,https://500times.udn.com/wtimes/story/122412/7447811
2023,3,1,台北,圓苑餐廳,圓苑餐廳,complete_text,https://500times.udn.com/wtimes/story/122412/7447811
2023,3,1,台北,培皮諾小館,培皮諾小館,complete_text,https://500times.udn.com/wtimes/story/122412/7447811
2023,3,1,台北,夜上海 Ye Shanghai Taipei,夜上海yeshanghaitaipei,complete_text,https://500times.udn.com/wtimes/story/122412/7447811
2023,3,1,台北,大福利排骨大王,大福利排骨大王,complete_text,https://500times.udn.com/wtimes/story/122412/7447811
2023,3,1,台北,天東86牛肉麵,天東86牛肉麵,complete_text,https://500times.udn.com/wtimes/story/122412/7447811
2023,3,1,台北,如嬌 花膠雞．鍋物,如嬌花膠雞鍋物,complete_text,https://500times.udn.com/wtimes/story/122412/7447811
2023,3,1,台北,宴客樓THE DINING PLACE,宴客樓thediningplace,complete_text,https://500times.udn.com/wtimes/story/122412/7447811
2023,3,1,台北,寒舍食譜,寒舍食譜,complete_text,https://500times.udn.com/wtimes/story/122412/7447811
2023,3,1,台北,小倉屋鰻魚飯 光復本店,小倉屋鰻魚飯光復本店,complete_text,https://500times.udn.com/wtimes/story/122412/7447811
2023,3,1,台北,小小樹食,小小樹食,complete_text,https://500times.udn.com/wtimes/story/122412/7447811
2023,3,1,台北,屋頂上的貓,屋頂上的貓,complete_text,https://500times.udn.com/wtimes/story/122412/7447811
2023,3,1,台北,島DAU,島dau,complete_text,https://500times.udn.com/wtimes/story/122412/7447811
2023,3,1,台北,巴獅子德國餐廳,巴獅子德國餐廳,complete_text,https://500times.udn.com/wtimes/story/122412/7447811
2023,3,1,台北,巴賽麗廳 La Brasserie,巴賽麗廳labrasserie,complete_text,https://500times.udn.com/wtimes/story/122412/7447811
2023,3,1,台北,巷子龍家常菜,巷子龍家常菜,complete_text,https://500times.udn.com/wtimes/story/122412/7447811
2023,3,1,台北,常夜燈,常夜燈,complete_text,https://500times.udn.com/wtimes/story/122412/7447811
2023,3,1,台北,彡耕居食事所,彡耕居食事所,complete_text,https://500times.udn.com/wtimes/story/122412/7447811
2023,3,1,台北,彧 割烹,彧割烹,complete_text,https://500times.udn.com/wtimes/story/122412/7447811
2023,3,1,台北,徐家私廚,徐家私廚,complete_text,https://500times.udn.com/wtimes/story/122412/7447811
2023,3,1,台北,德克士脆皮炸雞,德克士脆皮炸雞,complete_text,https://500times.udn.com/wtimes/story/122412/7447811
2023,3,1,台北,德州美墨炸雞,德州美墨炸雞,complete_text,https://500times.udn.com/wtimes/story/122412/7447811
2023,3,1,台北,心潮飯店,心潮飯店,complete_text,https://500times.udn.com/wtimes/story/122412/7447811
2023,3,1,台北,成海 寿司,成海寿司,complete_text,https://500times.udn.com/wtimes/story/122412/7447811
2023,3,1,台北,戴記福建涼麵,戴記福建涼麵,complete_text,https://500times.udn.com/wtimes/story/122412/7447811
2023,3,1,台北,拿坡里,拿坡里,complete_text,https://500times.udn.com/wtimes/story/122412/7447811
2023,3,1,台北,明宮粵菜廳,明宮粵菜廳,complete_text,https://500times.udn.com/wtimes/story/122412/7447811
2023,3,1,台北,春韭,春韭,complete_text,https://500times.udn.com/wtimes/story/122412/7447811
2023,3,1,台北,昶鴻麵點,昶鴻麵點,complete_text,https://500times.udn.com/wtimes/story/122412/7447811
2023,3,1,台北,李家榕樹下,李家榕樹下,complete_text,https://500times.udn.com/wtimes/story/122412/7447811
2023,3,1,台北,林家蔬菜羊肉爐,林家蔬菜羊肉爐,complete_text,https://500times.udn.com/wtimes/story/122412/7447811
2023,3,1,台北,格格的幸福廚房,格格的幸福廚房,complete_text,https://500times.udn.com/wtimes/story/122412/7447811
2023,3,1,台北,梅子餐廳,梅子餐廳,complete_text,https://500times.udn.com/wtimes/story/122412/7447811
2023,3,1,台北,梵燒肉,梵燒肉,complete_text,https://500times.udn.com/wtimes/story/122412/7447811
2023,3,1,台北,榮榮園浙寧餐廳,榮榮園浙寧餐廳,complete_text,https://500times.udn.com/wtimes/story/122412/7447811
2023,3,1,台北,樂天皇朝,樂天皇朝,complete_text,https://500times.udn.com/wtimes/story/122412/7447811
2023,3,1,台北,武昌排骨大王,武昌排骨大王,complete_text,https://500times.udn.com/wtimes/story/122412/7447811
2023,3,1,台北,民生輝牛肉鍋,民生輝牛肉鍋,complete_text,https://500times.udn.com/wtimes/story/122412/7447811
2023,3,1,台北,海九澎湖海鮮餐廳,海九澎湖海鮮餐廳,complete_text,https://500times.udn.com/wtimes/story/122412/7447811
2023,3,1,台北,海裕屋,海裕屋,complete_text,https://500times.udn.com/wtimes/story/122412/7447811
2023,3,1,台北,海霸王,海霸王,complete_text,https://500times.udn.com/wtimes/story/122412/7447811
2023,3,1,台北,渡邉,渡邉,complete_text,https://500times.udn.com/wtimes/story/122412/7447811
2023,3,1,台北,牛壽司,牛壽司,complete_text,https://500times.udn.com/wtimes/story/122412/7447811
2023,3,1,台北,牛肆,牛肆,complete_text,https://500times.udn.com/wtimes/story/122412/7447811
2023,3,1,台北,牛鼎台灣牛肉火鍋專賣店,牛鼎台灣牛肉火鍋專賣店,complete_text,https://500times.udn.com/wtimes/story/122412/7447811
2023,3,1,台北,玉瀧谷野菜料理,玉瀧谷野菜料理,complete_text,https://500times.udn.com/wtimes/story/122412/7447811
2023,3,1,台北,現流澎湖海鮮 鮮魚店,現流澎湖海鮮鮮魚店,complete_text,https://500times.udn.com/wtimes/story/122412/7447811
2023,3,1,台北,瑪黑餐酒,瑪黑餐酒,complete_text,https://500times.udn.com/wtimes/story/122412/7447811
2023,3,1,台北,相思李舍,相思李舍,complete_text,https://500times.udn.com/wtimes/story/122412/7447811
2023,3,1,台北,磐石坊,磐石坊,complete_text,https://500times.udn.com/wtimes/story/122412/7447811
2023,3,1,台北,祥和蔬食 慶城店,祥和蔬食慶城店,complete_text,https://500times.udn.com/wtimes/story/122412/7447811
2023,3,1,台北,空盤komboi,空盤komboi,complete_text,https://500times.udn.com/wtimes/story/122412/7447811
2023,3,1,台北,米香台菜餐廳,米香台菜餐廳,complete_text,https://500times.udn.com/wtimes/story/122412/7447811
2023,3,1,台北,紅豆食府,紅豆食府,complete_text,https://500times.udn.com/wtimes/story/122412/7447811
2023,3,1,台北,絢鳥 あやとり 炭火焼鳥,絢鳥あやとり炭火焼鳥,complete_text,https://500times.udn.com/wtimes/story/122412/7447811
2023,3,1,台北,美景越式小廚,美景越式小廚,complete_text,https://500times.udn.com/wtimes/story/122412/7447811
2023,3,1,台北,老乾杯 信義店,老乾杯信義店,complete_text,https://500times.udn.com/wtimes/story/122412/7447811
2023,3,1,台北,老麵店,老麵店,complete_text,https://500times.udn.com/wtimes/story/122412/7447811
2023,3,1,台北,花蕉Hanasho,花蕉hanasho,complete_text,https://500times.udn.com/wtimes/story/122412/7447811
2023,3,1,台北,茂園餐廳,茂園餐廳,complete_text,https://500times.udn.com/wtimes/story/122412/7447811
2023,3,1,台北,莫宰羊,莫宰羊,complete_text,https://500times.udn.com/wtimes/story/122412/7447811
2023,3,1,台北,蒔 割烹,蒔割烹,complete_text,https://500times.udn.com/wtimes/story/122412/7447811
2023,3,1,台北,蕎菜,蕎菜,complete_text,https://500times.udn.com/wtimes/story/122412/7447811
2023,3,1,台北,蘇杭點心店,蘇杭點心店,complete_text,https://500times.udn.com/wtimes/story/122412/7447811
2023,3,1,台北,蝦殿,蝦殿,complete_text,https://500times.udn.com/wtimes/story/122412/7447811
2023,3,1,台北,豆腐村,豆腐村,complete_text,https://500times.udn.com/wtimes/story/122412/7447811
2023,3,1,台北,財神台南擔仔麵,財神台南擔仔麵,complete_text,https://500times.udn.com/wtimes/story/122412/7447811
2023,3,1,台北,越富越南法國麵包 - Lò Bánh Mì Việt Phú,越富越南法國麵包lòbánhmìviệtphú,complete_text,https://500times.udn.com/wtimes/story/122412/7447811
2023,3,1,台北,酉志,酉志,complete_text,https://500times.udn.com/wtimes/story/122412/7447811
2023,3,1,台北,金山客家小館,金山客家小館,complete_text,https://500times.udn.com/wtimes/story/122412/7447811
2023,3,1,台北,金雞園,金雞園,complete_text,https://500times.udn.com/wtimes/story/122412/7447811
2023,3,1,台北,錢唐村,錢唐村,complete_text,https://500times.udn.com/wtimes/story/122412/7447811
2023,3,1,台北,雙城雙廚,雙城雙廚,complete_text,https://500times.udn.com/wtimes/story/122412/7447811
2023,3,1,台北,食憶 by SUi,食憶bysui,complete_text,https://500times.udn.com/wtimes/story/122412/7447811
2023,3,1,台北,食樂-大腕私廚,食樂大腕私廚,complete_text,https://500times.udn.com/wtimes/story/122412/7447811
2023,3,1,台北,香宮 Shang Palace,香宮shangpalace,complete_text,https://500times.udn.com/wtimes/story/122412/7447811
2023,3,1,台北,香色 XIANG SE,香色xiangse,complete_text,https://500times.udn.com/wtimes/story/122412/7447811
2023,3,1,台北,騰鰭,騰鰭,complete_text,https://500times.udn.com/wtimes/story/122412/7447811
2023,3,1,台北,鮨をう,鮨をう,complete_text,https://500times.udn.com/wtimes/story/122412/7447811
2023,3,1,台北,鮨七海Sushi Nanami,鮨七海sushinanami,complete_text,https://500times.udn.com/wtimes/story/122412/7447811
2023,3,1,台北,鮨佐樂,鮨佐樂,complete_text,https://500times.udn.com/wtimes/story/122412/7447811
2023,3,1,台北,鮨隆Sushi Ryu,鮨隆sushiryu,complete_text,https://500times.udn.com/wtimes/story/122412/7447811
2023,3,1,台北,鳥哲 燒物專門店,鳥哲燒物專門店,complete_text,https://500times.udn.com/wtimes/story/122412/7447811
2023,3,1,台北,鳥翔,鳥翔,complete_text,https://500times.udn.com/wtimes/story/122412/7447811
2023,3,1,台北,麻神麻辣火鍋,麻神麻辣火鍋,complete_text,https://500times.udn.com/wtimes/story/122412/7447811
2023,3,1,台北,"黑腳 私廚-法國的家鄉味 Le pied noir, French traditional Private Table.",黑腳私廚法國的家鄉味lepiednoirfrenchtraditionalprivatetable,complete_text,https://500times.udn.com/wtimes/story/122412/7447811
2023,3,1,台北,點水樓,點水樓,complete_text,https://500times.udn.com/wtimes/story/122412/7447811
2023,3,1,台南,室町鰻丼三吃.丼料理,室町鰻丼三吃丼料理,complete_text,https://500times.udn.com/wtimes/story/122412/7447811
2023,3,1,台南,小腳腿羊肉店 柳營總店,小腳腿羊肉店柳營總店,complete_text,https://500times.udn.com/wtimes/story/122412/7447811
2023,3,1,台南,帝一鐤無菜單私藏料理,帝一鐤無菜單私藏料理,complete_text,https://500times.udn.com/wtimes/story/122412/7447811
2023,3,1,台南,民生本產正牛肉湯,民生本產正牛肉湯,complete_text,https://500times.udn.com/wtimes/story/122412/7447811
2023,3,1,台南,老邱羊肉店,老邱羊肉店,complete_text,https://500times.udn.com/wtimes/story/122412/7447811
2023,3,1,台東,M'loma,mloma,complete_text,https://500times.udn.com/wtimes/story/122412/7447811
2023,3,1,台東,明隆春捲專賣店,明隆春捲專賣店,complete_text,https://500times.udn.com/wtimes/story/122412/7447811
2023,3,1,台東,池上美食-芭洋Amis美饌,池上美食芭洋amis美饌,complete_text,https://500times.udn.com/wtimes/story/122412/7447811
2023,3,1,台東,特選海產店,特選海產店,complete_text,https://500times.udn.com/wtimes/story/122412/7447811
2023,3,1,台東,翠華小館客家料理 Meis Hakka Kitchen,翠華小館客家料理meishakkakitchen,complete_text,https://500times.udn.com/wtimes/story/122412/7447811
2023,3,1,嘉義,松山土窯羊肉,松山土窯羊肉,complete_text,https://500times.udn.com/wtimes/story/122412/7447811
2023,3,1,宜蘭,CÔTE À CÔTE,côteàcôte,complete_text,https://500times.udn.com/wtimes/story/122412/7447811
2023,3,1,宜蘭,Slobber 囍伯美式餐廳,slobber囍伯美式餐廳,complete_text,https://500times.udn.com/wtimes/story/122412/7447811
2023,3,1,宜蘭,Soul Food Bistro 寿福 美墨小食部,soulfoodbistro寿福美墨小食部,complete_text,https://500times.udn.com/wtimes/story/122412/7447811
2023,3,1,宜蘭,北關海鮮城,北關海鮮城,complete_text,https://500times.udn.com/wtimes/story/122412/7447811
2023,3,1,宜蘭,廟口海產小吃,廟口海產小吃,complete_text,https://500times.udn.com/wtimes/story/122412/7447811
2023,3,1,宜蘭,紅樓中餐廳,紅樓中餐廳,complete_text,https://500times.udn.com/wtimes/story/122412/7447811
2023,3,1,宜蘭,阿國海鮮,阿國海鮮,complete_text,https://500times.udn.com/wtimes/story/122412/7447811
2023,3,1,宜蘭,饗宴鐵板燒,饗宴鐵板燒,complete_text,https://500times.udn.com/wtimes/story/122412/7447811
2023,3,1,宜蘭,鰻晏-鰻魚專門料理與平價快炒餐廳,鰻晏鰻魚專門料理與平價快炒餐廳,complete_text,https://500times.udn.com/wtimes/story/122412/7447811
2023,3,1,屏東,Mathariri,mathariri,complete_text,https://500times.udn.com/wtimes/story/122412/7447811
2023,3,1,新北,南川麵館,南川麵館,complete_text,https://500times.udn.com/wtimes/story/122412/7447811
2023,3,1,新北,山東小館,山東小館,complete_text,https://500times.udn.com/wtimes/story/122412/7447811
2023,3,1,新北,海園活海鮮餐廳,海園活海鮮餐廳,complete_text,https://500times.udn.com/wtimes/story/122412/7447811
2023,3,1,新北,牛五蔵-肉鍋 x 塩ホルモン台北店,牛五蔵肉鍋x塩ホルモン台北店,complete_text,https://500times.udn.com/wtimes/story/122412/7447811
2023,3,1,新北,貨櫃屋快炒,貨櫃屋快炒,complete_text,https://500times.udn.com/wtimes/story/122412/7447811
2023,3,1,新北,馮記上海小館,馮記上海小館,complete_text,https://500times.udn.com/wtimes/story/122412/7447811
2023,3,1,新竹,Restaurant Re-,restaurantre,complete_text,https://500times.udn.com/wtimes/story/122412/7447811
2023,3,1,新竹,段純貞旗艦店,段純貞旗艦店,complete_text,https://500times.udn.com/wtimes/story/122412/7447811
2023,3,1,新竹,鮨安,鮨安,complete_text,https://500times.udn.com/wtimes/story/122412/7447811
2023,3,1,桃園,古弟私廚,古弟私廚,complete_text,https://500times.udn.com/wtimes/story/122412/7447811
2023,3,1,桃園,源古本舖 品香食塾,源古本舖品香食塾,complete_text,https://500times.udn.com/wtimes/story/122412/7447811
2023,3,1,澎湖,莫子嗜務所,莫子嗜務所,complete_text,https://500times.udn.com/wtimes/story/122412/7447811
2023,3,1,澎湖,魚好。刺身專賣店,魚好刺身專賣店,complete_text,https://500times.udn.com/wtimes/story/122412/7447811
2023,3,1,花蓮,光復紅瓦屋,光復紅瓦屋,complete_text,https://500times.udn.com/wtimes/story/122412/7447811
2023,3,1,花蓮,藍藍餐廳,藍藍餐廳,complete_text,https://500times.udn.com/wtimes/story/122412/7447811
2023,3,1,花蓮,邊界花東,邊界花東,complete_text,https://500times.udn.com/wtimes/story/122412/7447811
2023,3,1,苗栗,棗莊古藝庭園膳坊,棗莊古藝庭園膳坊,complete_text,https://500times.udn.com/wtimes/story/122412/7447811
2023,3,1,雲林,陳老爹食堂,陳老爹食堂,complete_text,https://500times.udn.com/wtimes/story/122412/7447811
2023,3,1,高雄,Liberté,liberté,complete_text,https://500times.udn.com/wtimes/story/122412/7447811
2023,3,1,高雄,NIBBON,nibbon,complete_text,https://500times.udn.com/wtimes/story/122412/7447811
2023,3,1,高雄,WA- RA日式餐廳,wara日式餐廳,complete_text,https://500times.udn.com/wtimes/story/122412/7447811
2023,3,1,高雄,七美望安海產店,七美望安海產店,complete_text,https://500times.udn.com/wtimes/story/122412/7447811
2023,3,1,高雄,台南旺,台南旺,complete_text,https://500times.udn.com/wtimes/story/122412/7447811
2023,3,1,高雄,國秀食堂,國秀食堂,complete_text,https://500times.udn.com/wtimes/story/122412/7447811
2023,3,1,高雄,牛老大 涮牛肉,牛老大涮牛肉,complete_text,https://500times.udn.com/wtimes/story/122412/7447811
2023,3,1,高雄,田山餐館,田山餐館,complete_text,https://500times.udn.com/wtimes/story/122412/7447811
2023,3,1,高雄,紅毛港海鮮餐廳,紅毛港海鮮餐廳,complete_text,https://500times.udn.com/wtimes/story/122412/7447811
2023,3,1,高雄,老新台菜,老新台菜,complete_text,https://500times.udn.com/wtimes/story/122412/7447811
2022,2,15,台北,朧粵Longyue,朧粵longyue,complete_text,https://500times.udn.com/wtimes/story/122412/6645847
2022,2,11,台北,牡丹 天ぷら,牡丹天ぷら,complete_text,https://500times.udn.com/wtimes/story/122412/6645847
2022,2,10,台北,明福台菜海產,明福台菜海產,complete_text,https://500times.udn.com/wtimes/story/122412/6645847
2022,2,10,台北,鄒記食舖,鄒記食舖,complete_text,https://500times.udn.com/wtimes/story/122412/6645847
2022,2,9,台北,Solo Pasta,solopasta,complete_text,https://500times.udn.com/wtimes/story/122412/6645847
2022,2,7,台北,The Ukai Taipei,theukaitaipei,complete_text,https://500times.udn.com/wtimes/story/122412/6645847
2022,2,7,高雄,Ukai-tei Kaohsiung,ukaiteikaohsiung,complete_text,https://500times.udn.com/wtimes/story/122412/6645847
2022,2,6,台中,飛花落院,飛花落院,complete_text,https://500times.udn.com/wtimes/story/122412/6645847
2022,2,6,台北,Ephernité,ephernité,complete_text,https://500times.udn.com/wtimes/story/122412/6645847
2022,2,6,台北,Silks House 晶華軒,silkshouse晶華軒,complete_text,https://500times.udn.com/wtimes/story/122412/6645847
2022,2,6,台北,TUTTO BELLO,tuttobello,complete_text,https://500times.udn.com/wtimes/story/122412/6645847
2022,2,6,台北,logy,logy,complete_text,https://500times.udn.com/wtimes/story/122412/6645847
2022,2,6,屏東,AKAME,akame,complete_text,https://500times.udn.com/wtimes/story/122412/6645847
2022,2,5,台北,PASTi,pasti,complete_text,https://500times.udn.com/wtimes/story/122412/6645847
2022,2,5,台北,À la maison,àlamaison,complete_text,https://500times.udn.com/wtimes/story/122412/6645847
2022,2,5,台北,喜相逢麵館,喜相逢麵館,complete_text,https://500times.udn.com/wtimes/story/122412/6645847
2022,2,5,台北,昭和食堂,昭和食堂,complete_text,https://500times.udn.com/wtimes/story/122412/6645847
2022,2,5,台北,頤宮中餐廳Le Palais（君品酒店）,頤宮中餐廳lepalais,complete_text,https://500times.udn.com/wtimes/story/122412/6645847
2022,2,4,台北,Adachi足立壽司,adachi足立壽司,complete_text,https://500times.udn.com/wtimes/story/122412/6645847
2022,2,4,台北,Impromptu by Paul Lee,impromptubypaullee,complete_text,https://500times.udn.com/wtimes/story/122412/6645847
2022,2,4,台北,LOPFAIT樂斐,lopfait樂斐,complete_text,https://500times.udn.com/wtimes/story/122412/6645847
2022,2,4,台北,Orchid by Nobu Lee 蘭,orchidbynobulee蘭,complete_text,https://500times.udn.com/wtimes/story/122412/6645847
2022,2,4,台北,RAW,raw,complete_text,https://500times.udn.com/wtimes/story/122412/6645847
2022,2,4,台北,WILD DONKEY 野驢小餐館,wilddonkey野驢小餐館,complete_text,https://500times.udn.com/wtimes/story/122412/6645847
2022,2,4,台北,台北喜來登請客樓,台北喜來登請客樓,complete_text,https://500times.udn.com/wtimes/story/122412/6645847
2022,2,4,台北,山海樓,山海樓,complete_text,https://500times.udn.com/wtimes/story/122412/6645847
2022,2,4,台北,牛肆,牛肆,complete_text,https://500times.udn.com/wtimes/story/122412/6645847
2022,2,4,台北,金蓬萊遵古台菜,金蓬萊遵古台菜,complete_text,https://500times.udn.com/wtimes/story/122412/6645847
2022,2,4,台北,鮨天本,鮨天本,complete_text,https://500times.udn.com/wtimes/story/122412/6645847
2022,2,4,台東,Sinasera 24,sinasera24,complete_text,https://500times.udn.com/wtimes/story/122412/6645847
2022,2,4,新北,三分俗氣,三分俗氣,complete_text,https://500times.udn.com/wtimes/story/122412/6645847
2022,2,3,台中,JL Studio,jlstudio,complete_text,https://500times.udn.com/wtimes/story/122412/6645847
2022,2,3,台中,俺達の肉屋日本和牛專門店,俺達の肉屋日本和牛專門店,complete_text,https://500times.udn.com/wtimes/story/122412/6645847
2022,2,3,台中,頂粵吉品,頂粵吉品,complete_text,https://500times.udn.com/wtimes/story/122412/6645847
2022,2,3,台北,Ashin阿鑫小料理,ashin阿鑫小料理,complete_text,https://500times.udn.com/wtimes/story/122412/6645847
2022,2,3,台北,Jarana,jarana,complete_text,https://500times.udn.com/wtimes/story/122412/6645847
2022,2,3,台北,MAD by Le Kief,madbylekief,complete_text,https://500times.udn.com/wtimes/story/122412/6645847
2022,2,3,台北,中山對酌,中山對酌,complete_text,https://500times.udn.com/wtimes/story/122412/6645847
2022,2,3,台北,伍佰雞屋,伍佰雞屋,complete_text,https://500times.udn.com/wtimes/story/122412/6645847
2022,2,3,台北,六品小館,六品小館,complete_text,https://500times.udn.com/wtimes/story/122412/6645847
2022,2,3,台北,大三元酒樓,大三元酒樓,complete_text,https://500times.udn.com/wtimes/story/122412/6645847
2022,2,3,台北,大腕燒肉專門店,大腕燒肉專門店,complete_text,https://500times.udn.com/wtimes/story/122412/6645847
2022,2,3,台北,欣葉台灣料理,欣葉台灣料理,complete_text,https://500times.udn.com/wtimes/story/122412/6645847
2022,2,3,台北,涼州游嚴行 D-Place,涼州游嚴行dplace,complete_text,https://500times.udn.com/wtimes/story/122412/6645847
2022,2,3,台北,老罈香川味兒川菜館,老罈香川味兒川菜館,complete_text,https://500times.udn.com/wtimes/story/122412/6645847
2022,2,3,台北,草頭西,草頭西,complete_text,https://500times.udn.com/wtimes/story/122412/6645847
2022,2,3,台北,赤綠 taiwanippon,赤綠taiwanippon,complete_text,https://500times.udn.com/wtimes/story/122412/6645847
2022,2,3,台北,鍋膳,鍋膳,complete_text,https://500times.udn.com/wtimes/story/122412/6645847
2022,2,3,台北,鼎泰豐,鼎泰豐,complete_text,https://500times.udn.com/wtimes/story/122412/6645847
2022,2,3,台北,龍都酒樓,龍都酒樓,complete_text,https://500times.udn.com/wtimes/story/122412/6645847
2022,2,3,台南,Mo. Lab,molab,complete_text,https://500times.udn.com/wtimes/story/122412/6645847
2022,2,3,台東,特選海產店,特選海產店,complete_text,https://500times.udn.com/wtimes/story/122412/6645847
2022,2,3,高雄,Marc L³,marcl³,complete_text,https://500times.udn.com/wtimes/story/122412/6645847
2022,2,2,台中,FReNCHIE FReNCHIE,frenchiefrenchie,complete_text,https://500times.udn.com/wtimes/story/122412/6645847
2022,2,2,台中,Forchetta餐廳,forchetta餐廳,complete_text,https://500times.udn.com/wtimes/story/122412/6645847
2022,2,2,台中,小樂沐Le Côté LM,小樂沐lecôtélm,complete_text,https://500times.udn.com/wtimes/story/122412/6645847
2022,2,2,台北,Antico Forno 老烤箱義式披薩餐酒,anticoforno老烤箱義式披薩餐酒,complete_text,https://500times.udn.com/wtimes/story/122412/6645847
2022,2,2,台北,At Ease,atease,complete_text,https://500times.udn.com/wtimes/story/122412/6645847
2022,2,2,台北,Curious Table,curioustable,complete_text,https://500times.udn.com/wtimes/story/122412/6645847
2022,2,2,台北,EMBERS,embers,complete_text,https://500times.udn.com/wtimes/story/122412/6645847
2022,2,2,台北,J&J Private Kitchen,jjprivatekitchen,complete_text,https://500times.udn.com/wtimes/story/122412/6645847
2022,2,2,台北,Joyce East義式餐廳,joyceeast義式餐廳,complete_text,https://500times.udn.com/wtimes/story/122412/6645847
2022,2,2,台北,KOUMA日本料理小馬,kouma日本料理小馬,complete_text,https://500times.udn.com/wtimes/story/122412/6645847
2022,2,2,台北,L'Atelier de Joël Robuchon Taipei,latelierdejoëlrobuchontaipei,complete_text,https://500times.udn.com/wtimes/story/122412/6645847
2022,2,2,台北,M&CO,mco,complete_text,https://500times.udn.com/wtimes/story/122412/6645847
2022,2,2,台北,Tairroir 態芮,tairroir態芮,complete_text,https://500times.udn.com/wtimes/story/122412/6645847
2022,2,2,台北,The Tavernist,thetavernist,complete_text,https://500times.udn.com/wtimes/story/122412/6645847
2022,2,2,台北,WOKHEI鍋氣/鑊氣,wokhei鍋氣鑊氣,complete_text,https://500times.udn.com/wtimes/story/122412/6645847
2022,2,2,台北,Zaaptaipei,zaaptaipei,complete_text,https://500times.udn.com/wtimes/story/122412/6645847
2022,2,2,台北,gubami Social,gubamisocial,complete_text,https://500times.udn.com/wtimes/story/122412/6645847
2022,2,2,台北,三元韓式花園餐廳,三元韓式花園餐廳,complete_text,https://500times.udn.com/wtimes/story/122412/6645847
2022,2,2,台北,九記港式海鮮餐廳,九記港式海鮮餐廳,complete_text,https://500times.udn.com/wtimes/story/122412/6645847
2022,2,2,台北,元鍋,元鍋,complete_text,https://500times.udn.com/wtimes/story/122412/6645847
2022,2,2,台北,先進海產,先進海產,complete_text,https://500times.udn.com/wtimes/story/122412/6645847
2022,2,2,台北,冠宸食館,冠宸食館,complete_text,https://500times.udn.com/wtimes/story/122412/6645847
2022,2,2,台北,匠樂日本料理,匠樂日本料理,complete_text,https://500times.udn.com/wtimes/story/122412/6645847
2022,2,2,台北,呷味鮮,呷味鮮,complete_text,https://500times.udn.com/wtimes/story/122412/6645847
2022,2,2,台北,天廚菜館,天廚菜館,complete_text,https://500times.udn.com/wtimes/story/122412/6645847
2022,2,2,台北,捌伍添第,捌伍添第,complete_text,https://500times.udn.com/wtimes/story/122412/6645847
2022,2,2,台北,江浙 秀蘭小館,江浙秀蘭小館,complete_text,https://500times.udn.com/wtimes/story/122412/6645847
2022,2,2,台北,空盤komboi,空盤komboi,complete_text,https://500times.udn.com/wtimes/story/122412/6645847
2022,2,2,台北,花蕉Hanasho,花蕉hanasho,complete_text,https://500times.udn.com/wtimes/story/122412/6645847
2022,2,2,台北,貓下去敦北俱樂部,貓下去敦北俱樂部,complete_text,https://500times.udn.com/wtimes/story/122412/6645847
2022,2,2,台北,辰壽司割烹,辰壽司割烹,complete_text,https://500times.udn.com/wtimes/story/122412/6645847
2022,2,2,台北,都鮨蘭奢待日法小料亭,都鮨蘭奢待日法小料亭,complete_text,https://500times.udn.com/wtimes/story/122412/6645847
2022,2,2,台北,銀座日本料理,銀座日本料理,complete_text,https://500times.udn.com/wtimes/story/122412/6645847
2022,2,2,台北,錢唐村江浙上海名菜,錢唐村江浙上海名菜,complete_text,https://500times.udn.com/wtimes/story/122412/6645847
2022,2,2,台北,雞家莊（長春店）,雞家莊,complete_text,https://500times.udn.com/wtimes/story/122412/6645847
2022,2,2,台北,驥園川菜餐廳,驥園川菜餐廳,complete_text,https://500times.udn.com/wtimes/story/122412/6645847
2022,2,2,台北,鮨七海Sushi Nanami,鮨七海sushinanami,complete_text,https://500times.udn.com/wtimes/story/122412/6645847
2022,2,2,台北,黔園川菜,黔園川菜,complete_text,https://500times.udn.com/wtimes/story/122412/6645847
2022,2,2,台北,點水樓,點水樓,complete_text,https://500times.udn.com/wtimes/story/122412/6645847
2022,2,2,宜蘭,珍香活海鮮,珍香活海鮮,complete_text,https://500times.udn.com/wtimes/story/122412/6645847
2022,2,2,新北,望月樓 Moon Pavilion,望月樓moonpavilion,complete_text,https://500times.udn.com/wtimes/story/122412/6645847
2022,2,2,新北,海園活海鮮餐廳,海園活海鮮餐廳,complete_text,https://500times.udn.com/wtimes/story/122412/6645847
2022,2,2,新北,漁寮食堂,漁寮食堂,complete_text,https://500times.udn.com/wtimes/story/122412/6645847
2022,2,2,高雄,新宿ホルモン台灣,新宿ホルモン台灣,complete_text,https://500times.udn.com/wtimes/story/122412/6645847
2022,2,1,南投,埔里清寶鹹油條總店,埔里清寶鹹油條總店,complete_text,https://500times.udn.com/wtimes/story/122412/6645847
2022,2,1,南投,湖光軒（日月潭涵碧樓酒店）,湖光軒,complete_text,https://500times.udn.com/wtimes/story/122412/6645847
2022,2,1,台中,Mariposa Bistro 蝴蝶餐廳,mariposabistro蝴蝶餐廳,complete_text,https://500times.udn.com/wtimes/story/122412/6645847
2022,2,1,台中,与玥樓頂級粵菜餐廳,与玥樓頂級粵菜餐廳,complete_text,https://500times.udn.com/wtimes/story/122412/6645847
2022,2,1,台中,元YUAN,元yuan,complete_text,https://500times.udn.com/wtimes/story/122412/6645847
2022,2,1,台中,沁園春,沁園春,complete_text,https://500times.udn.com/wtimes/story/122412/6645847
2022,2,1,台中,滿堂 Le plein,滿堂leplein,complete_text,https://500times.udn.com/wtimes/story/122412/6645847
2022,2,1,台中,澀Sur-,澀sur,complete_text,https://500times.udn.com/wtimes/story/122412/6645847
2022,2,1,台中,醉鴛鴦啤酒廣場,醉鴛鴦啤酒廣場,complete_text,https://500times.udn.com/wtimes/story/122412/6645847
2022,2,1,台中,金悅軒,金悅軒,complete_text,https://500times.udn.com/wtimes/story/122412/6645847
2022,2,1,台中,鳥苑Torien Yakitori,鳥苑torienyakitori,complete_text,https://500times.udn.com/wtimes/story/122412/6645847
2022,2,1,台北,BEAU Gather 抱囍食聚,beaugather抱囍食聚,complete_text,https://500times.udn.com/wtimes/story/122412/6645847
2022,2,1,台北,Bogart's Smokehouse Taipei,bogartssmokehousetaipei,complete_text,https://500times.udn.com/wtimes/story/122412/6645847
2022,2,1,台北,Café de Lugano,cafédelugano,complete_text,https://500times.udn.com/wtimes/story/122412/6645847
2022,2,1,台北,Coast,coast,complete_text,https://500times.udn.com/wtimes/story/122412/6645847
2022,2,1,台北,DiVino Taipei,divinotaipei,complete_text,https://500times.udn.com/wtimes/story/122412/6645847
2022,2,1,台北,Drizzle by Fourplay,drizzlebyfourplay,complete_text,https://500times.udn.com/wtimes/story/122412/6645847
2022,2,1,台北,Fermi,fermi,complete_text,https://500times.udn.com/wtimes/story/122412/6645847
2022,2,1,台北,Fourth Taipei,fourthtaipei,complete_text,https://500times.udn.com/wtimes/story/122412/6645847
2022,2,1,台北,Holt,holt,complete_text,https://500times.udn.com/wtimes/story/122412/6645847
2022,2,1,台北,Joseph Bistro 想想廚房,josephbistro想想廚房,complete_text,https://500times.udn.com/wtimes/story/122412/6645847
2022,2,1,台北,KiKi餐廳台北,kiki餐廳台北,complete_text,https://500times.udn.com/wtimes/story/122412/6645847
2022,2,1,台北,La Mole Taipei,lamoletaipei,complete_text,https://500times.udn.com/wtimes/story/122412/6645847
2022,2,1,台北,Lawry's The Prime Rib Taipei,lawrystheprimeribtaipei,complete_text,https://500times.udn.com/wtimes/story/122412/6645847
2022,2,1,台北,Liquid Bread Co.,liquidbreadco,complete_text,https://500times.udn.com/wtimes/story/122412/6645847
2022,2,1,台北,Longtail,longtail,complete_text,https://500times.udn.com/wtimes/story/122412/6645847
2022,2,1,台北,L’Atelier de Patrick 法式派翠克餐廳,latelierdepatrick法式派翠克餐廳,complete_text,https://500times.udn.com/wtimes/story/122412/6645847
2022,2,1,台北,MASA,masa,complete_text,https://500times.udn.com/wtimes/story/122412/6645847
2022,2,1,台北,MiraWan,mirawan,complete_text,https://500times.udn.com/wtimes/story/122412/6645847
2022,2,1,台北,Morton's The Steakhouse - Taipei 台北莫爾頓牛排館,mortonsthesteakhousetaipei台北莫爾頓牛排館,complete_text,https://500times.udn.com/wtimes/story/122412/6645847
2022,2,1,台北,My灶,my灶,complete_text,https://500times.udn.com/wtimes/story/122412/6645847
2022,2,1,台北,NUTS 烤肉飯專賣本店,nuts烤肉飯專賣本店,complete_text,https://500times.udn.com/wtimes/story/122412/6645847
2022,2,1,台北,Nola Kitchen紐澳良小廚,nolakitchen紐澳良小廚,complete_text,https://500times.udn.com/wtimes/story/122412/6645847
2022,2,1,台北,OUAH．HANCHI - 徐家私廚,ouahhanchi徐家私廚,complete_text,https://500times.udn.com/wtimes/story/122412/6645847
2022,2,1,台北,Que原木燒烤餐廳,que原木燒烤餐廳,complete_text,https://500times.udn.com/wtimes/story/122412/6645847
2022,2,1,台北,REFINE Taipei,refinetaipei,complete_text,https://500times.udn.com/wtimes/story/122412/6645847
2022,2,1,台北,SENS,sens,complete_text,https://500times.udn.com/wtimes/story/122412/6645847
2022,2,1,台北,START Yakiniku 開始燒肉吧,startyakiniku開始燒肉吧,complete_text,https://500times.udn.com/wtimes/story/122412/6645847
2022,2,1,台北,TAKE FIVE 五方食藏,takefive五方食藏,complete_text,https://500times.udn.com/wtimes/story/122412/6645847
2022,2,1,台北,Toh-A’桌藏,toha桌藏,complete_text,https://500times.udn.com/wtimes/story/122412/6645847
2022,2,1,台北,ULV Restaurant And Bar,ulvrestaurantandbar,complete_text,https://500times.udn.com/wtimes/story/122412/6645847
2022,2,1,台北,ZEA,zea,complete_text,https://500times.udn.com/wtimes/story/122412/6645847
2022,2,1,台北,blu koi,blukoi,complete_text,https://500times.udn.com/wtimes/story/122412/6645847
2022,2,1,台北,de nuit 法式餐廳,denuit法式餐廳,complete_text,https://500times.udn.com/wtimes/story/122412/6645847
2022,2,1,台北,enowine Food & Wine,enowinefoodwine,complete_text,https://500times.udn.com/wtimes/story/122412/6645847
2022,2,1,台北,ギュービー焼肉 牛B焼肉 GyuB Yakiniku,ギュービー焼肉牛b焼肉gyubyakiniku,complete_text,https://500times.udn.com/wtimes/story/122412/6645847
2022,2,1,台北,三六食府,三六食府,complete_text,https://500times.udn.com/wtimes/story/122412/6645847
2022,2,1,台北,三味香桃源街旗艦店,三味香桃源街旗艦店,complete_text,https://500times.udn.com/wtimes/story/122412/6645847
2022,2,1,台北,三燔本家 Mihan Honke（晶華酒店 Regent Taipei）,三燔本家mihanhonke,complete_text,https://500times.udn.com/wtimes/story/122412/6645847
2022,2,1,台北,串串23,串串23,complete_text,https://500times.udn.com/wtimes/story/122412/6645847
2022,2,1,台北,享鮮餐廳,享鮮餐廳,complete_text,https://500times.udn.com/wtimes/story/122412/6645847
2022,2,1,台北,人和園雲南菜,人和園雲南菜,complete_text,https://500times.udn.com/wtimes/story/122412/6645847
2022,2,1,台北,侯門小館,侯門小館,complete_text,https://500times.udn.com/wtimes/story/122412/6645847
2022,2,1,台北,元味料理,元味料理,complete_text,https://500times.udn.com/wtimes/story/122412/6645847
2022,2,1,台北,八號極品海鮮,八號極品海鮮,complete_text,https://500times.udn.com/wtimes/story/122412/6645847
2022,2,1,台北,凜割烹,凜割烹,complete_text,https://500times.udn.com/wtimes/story/122412/6645847
2022,2,1,台北,凱紅鵝肉店,凱紅鵝肉店,complete_text,https://500times.udn.com/wtimes/story/122412/6645847
2022,2,1,台北,初炸小食店,初炸小食店,complete_text,https://500times.udn.com/wtimes/story/122412/6645847
2022,2,1,台北,北一菜盒店,北一菜盒店,complete_text,https://500times.udn.com/wtimes/story/122412/6645847
2022,2,1,台北,北平上園樓,北平上園樓,complete_text,https://500times.udn.com/wtimes/story/122412/6645847
2022,2,1,台北,十方長,十方長,complete_text,https://500times.udn.com/wtimes/story/122412/6645847
2022,2,1,台北,吉兆割烹壽司 Kitcho,吉兆割烹壽司kitcho,complete_text,https://500times.udn.com/wtimes/story/122412/6645847
2022,2,1,台北,吳恩文愛飯團尾牙,吳恩文愛飯團尾牙,complete_text,https://500times.udn.com/wtimes/story/122412/6645847
2022,2,1,台北,吳留手串燒居酒屋（八德本店）,吳留手串燒居酒屋,complete_text,https://500times.udn.com/wtimes/story/122412/6645847
2022,2,1,台北,周記肉粥店,周記肉粥店,complete_text,https://500times.udn.com/wtimes/story/122412/6645847
2022,2,1,台北,夜上海Ye Shanghai,夜上海yeshanghai,complete_text,https://500times.udn.com/wtimes/story/122412/6645847
2022,2,1,台北,大安9號鍋物。鐵板燒,大安9號鍋物鐵板燒,complete_text,https://500times.udn.com/wtimes/story/122412/6645847
2022,2,1,台北,天下三絕麵食館,天下三絕麵食館,complete_text,https://500times.udn.com/wtimes/story/122412/6645847
2022,2,1,台北,天香樓（台北亞都麗緻大飯店）,天香樓,complete_text,https://500times.udn.com/wtimes/story/122412/6645847
2022,2,1,台北,奇岩一號,奇岩一號,complete_text,https://500times.udn.com/wtimes/story/122412/6645847
2022,2,1,台北,好嶼 HoSu,好嶼hosu,complete_text,https://500times.udn.com/wtimes/story/122412/6645847
2022,2,1,台北,小品雅廚,小品雅廚,complete_text,https://500times.udn.com/wtimes/story/122412/6645847
2022,2,1,台北,尚月中華時尚料理,尚月中華時尚料理,complete_text,https://500times.udn.com/wtimes/story/122412/6645847
2022,2,1,台北,巴賽麗廳 La Brasserie（台北亞都麗緻大飯店）,巴賽麗廳labrasserie,complete_text,https://500times.udn.com/wtimes/story/122412/6645847
2022,2,1,台北,巴黎廳1930 x 高山英紀（台北亞都麗緻大飯店）,巴黎廳1930x高山英紀,complete_text,https://500times.udn.com/wtimes/story/122412/6645847
2022,2,1,台北,巷子龍家常菜,巷子龍家常菜,complete_text,https://500times.udn.com/wtimes/story/122412/6645847
2022,2,1,台北,廣東客家小館,廣東客家小館,complete_text,https://500times.udn.com/wtimes/story/122412/6645847
2022,2,1,台北,徐羅伐韓式餐廳,徐羅伐韓式餐廳,complete_text,https://500times.udn.com/wtimes/story/122412/6645847
2022,2,1,台北,德宏林-小李私廚,德宏林小李私廚,complete_text,https://500times.udn.com/wtimes/story/122412/6645847
2022,2,1,台北,成海寿司,成海寿司,complete_text,https://500times.udn.com/wtimes/story/122412/6645847
2022,2,1,台北,拉麵公子,拉麵公子,complete_text,https://500times.udn.com/wtimes/story/122412/6645847
2022,2,1,台北,拾穗 Kitchen,拾穗kitchen,complete_text,https://500times.udn.com/wtimes/story/122412/6645847
2022,2,1,台北,數寄屋辻葉ゆず塩鷄白湯らーめん專門店,數寄屋辻葉ゆず塩鷄白湯らーめん專門店,complete_text,https://500times.udn.com/wtimes/story/122412/6645847
2022,2,1,台北,明壽司,明壽司,complete_text,https://500times.udn.com/wtimes/story/122412/6645847
2022,2,1,台北,曉琳食堂,曉琳食堂,complete_text,https://500times.udn.com/wtimes/story/122412/6645847
2022,2,1,台北,柳月居酒屋Japanese fish tarvern,柳月居酒屋japanesefishtarvern,complete_text,https://500times.udn.com/wtimes/story/122412/6645847
2022,2,1,台北,桃山 - 台北喜來登大飯店,桃山台北喜來登大飯店,complete_text,https://500times.udn.com/wtimes/story/122412/6645847
2022,2,1,台北,梵燒肉,梵燒肉,complete_text,https://500times.udn.com/wtimes/story/122412/6645847
2022,2,1,台北,榮 和漢酒肴 - SAKAE,榮和漢酒肴sakae,complete_text,https://500times.udn.com/wtimes/story/122412/6645847
2022,2,1,台北,榮榮園浙寧餐廳,榮榮園浙寧餐廳,complete_text,https://500times.udn.com/wtimes/story/122412/6645847
2022,2,1,台北,樂天皇朝,樂天皇朝,complete_text,https://500times.udn.com/wtimes/story/122412/6645847
2022,2,1,台北,樺林乾麵,樺林乾麵,complete_text,https://500times.udn.com/wtimes/story/122412/6645847
2022,2,1,台北,浙寧芳家餐廳,浙寧芳家餐廳,complete_text,https://500times.udn.com/wtimes/story/122412/6645847
2022,2,1,台北,浪漫軒担々麵,浪漫軒担々麵,complete_text,https://500times.udn.com/wtimes/story/122412/6645847
2022,2,1,台北,海倫鮮土司,海倫鮮土司,complete_text,https://500times.udn.com/wtimes/story/122412/6645847
2022,2,1,台北,添財日本料理,添財日本料理,complete_text,https://500times.udn.com/wtimes/story/122412/6645847
2022,2,1,台北,溫暖好家,溫暖好家,complete_text,https://500times.udn.com/wtimes/story/122412/6645847
2022,2,1,台北,牛壽司,牛壽司,complete_text,https://500times.udn.com/wtimes/story/122412/6645847
2022,2,1,台北,田園台菜海鮮,田園台菜海鮮,complete_text,https://500times.udn.com/wtimes/story/122412/6645847
2022,2,1,台北,磐石坊,磐石坊,complete_text,https://500times.udn.com/wtimes/story/122412/6645847
2022,2,1,台北,祥雲龍吟Ryugin,祥雲龍吟ryugin,complete_text,https://500times.udn.com/wtimes/story/122412/6645847
2022,2,1,台北,秦味館,秦味館,complete_text,https://500times.udn.com/wtimes/story/122412/6645847
2022,2,1,台北,紅廚 Pasta West East since1988,紅廚pastawesteastsince1988,complete_text,https://500times.udn.com/wtimes/story/122412/6645847
2022,2,1,台北,美麗餐廳,美麗餐廳,complete_text,https://500times.udn.com/wtimes/story/122412/6645847
2022,2,1,台北,胡同燒肉,胡同燒肉,complete_text,https://500times.udn.com/wtimes/story/122412/6645847
2022,2,1,台北,艋舺雞排,艋舺雞排,complete_text,https://500times.udn.com/wtimes/story/122412/6645847
2022,2,1,台北,蔡記隆府 龍頭寺老灶火鍋,蔡記隆府龍頭寺老灶火鍋,complete_text,https://500times.udn.com/wtimes/story/122412/6645847
2022,2,1,台北,藍記麻辣鍋,藍記麻辣鍋,complete_text,https://500times.udn.com/wtimes/story/122412/6645847
2022,2,1,台北,詹姆斯食堂,詹姆斯食堂,complete_text,https://500times.udn.com/wtimes/story/122412/6645847
2022,2,1,台北,起上小法師- 牛舌炭燒專門店,起上小法師牛舌炭燒專門店,complete_text,https://500times.udn.com/wtimes/story/122412/6645847
2022,2,1,台北,辰園（台北喜來登大飯店）,辰園,complete_text,https://500times.udn.com/wtimes/story/122412/6645847
2022,2,1,台北,通庵熟成咖哩,通庵熟成咖哩,complete_text,https://500times.udn.com/wtimes/story/122412/6645847
2022,2,1,台北,逸鮮棧Fresh Station,逸鮮棧freshstation,complete_text,https://500times.udn.com/wtimes/story/122412/6645847
2022,2,1,台北,隆壽司Sushi Ryu,隆壽司sushiryu,complete_text,https://500times.udn.com/wtimes/story/122412/6645847
2022,2,1,台北,雅苑粵菜港式飲茶,雅苑粵菜港式飲茶,complete_text,https://500times.udn.com/wtimes/story/122412/6645847
2022,2,1,台北,雅閣（臺北文華東方酒店）,雅閣,complete_text,https://500times.udn.com/wtimes/story/122412/6645847
2022,2,1,台北,頂級甜不辣,頂級甜不辣,complete_text,https://500times.udn.com/wtimes/story/122412/6645847
2022,2,1,台北,養心茶樓蔬食飲茶,養心茶樓蔬食飲茶,complete_text,https://500times.udn.com/wtimes/story/122412/6645847
2022,2,1,台北,餵公子吃咖喱,餵公子吃咖喱,complete_text,https://500times.udn.com/wtimes/story/122412/6645847
2022,2,1,台北,香港醉紅樓潮州菜館,香港醉紅樓潮州菜館,complete_text,https://500times.udn.com/wtimes/story/122412/6645847
2022,2,1,台北,鮨增田Sushi Masuda Taipei,鮨增田sushimasudataipei,complete_text,https://500times.udn.com/wtimes/story/122412/6645847
2022,2,1,台北,鮨岡心,鮨岡心,complete_text,https://500times.udn.com/wtimes/story/122412/6645847
2022,2,1,台北,鮨崤,鮨崤,complete_text,https://500times.udn.com/wtimes/story/122412/6645847
2022,2,1,台北,黃記老牌燉肉飯,黃記老牌燉肉飯,complete_text,https://500times.udn.com/wtimes/story/122412/6645847
2022,2,1,台北,鼎旺麻辣鍋,鼎旺麻辣鍋,complete_text,https://500times.udn.com/wtimes/story/122412/6645847
2022,2,1,台南,㕩肉舖Pankoko × 燒肉專門店,㕩肉舖pankoko×燒肉專門店,complete_text,https://500times.udn.com/wtimes/story/122412/6645847
2022,2,1,台南,室町鰻丼三吃.丼料理,室町鰻丼三吃丼料理,complete_text,https://500times.udn.com/wtimes/story/122412/6645847
2022,2,1,台南,小腳腿羊肉店,小腳腿羊肉店,complete_text,https://500times.udn.com/wtimes/story/122412/6645847
2022,2,1,台東,佳濱成功旗魚,佳濱成功旗魚,complete_text,https://500times.udn.com/wtimes/story/122412/6645847
2022,2,1,台東,打鹿岸原住民人文主題餐廳 - 湛藍邊境,打鹿岸原住民人文主題餐廳湛藍邊境,complete_text,https://500times.udn.com/wtimes/story/122412/6645847
2022,2,1,台東,漁采時令料理,漁采時令料理,complete_text,https://500times.udn.com/wtimes/story/122412/6645847
2022,2,1,台東,翠華小館 客家料理,翠華小館客家料理,complete_text,https://500times.udn.com/wtimes/story/122412/6645847
2022,2,1,台東,開喜海鮮熱炒,開喜海鮮熱炒,complete_text,https://500times.udn.com/wtimes/story/122412/6645847
2022,2,1,宜蘭,Jocha吼呷—熟成廚房,jocha吼呷—熟成廚房,complete_text,https://500times.udn.com/wtimes/story/122412/6645847
2022,2,1,宜蘭,Mrs. Watkins Cafe 華金斯太太咖啡,mrswatkinscafe華金斯太太咖啡,complete_text,https://500times.udn.com/wtimes/story/122412/6645847
2022,2,1,宜蘭,Slobber 囍伯美式餐廳,slobber囍伯美式餐廳,complete_text,https://500times.udn.com/wtimes/story/122412/6645847
2022,2,1,宜蘭,Soul Food Bistro 寿福 美墨小食部,soulfoodbistro寿福美墨小食部,complete_text,https://500times.udn.com/wtimes/story/122412/6645847
2022,2,1,宜蘭,上讚麵,上讚麵,complete_text,https://500times.udn.com/wtimes/story/122412/6645847
2022,2,1,宜蘭,六眷村麻辣鴛鴦鍋,六眷村麻辣鴛鴦鍋,complete_text,https://500times.udn.com/wtimes/story/122412/6645847
2022,2,1,宜蘭,呈獻海鮮,呈獻海鮮,complete_text,https://500times.udn.com/wtimes/story/122412/6645847
2022,2,1,宜蘭,咔必娜就是炸雞漢堡,咔必娜就是炸雞漢堡,complete_text,https://500times.udn.com/wtimes/story/122412/6645847
2022,2,1,宜蘭,哈拉Steak,哈拉steak,complete_text,https://500times.udn.com/wtimes/story/122412/6645847
2022,2,1,宜蘭,好春好然。house&kitchen,好春好然housekitchen,complete_text,https://500times.udn.com/wtimes/story/122412/6645847
2022,2,1,宜蘭,廟口海產小吃,廟口海產小吃,complete_text,https://500times.udn.com/wtimes/story/122412/6645847
2022,2,1,宜蘭,愛法餐廳 i-FRANCE,愛法餐廳ifrance,complete_text,https://500times.udn.com/wtimes/story/122412/6645847
2022,2,1,宜蘭,文昌豆漿,文昌豆漿,complete_text,https://500times.udn.com/wtimes/story/122412/6645847
2022,2,1,宜蘭,火生餛飩麵店,火生餛飩麵店,complete_text,https://500times.udn.com/wtimes/story/122412/6645847
2022,2,1,宜蘭,真好吃鵝肉店,真好吃鵝肉店,complete_text,https://500times.udn.com/wtimes/story/122412/6645847
2022,2,1,宜蘭,饗宴鐵板燒,饗宴鐵板燒,complete_text,https://500times.udn.com/wtimes/story/122412/6645847
2022,2,1,屏東,Miniorange,miniorange,complete_text,https://500times.udn.com/wtimes/story/122412/6645847
2022,2,1,新北,南川麵館（新店本館）,南川麵館,complete_text,https://500times.udn.com/wtimes/story/122412/6645847
2022,2,1,新北,大山無價-懷石料理,大山無價懷石料理,complete_text,https://500times.udn.com/wtimes/story/122412/6645847
2022,2,1,新北,客家小館,客家小館,complete_text,https://500times.udn.com/wtimes/story/122412/6645847
2022,2,1,新北,尋魚居,尋魚居,complete_text,https://500times.udn.com/wtimes/story/122412/6645847
2022,2,1,新北,朱記花枝羹,朱記花枝羹,complete_text,https://500times.udn.com/wtimes/story/122412/6645847
2022,2,1,新北,馮記上海小館,馮記上海小館,complete_text,https://500times.udn.com/wtimes/story/122412/6645847
2022,2,1,新竹,G.D,gd,complete_text,https://500times.udn.com/wtimes/story/122412/6645847
2022,2,1,澎湖,Addict Restaurant 癮餐廳,addictrestaurant癮餐廳,complete_text,https://500times.udn.com/wtimes/story/122412/6645847
2022,2,1,花蓮,一枝春焼き鳥,一枝春焼き鳥,complete_text,https://500times.udn.com/wtimes/story/122412/6645847
2022,2,1,花蓮,定置漁場三代目The Fishery,定置漁場三代目thefishery,complete_text,https://500times.udn.com/wtimes/story/122412/6645847
2022,2,1,金門,金牪 Kin Yan,金牪kinyan,complete_text,https://500times.udn.com/wtimes/story/122412/6645847
2022,2,1,馬祖,林義和工坊,林義和工坊,complete_text,https://500times.udn.com/wtimes/story/122412/6645847
2022,2,1,高雄,台南旺,台南旺,complete_text,https://500times.udn.com/wtimes/story/122412/6645847
2022,2,1,高雄,和洋日本料理,和洋日本料理,complete_text,https://500times.udn.com/wtimes/story/122412/6645847
2022,2,1,高雄,小暫渡米糕四神湯,小暫渡米糕四神湯,complete_text,https://500times.udn.com/wtimes/story/122412/6645847
2022,2,1,高雄,焰 鐵板燒.牛排館,焰鐵板燒牛排館,complete_text,https://500times.udn.com/wtimes/story/122412/6645847
2022,2,1,高雄,瓠仔貴,瓠仔貴,complete_text,https://500times.udn.com/wtimes/story/122412/6645847
2022,2,1,高雄,田山餐館,田山餐館,complete_text,https://500times.udn.com/wtimes/story/122412/6645847
2022,2,1,高雄,美享地 Majesty Restaurant,美享地majestyrestaurant,complete_text,https://500times.udn.com/wtimes/story/122412/6645847
2022,2,1,高雄,老新台菜,老新台菜,complete_text,https://500times.udn.com/wtimes/story/122412/6645847
2022,2,1,高雄,菜包李小吃部,菜包李小吃部,complete_text,https://500times.udn.com/wtimes/story/122412/6645847
2021,1,11,,喜相逢麵館,喜相逢麵館,complete_text,https://500times.udn.com/wtimes/story/122412/5873247
2021,1,9,,AKAME,akame,complete_text,https://500times.udn.com/wtimes/story/122412/5873247
2021,1,8,,君品頤宮,君品頤宮,complete_text,https://500times.udn.com/wtimes/story/122412/5873247
2021,1,8,,晶華軒,晶華軒,complete_text,https://500times.udn.com/wtimes/story/122412/5873247
2021,1,8,,鄒記食舖,鄒記食舖,complete_text,https://500times.udn.com/wtimes/story/122412/5873247
2021,1,7,,Sinasera 24,sinasera24,complete_text,https://500times.udn.com/wtimes/story/122412/5873247
2021,1,7,,金蓬萊遵古台菜餐廳,金蓬萊遵古台菜餐廳,complete_text,https://500times.udn.com/wtimes/story/122412/5873247
2021,1,6,,Solo Pasta,solopasta,complete_text,https://500times.udn.com/wtimes/story/122412/5873247
2021,1,6,,Tutto Bello,tuttobello,complete_text,https://500times.udn.com/wtimes/story/122412/5873247
2021,1,5,,COAST,coast,complete_text,https://500times.udn.com/wtimes/story/122412/5873247
2021,1,5,,Liberté,liberté,complete_text,https://500times.udn.com/wtimes/story/122412/5873247
2021,1,5,,PASTi TRATTORIA,pastitrattoria,complete_text,https://500times.udn.com/wtimes/story/122412/5873247
2021,1,5,,Ukai,ukai,complete_text,https://500times.udn.com/wtimes/story/122412/5873247
2021,1,5,,logy,logy,complete_text,https://500times.udn.com/wtimes/story/122412/5873247
2021,1,5,,三分俗氣,三分俗氣,complete_text,https://500times.udn.com/wtimes/story/122412/5873247
2021,1,5,,大三元酒樓,大三元酒樓,complete_text,https://500times.udn.com/wtimes/story/122412/5873247
2021,1,5,,小樂沐,小樂沐,complete_text,https://500times.udn.com/wtimes/story/122412/5873247
2021,1,5,,欣葉台菜,欣葉台菜,complete_text,https://500times.udn.com/wtimes/story/122412/5873247
2021,1,5,,老罈香川味兒,老罈香川味兒,complete_text,https://500times.udn.com/wtimes/story/122412/5873247
2021,1,5,,貓下去敦北俱樂部,貓下去敦北俱樂部,complete_text,https://500times.udn.com/wtimes/story/122412/5873247
2021,1,5,,鼎泰豐,鼎泰豐,complete_text,https://500times.udn.com/wtimes/story/122412/5873247
2021,1,4,,Adachi足立,adachi足立,complete_text,https://500times.udn.com/wtimes/story/122412/5873247
2021,1,4,,Orchid by Nobu Lee 蘭,orchidbynobulee蘭,complete_text,https://500times.udn.com/wtimes/story/122412/5873247
2021,1,4,,RAW,raw,complete_text,https://500times.udn.com/wtimes/story/122412/5873247
2021,1,4,,Taïrroir態芮,taïrroir態芮,complete_text,https://500times.udn.com/wtimes/story/122412/5873247
2021,1,4,,Wild Donkey野驢小餐館,wilddonkey野驢小餐館,complete_text,https://500times.udn.com/wtimes/story/122412/5873247
2021,1,4,,大地酒店.奇岩一號,大地酒店奇岩一號,complete_text,https://500times.udn.com/wtimes/story/122412/5873247
2021,1,4,,昭和食堂,昭和食堂,complete_text,https://500times.udn.com/wtimes/story/122412/5873247
2021,1,4,,榮榮園,榮榮園,complete_text,https://500times.udn.com/wtimes/story/122412/5873247
2021,1,4,,牡丹天ぷら,牡丹天ぷら,complete_text,https://500times.udn.com/wtimes/story/122412/5873247
2021,1,3,,Ephernité,ephernité,complete_text,https://500times.udn.com/wtimes/story/122412/5873247
2021,1,3,,Impromptu by Paul Lee,impromptubypaullee,complete_text,https://500times.udn.com/wtimes/story/122412/5873247
2021,1,3,,Longtail Restaurant & Bar,longtailrestaurantbar,complete_text,https://500times.udn.com/wtimes/story/122412/5873247
2021,1,3,,MUME,mume,complete_text,https://500times.udn.com/wtimes/story/122412/5873247
2021,1,3,,OUAH．HANCHI 徐家私廚,ouahhanchi徐家私廚,complete_text,https://500times.udn.com/wtimes/story/122412/5873247
2021,1,3,,台東特選海產,台東特選海產,complete_text,https://500times.udn.com/wtimes/story/122412/5873247
2021,1,3,,富錦樹台菜香檳,富錦樹台菜香檳,complete_text,https://500times.udn.com/wtimes/story/122412/5873247
2021,1,3,,小小樹食,小小樹食,complete_text,https://500times.udn.com/wtimes/story/122412/5873247
2021,1,3,,巴黎廳1930,巴黎廳1930,complete_text,https://500times.udn.com/wtimes/story/122412/5873247
2021,1,3,,明福,明福,complete_text,https://500times.udn.com/wtimes/story/122412/5873247
2021,1,3,,望月樓,望月樓,complete_text,https://500times.udn.com/wtimes/story/122412/5873247
2021,1,3,,漢來名人坊,漢來名人坊,complete_text,https://500times.udn.com/wtimes/story/122412/5873247
2021,1,3,,祥雲龍吟,祥雲龍吟,complete_text,https://500times.udn.com/wtimes/story/122412/5873247
2021,1,3,,請客樓,請客樓,complete_text,https://500times.udn.com/wtimes/story/122412/5873247
2021,1,3,,頂粵吉品,頂粵吉品,complete_text,https://500times.udn.com/wtimes/story/122412/5873247
2021,1,3,,鮨七海 Sushi Nanami,鮨七海sushinanami,complete_text,https://500times.udn.com/wtimes/story/122412/5873247
2021,1,3,,鮨隆,鮨隆,complete_text,https://500times.udn.com/wtimes/story/122412/5873247
2021,1,3,,鹽之華法式餐廳,鹽之華法式餐廳,complete_text,https://500times.udn.com/wtimes/story/122412/5873247
2021,1,2,,Ashin阿鑫小料理,ashin阿鑫小料理,complete_text,https://500times.udn.com/wtimes/story/122412/5873247
2021,1,2,,Baan Restaurant Taipei,baanrestauranttaipei,complete_text,https://500times.udn.com/wtimes/story/122412/5873247
2021,1,2,,Embers,embers,complete_text,https://500times.udn.com/wtimes/story/122412/5873247
2021,1,2,,FirePlay Taipei,fireplaytaipei,complete_text,https://500times.udn.com/wtimes/story/122412/5873247
2021,1,2,,JL studio,jlstudio,complete_text,https://500times.udn.com/wtimes/story/122412/5873247
2021,1,2,,KOUMA日本料理小馬,kouma日本料理小馬,complete_text,https://500times.udn.com/wtimes/story/122412/5873247
2021,1,2,,L’ATELIER de Joël Robuchon侯布雄法式餐廳,latelierdejoëlrobuchon侯布雄法式餐廳,complete_text,https://500times.udn.com/wtimes/story/122412/5873247
2021,1,2,,NIBBON,nibbon,complete_text,https://500times.udn.com/wtimes/story/122412/5873247
2021,1,2,,Salt & Stone,saltstone,complete_text,https://500times.udn.com/wtimes/story/122412/5873247
2021,1,2,,THE TAVERNIST,thetavernist,complete_text,https://500times.udn.com/wtimes/story/122412/5873247
2021,1,2,,VG The Seafood Bar Taipei,vgtheseafoodbartaipei,complete_text,https://500times.udn.com/wtimes/story/122412/5873247
2021,1,2,,伍佰雞屋,伍佰雞屋,complete_text,https://500times.udn.com/wtimes/story/122412/5873247
2021,1,2,,匠樂日本料理,匠樂日本料理,complete_text,https://500times.udn.com/wtimes/story/122412/5873247
2021,1,2,,台豐高爾夫俱樂部 (私廚),台豐高爾夫俱樂部,complete_text,https://500times.udn.com/wtimes/story/122412/5873247
2021,1,2,,吉兆割烹壽司,吉兆割烹壽司,complete_text,https://500times.udn.com/wtimes/story/122412/5873247
2021,1,2,,國賓川菜廳,國賓川菜廳,complete_text,https://500times.udn.com/wtimes/story/122412/5873247
2021,1,2,,天香樓,天香樓,complete_text,https://500times.udn.com/wtimes/story/122412/5873247
2021,1,2,,山海樓手工台菜餐廳,山海樓手工台菜餐廳,complete_text,https://500times.udn.com/wtimes/story/122412/5873247
2021,1,2,,川湘號,川湘號,complete_text,https://500times.udn.com/wtimes/story/122412/5873247
2021,1,2,,曉鹿鳴樓,曉鹿鳴樓,complete_text,https://500times.udn.com/wtimes/story/122412/5873247
2021,1,2,,林聰明沙鍋魚頭,林聰明沙鍋魚頭,complete_text,https://500times.udn.com/wtimes/story/122412/5873247
2021,1,2,,橘色涮涮屋,橘色涮涮屋,complete_text,https://500times.udn.com/wtimes/story/122412/5873247
2021,1,2,,湄河泰國餐廳,湄河泰國餐廳,complete_text,https://500times.udn.com/wtimes/story/122412/5873247
2021,1,2,,溫暖好家,溫暖好家,complete_text,https://500times.udn.com/wtimes/story/122412/5873247
2021,1,2,,肉割烹,肉割烹,complete_text,https://500times.udn.com/wtimes/story/122412/5873247
2021,1,2,,興蓬萊台菜海鮮餐廳,興蓬萊台菜海鮮餐廳,complete_text,https://500times.udn.com/wtimes/story/122412/5873247
2021,1,2,,行冊,行冊,complete_text,https://500times.udn.com/wtimes/story/122412/5873247
2021,1,2,,貨櫃屋快炒,貨櫃屋快炒,complete_text,https://500times.udn.com/wtimes/story/122412/5873247
2021,1,2,,阿裕牛肉涮涮鍋（本店）,阿裕牛肉涮涮鍋,complete_text,https://500times.udn.com/wtimes/story/122412/5873247
2021,1,2,,饗宴鐵板燒,饗宴鐵板燒,complete_text,https://500times.udn.com/wtimes/story/122412/5873247
2021,1,2,,驥園川菜餐廳,驥園川菜餐廳,complete_text,https://500times.udn.com/wtimes/story/122412/5873247
2021,1,2,,高玉日本料理,高玉日本料理,complete_text,https://500times.udn.com/wtimes/story/122412/5873247
2021,1,2,,鮨增田,鮨增田,complete_text,https://500times.udn.com/wtimes/story/122412/5873247
2021,1,2,,鮨天本,鮨天本,complete_text,https://500times.udn.com/wtimes/story/122412/5873247
2021,1,2,,黃婉玲阿舍宴,黃婉玲阿舍宴,complete_text,https://500times.udn.com/wtimes/story/122412/5873247
2021,1,1,,1010湘,1010湘,complete_text,https://500times.udn.com/wtimes/story/122412/5873247
2021,1,1,,1117 一起Cafe,1117一起cafe,complete_text,https://500times.udn.com/wtimes/story/122412/5873247
2021,1,1,,18冠軍牛肉麵,18冠軍牛肉麵,complete_text,https://500times.udn.com/wtimes/story/122412/5873247
2021,1,1,,50/50 Cuisine Française,5050cuisinefrançaise,complete_text,https://500times.udn.com/wtimes/story/122412/5873247
2021,1,1,,A CUT牛排館,acut牛排館,complete_text,https://500times.udn.com/wtimes/story/122412/5873247
2021,1,1,,Asahi x Mathariri x 陳子洋 x Alex 期間限定店,asahixmatharirix陳子洋xalex期間限定店,complete_text,https://500times.udn.com/wtimes/story/122412/5873247
2021,1,1,,A宰羊羊肉專賣店,a宰羊羊肉專賣店,complete_text,https://500times.udn.com/wtimes/story/122412/5873247
2021,1,1,,BaganHood蔬食餐酒館,baganhood蔬食餐酒館,complete_text,https://500times.udn.com/wtimes/story/122412/5873247
2021,1,1,,Bella Roma ltalian Restaurant,bellaromaltalianrestaurant,complete_text,https://500times.udn.com/wtimes/story/122412/5873247
2021,1,1,,Bottless 非瓶,bottless非瓶,complete_text,https://500times.udn.com/wtimes/story/122412/5873247
2021,1,1,,Buttermilk摩登美式餐廳,buttermilk摩登美式餐廳,complete_text,https://500times.udn.com/wtimes/story/122412/5873247
2021,1,1,,CEO 1950 總裁藝文空間,ceo1950總裁藝文空間,complete_text,https://500times.udn.com/wtimes/story/122412/5873247
2021,1,1,,Chateau zoe酒窖餐廳,chateauzoe酒窖餐廳,complete_text,https://500times.udn.com/wtimes/story/122412/5873247
2021,1,1,,Chope Chope Eatery,chopechopeeatery,complete_text,https://500times.udn.com/wtimes/story/122412/5873247
2021,1,1,,Chou Chou,chouchou,complete_text,https://500times.udn.com/wtimes/story/122412/5873247
2021,1,1,,Den Teppanyaki 展鐵板燒,denteppanyaki展鐵板燒,complete_text,https://500times.udn.com/wtimes/story/122412/5873247
2021,1,1,,Domo de Sardegna,domodesardegna,complete_text,https://500times.udn.com/wtimes/story/122412/5873247
2021,1,1,,G.D restaurant & Bar,gdrestaurantbar,complete_text,https://500times.udn.com/wtimes/story/122412/5873247
2021,1,1,,Gubami,gubami,complete_text,https://500times.udn.com/wtimes/story/122412/5873247
2021,1,1,,Hugh Dessert Dining,hughdessertdining,complete_text,https://500times.udn.com/wtimes/story/122412/5873247
2021,1,1,,J&J Private Kitchen J&J Private KitchenＸJAMES餐會,jjprivatekitchenjjprivatekitchenｘjames餐會,complete_text,https://500times.udn.com/wtimes/story/122412/5873247
2021,1,1,,Joseph Bistro想想廚房,josephbistro想想廚房,complete_text,https://500times.udn.com/wtimes/story/122412/5873247
2021,1,1,,KITKIT (原KIKI),kitkit,complete_text,https://500times.udn.com/wtimes/story/122412/5873247
2021,1,1,,L.C Française 法租界,lcfrançaise法租界,complete_text,https://500times.udn.com/wtimes/story/122412/5873247
2021,1,1,,Lawry's Taipei 勞瑞斯餐廳,lawrystaipei勞瑞斯餐廳,complete_text,https://500times.udn.com/wtimes/story/122412/5873247
2021,1,1,,MARU丸,maru丸,complete_text,https://500times.udn.com/wtimes/story/122412/5873247
2021,1,1,,MASA,masa,complete_text,https://500times.udn.com/wtimes/story/122412/5873247
2021,1,1,,Marc L3,marcl3,complete_text,https://500times.udn.com/wtimes/story/122412/5873247
2021,1,1,,Mirawan,mirawan,complete_text,https://500times.udn.com/wtimes/story/122412/5873247
2021,1,1,,Muzeo Gastronomy&Draft,muzeogastronomydraft,complete_text,https://500times.udn.com/wtimes/story/122412/5873247
2021,1,1,,Nena by Gen Creative,nenabygencreative,complete_text,https://500times.udn.com/wtimes/story/122412/5873247
2021,1,1,,Pastaio,pastaio,complete_text,https://500times.udn.com/wtimes/story/122412/5873247
2021,1,1,,Pinococo 皮諾可可,pinococo皮諾可可,complete_text,https://500times.udn.com/wtimes/story/122412/5873247
2021,1,1,,SAFFRON 46,saffron46,complete_text,https://500times.udn.com/wtimes/story/122412/5873247
2021,1,1,,SMAN十麵,sman十麵,complete_text,https://500times.udn.com/wtimes/story/122412/5873247
2021,1,1,,T+T,t+t,complete_text,https://500times.udn.com/wtimes/story/122412/5873247
2021,1,1,,T.R Bar & Kitchen,trbarkitchen,complete_text,https://500times.udn.com/wtimes/story/122412/5873247
2021,1,1,,TUGA葡萄牙餐廳,tuga葡萄牙餐廳,complete_text,https://500times.udn.com/wtimes/story/122412/5873247
2021,1,1,,Teotihuacan 墨西哥餐廳,teotihuacan墨西哥餐廳,complete_text,https://500times.udn.com/wtimes/story/122412/5873247
2021,1,1,,The Folks X George 期間限定餐/ Burrata與甜菜根,thefolksxgeorge期間限定餐burrata與甜菜根,complete_text,https://500times.udn.com/wtimes/story/122412/5873247
2021,1,1,,ULV Restaurant And Bar,ulvrestaurantandbar,complete_text,https://500times.udn.com/wtimes/story/122412/5873247
2021,1,1,,WAKU WAKU BURGER,wakuwakuburger,complete_text,https://500times.udn.com/wtimes/story/122412/5873247
2021,1,1,,Zaaptaipei,zaaptaipei,complete_text,https://500times.udn.com/wtimes/story/122412/5873247
2021,1,1,,onefifteen 初衣食午,onefifteen初衣食午,complete_text,https://500times.udn.com/wtimes/story/122412/5873247
2021,1,1,,一品蔬菜羊肉專賣店,一品蔬菜羊肉專賣店,complete_text,https://500times.udn.com/wtimes/story/122412/5873247
2021,1,1,,一期一會（鮨）,一期一會,complete_text,https://500times.udn.com/wtimes/story/122412/5873247
2021,1,1,,一甲子餐飲,一甲子餐飲,complete_text,https://500times.udn.com/wtimes/story/122412/5873247
2021,1,1,,上引水產,上引水產,complete_text,https://500times.udn.com/wtimes/story/122412/5873247
2021,1,1,,上海小館,上海小館,complete_text,https://500times.udn.com/wtimes/story/122412/5873247
2021,1,1,,不倒翁和食料理,不倒翁和食料理,complete_text,https://500times.udn.com/wtimes/story/122412/5873247
2021,1,1,,不老部落,不老部落,complete_text,https://500times.udn.com/wtimes/story/122412/5873247
2021,1,1,,与玥樓頂級粵菜餐廳,与玥樓頂級粵菜餐廳,complete_text,https://500times.udn.com/wtimes/story/122412/5873247
2021,1,1,,中壢牛家莊,中壢牛家莊,complete_text,https://500times.udn.com/wtimes/story/122412/5873247
2021,1,1,,中山日本料理廳,中山日本料理廳,complete_text,https://500times.udn.com/wtimes/story/122412/5873247
2021,1,1,,九華樓,九華樓,complete_text,https://500times.udn.com/wtimes/story/122412/5873247
2021,1,1,,五郎時食,五郎時食,complete_text,https://500times.udn.com/wtimes/story/122412/5873247
2021,1,1,,京翠港式飲茶餐廳,京翠港式飲茶餐廳,complete_text,https://500times.udn.com/wtimes/story/122412/5873247
2021,1,1,,人和園雲南菜,人和園雲南菜,complete_text,https://500times.udn.com/wtimes/story/122412/5873247
2021,1,1,,信遠齋燻雞滷味,信遠齋燻雞滷味,complete_text,https://500times.udn.com/wtimes/story/122412/5873247
2021,1,1,,俺達の肉屋 日本和牛燒肉店,俺達の肉屋日本和牛燒肉店,complete_text,https://500times.udn.com/wtimes/story/122412/5873247
2021,1,1,,光輝海鮮,光輝海鮮,complete_text,https://500times.udn.com/wtimes/story/122412/5873247
2021,1,1,,六品小館,六品小館,complete_text,https://500times.udn.com/wtimes/story/122412/5873247
2021,1,1,,劍潭肉圓王,劍潭肉圓王,complete_text,https://500times.udn.com/wtimes/story/122412/5873247
2021,1,1,,加貝爾廚藝餐坊,加貝爾廚藝餐坊,complete_text,https://500times.udn.com/wtimes/story/122412/5873247
2021,1,1,,北平上園樓,北平上園樓,complete_text,https://500times.udn.com/wtimes/story/122412/5873247
2021,1,1,,北平陶然亭餐廳,北平陶然亭餐廳,complete_text,https://500times.udn.com/wtimes/story/122412/5873247
2021,1,1,,北門口肉圓,北門口肉圓,complete_text,https://500times.udn.com/wtimes/story/122412/5873247
2021,1,1,,十平,十平,complete_text,https://500times.udn.com/wtimes/story/122412/5873247
2021,1,1,,南川麵館新店本館,南川麵館新店本館,complete_text,https://500times.udn.com/wtimes/story/122412/5873247
2021,1,1,,南村｜私廚・小酒棧,南村私廚小酒棧,complete_text,https://500times.udn.com/wtimes/story/122412/5873247
2021,1,1,,台北儂來會館,台北儂來會館,complete_text,https://500times.udn.com/wtimes/story/122412/5873247
2021,1,1,,台北鳥喜,台北鳥喜,complete_text,https://500times.udn.com/wtimes/story/122412/5873247
2021,1,1,,台南旺,台南旺,complete_text,https://500times.udn.com/wtimes/story/122412/5873247
2021,1,1,,台南滷三塊,台南滷三塊,complete_text,https://500times.udn.com/wtimes/story/122412/5873247
2021,1,1,,台南阿勇師,台南阿勇師,complete_text,https://500times.udn.com/wtimes/story/122412/5873247
2021,1,1,,台電勵進餐廳,台電勵進餐廳,complete_text,https://500times.udn.com/wtimes/story/122412/5873247
2021,1,1,,品‧印度,品印度,complete_text,https://500times.udn.com/wtimes/story/122412/5873247
2021,1,1,,善菓堂,善菓堂,complete_text,https://500times.udn.com/wtimes/story/122412/5873247
2021,1,1,,喆園,喆園,complete_text,https://500times.udn.com/wtimes/story/122412/5873247
2021,1,1,,國賓鹹粥,國賓鹹粥,complete_text,https://500times.udn.com/wtimes/story/122412/5873247
2021,1,1,,壽福美墨小食部,壽福美墨小食部,complete_text,https://500times.udn.com/wtimes/story/122412/5873247
2021,1,1,,夜上海,夜上海,complete_text,https://500times.udn.com/wtimes/story/122412/5873247
2021,1,1,,大為廚房,大為廚房,complete_text,https://500times.udn.com/wtimes/story/122412/5873247
2021,1,1,,大膽牛腩麵,大膽牛腩麵,complete_text,https://500times.udn.com/wtimes/story/122412/5873247
2021,1,1,,大鵬灣食堂,大鵬灣食堂,complete_text,https://500times.udn.com/wtimes/story/122412/5873247
2021,1,1,,天下三絕,天下三絕,complete_text,https://500times.udn.com/wtimes/story/122412/5873247
2021,1,1,,天廚菜館,天廚菜館,complete_text,https://500times.udn.com/wtimes/story/122412/5873247
2021,1,1,,女娘的店,女娘的店,complete_text,https://500times.udn.com/wtimes/story/122412/5873247
2021,1,1,,好好味港式菠蘿包,好好味港式菠蘿包,complete_text,https://500times.udn.com/wtimes/story/122412/5873247
2021,1,1,,好時光披薩,好時光披薩,complete_text,https://500times.udn.com/wtimes/story/122412/5873247
2021,1,1,,安德睿 食代義廊,安德睿食代義廊,complete_text,https://500times.udn.com/wtimes/story/122412/5873247
2021,1,1,,富久湯圓大王,富久湯圓大王,complete_text,https://500times.udn.com/wtimes/story/122412/5873247
2021,1,1,,富霸王豬腳,富霸王豬腳,complete_text,https://500times.udn.com/wtimes/story/122412/5873247
2021,1,1,,寒舍食譜,寒舍食譜,complete_text,https://500times.udn.com/wtimes/story/122412/5873247
2021,1,1,,小杜意麵,小杜意麵,complete_text,https://500times.udn.com/wtimes/story/122412/5873247
2021,1,1,,小肥便當,小肥便當,complete_text,https://500times.udn.com/wtimes/story/122412/5873247
2021,1,1,,山河滷肉飯,山河滷肉飯,complete_text,https://500times.udn.com/wtimes/story/122412/5873247
2021,1,1,,山豬蛋餅,山豬蛋餅,complete_text,https://500times.udn.com/wtimes/story/122412/5873247
2021,1,1,,巫雲,巫雲,complete_text,https://500times.udn.com/wtimes/story/122412/5873247
2021,1,1,,巷子口食堂,巷子口食堂,complete_text,https://500times.udn.com/wtimes/story/122412/5873247
2021,1,1,,德州美墨炸雞,德州美墨炸雞,complete_text,https://500times.udn.com/wtimes/story/122412/5873247
2021,1,1,,心潮飯店,心潮飯店,complete_text,https://500times.udn.com/wtimes/story/122412/5873247
2021,1,1,,我家客家小館傳承茶蝦飯,我家客家小館傳承茶蝦飯,complete_text,https://500times.udn.com/wtimes/story/122412/5873247
2021,1,1,,承Sho,承sho,complete_text,https://500times.udn.com/wtimes/story/122412/5873247
2021,1,1,,掬翠拾煙蔬食創作料理,掬翠拾煙蔬食創作料理,complete_text,https://500times.udn.com/wtimes/story/122412/5873247
2021,1,1,,文慶雞,文慶雞,complete_text,https://500times.udn.com/wtimes/story/122412/5873247
2021,1,1,,新園汕頭火鍋,新園汕頭火鍋,complete_text,https://500times.udn.com/wtimes/story/122412/5873247
2021,1,1,,新宿內臟燒肉,新宿內臟燒肉,complete_text,https://500times.udn.com/wtimes/story/122412/5873247
2021,1,1,,新東南海鮮餐廳,新東南海鮮餐廳,complete_text,https://500times.udn.com/wtimes/story/122412/5873247
2021,1,1,,方家小館,方家小館,complete_text,https://500times.udn.com/wtimes/story/122412/5873247
2021,1,1,,明水397食堂,明水397食堂,complete_text,https://500times.udn.com/wtimes/story/122412/5873247
2021,1,1,,曉璘海產碳烤,曉璘海產碳烤,complete_text,https://500times.udn.com/wtimes/story/122412/5873247
2021,1,1,,月夜岩,月夜岩,complete_text,https://500times.udn.com/wtimes/story/122412/5873247
2021,1,1,,東昇餐廳,東昇餐廳,complete_text,https://500times.udn.com/wtimes/story/122412/5873247
2021,1,1,,東雅小廚,東雅小廚,complete_text,https://500times.udn.com/wtimes/story/122412/5873247
2021,1,1,,林家白糖粿,林家白糖粿,complete_text,https://500times.udn.com/wtimes/story/122412/5873247
2021,1,1,,梵燒肉,梵燒肉,complete_text,https://500times.udn.com/wtimes/story/122412/5873247
2021,1,1,,樓上見港式餐酒館,樓上見港式餐酒館,complete_text,https://500times.udn.com/wtimes/story/122412/5873247
2021,1,1,,樺林乾麵,樺林乾麵,complete_text,https://500times.udn.com/wtimes/story/122412/5873247
2021,1,1,,橋頭麻辣鍋,橋頭麻辣鍋,complete_text,https://500times.udn.com/wtimes/story/122412/5873247
2021,1,1,,正海城北方小館,正海城北方小館,complete_text,https://500times.udn.com/wtimes/story/122412/5873247
2021,1,1,,池上吉本肉圓,池上吉本肉圓,complete_text,https://500times.udn.com/wtimes/story/122412/5873247
2021,1,1,,洪樓小館,洪樓小館,complete_text,https://500times.udn.com/wtimes/story/122412/5873247
2021,1,1,,海園活海鮮餐廳,海園活海鮮餐廳,complete_text,https://500times.udn.com/wtimes/story/122412/5873247
2021,1,1,,涼州游嚴行D-place,涼州游嚴行dplace,complete_text,https://500times.udn.com/wtimes/story/122412/5873247
2021,1,1,,清祥海產,清祥海產,complete_text,https://500times.udn.com/wtimes/story/122412/5873247
2021,1,1,,湖畔生活,湖畔生活,complete_text,https://500times.udn.com/wtimes/story/122412/5873247
2021,1,1,,湘八老,湘八老,complete_text,https://500times.udn.com/wtimes/story/122412/5873247
2021,1,1,,溫記手作麵,溫記手作麵,complete_text,https://500times.udn.com/wtimes/story/122412/5873247
2021,1,1,,潮粵坊港潮餐廳,潮粵坊港潮餐廳,complete_text,https://500times.udn.com/wtimes/story/122412/5873247
2021,1,1,,無口小廚,無口小廚,complete_text,https://500times.udn.com/wtimes/story/122412/5873247
2021,1,1,,燈亮有餅,燈亮有餅,complete_text,https://500times.udn.com/wtimes/story/122412/5873247
2021,1,1,,燈燈庵Tou Tou An,燈燈庵toutouan,complete_text,https://500times.udn.com/wtimes/story/122412/5873247
2021,1,1,,牛吉燒肉,牛吉燒肉,complete_text,https://500times.udn.com/wtimes/story/122412/5873247
2021,1,1,,牛肆,牛肆,complete_text,https://500times.udn.com/wtimes/story/122412/5873247
2021,1,1,,牛若丸和牛燒肉割烹,牛若丸和牛燒肉割烹,complete_text,https://500times.udn.com/wtimes/story/122412/5873247
2021,1,1,,玉里橋頭臭豆腐,玉里橋頭臭豆腐,complete_text,https://500times.udn.com/wtimes/story/122412/5873247
2021,1,1,,玖尹,玖尹,complete_text,https://500times.udn.com/wtimes/story/122412/5873247
2021,1,1,,田中漁夫,田中漁夫,complete_text,https://500times.udn.com/wtimes/story/122412/5873247
2021,1,1,,申浦尚宴,申浦尚宴,complete_text,https://500times.udn.com/wtimes/story/122412/5873247
2021,1,1,,畬室法式巧克力甜點創作,畬室法式巧克力甜點創作,complete_text,https://500times.udn.com/wtimes/story/122412/5873247
2021,1,1,,白麗塔origin sens,白麗塔originsens,complete_text,https://500times.udn.com/wtimes/story/122412/5873247
2021,1,1,,知味料理館,知味料理館,complete_text,https://500times.udn.com/wtimes/story/122412/5873247
2021,1,1,,石桌佳味熱炒,石桌佳味熱炒,complete_text,https://500times.udn.com/wtimes/story/122412/5873247
2021,1,1,,祥和蔬食料理,祥和蔬食料理,complete_text,https://500times.udn.com/wtimes/story/122412/5873247
2021,1,1,,福州新利菜館,福州新利菜館,complete_text,https://500times.udn.com/wtimes/story/122412/5873247
2021,1,1,,福旺餐館,福旺餐館,complete_text,https://500times.udn.com/wtimes/story/122412/5873247
2021,1,1,,秦味館,秦味館,complete_text,https://500times.udn.com/wtimes/story/122412/5873247
2021,1,1,,空軍市場涼拌黑豆干陽春麵（阿桃陽春麵）,空軍市場涼拌黑豆干陽春麵,complete_text,https://500times.udn.com/wtimes/story/122412/5873247
2021,1,1,,竹海產,竹海產,complete_text,https://500times.udn.com/wtimes/story/122412/5873247
2021,1,1,,紅屋牛排,紅屋牛排,complete_text,https://500times.udn.com/wtimes/story/122412/5873247
2021,1,1,,紅樓中餐廳,紅樓中餐廳,complete_text,https://500times.udn.com/wtimes/story/122412/5873247
2021,1,1,,羊成小館,羊成小館,complete_text,https://500times.udn.com/wtimes/story/122412/5873247
2021,1,1,,美景紅油抄手,美景紅油抄手,complete_text,https://500times.udn.com/wtimes/story/122412/5873247
2021,1,1,,義興樓,義興樓,complete_text,https://500times.udn.com/wtimes/story/122412/5873247
2021,1,1,,翁記滷肉飯,翁記滷肉飯,complete_text,https://500times.udn.com/wtimes/story/122412/5873247
2021,1,1,,翠華小館客家料理,翠華小館客家料理,complete_text,https://500times.udn.com/wtimes/story/122412/5873247
2021,1,1,,老店頭台南意麵,老店頭台南意麵,complete_text,https://500times.udn.com/wtimes/story/122412/5873247
2021,1,1,,老牌豬肝粥,老牌豬肝粥,complete_text,https://500times.udn.com/wtimes/story/122412/5873247
2021,1,1,,老蔡大麵焿,老蔡大麵焿,complete_text,https://500times.udn.com/wtimes/story/122412/5873247
2021,1,1,,胡同裏的蘭,胡同裏的蘭,complete_text,https://500times.udn.com/wtimes/story/122412/5873247
2021,1,1,,芝山岩牛肉麵,芝山岩牛肉麵,complete_text,https://500times.udn.com/wtimes/story/122412/5873247
2021,1,1,,茂園餐廳,茂園餐廳,complete_text,https://500times.udn.com/wtimes/story/122412/5873247
2021,1,1,,華西街台南擔仔麵,華西街台南擔仔麵,complete_text,https://500times.udn.com/wtimes/story/122412/5873247
2021,1,1,,葉公館,葉公館,complete_text,https://500times.udn.com/wtimes/story/122412/5873247
2021,1,1,,蕃茄主義,蕃茄主義,complete_text,https://500times.udn.com/wtimes/story/122412/5873247
2021,1,1,,豐盛食堂,豐盛食堂,complete_text,https://500times.udn.com/wtimes/story/122412/5873247
2021,1,1,,豐藏鰻魚料理專門,豐藏鰻魚料理專門,complete_text,https://500times.udn.com/wtimes/story/122412/5873247
2021,1,1,,赤綠,赤綠,complete_text,https://500times.udn.com/wtimes/story/122412/5873247
2021,1,1,,這一鍋,這一鍋,complete_text,https://500times.udn.com/wtimes/story/122412/5873247
2021,1,1,,通庵熟成咖喱,通庵熟成咖喱,complete_text,https://500times.udn.com/wtimes/story/122412/5873247
2021,1,1,,運鈍根湯,運鈍根湯,complete_text,https://500times.udn.com/wtimes/story/122412/5873247
2021,1,1,,邱爸爸海味,邱爸爸海味,complete_text,https://500times.udn.com/wtimes/story/122412/5873247
2021,1,1,,郎哥台南意麵,郎哥台南意麵,complete_text,https://500times.udn.com/wtimes/story/122412/5873247
2021,1,1,,都一處,都一處,complete_text,https://500times.udn.com/wtimes/story/122412/5873247
2021,1,1,,酉志,酉志,complete_text,https://500times.udn.com/wtimes/story/122412/5873247
2021,1,1,,野壽司,野壽司,complete_text,https://500times.udn.com/wtimes/story/122412/5873247
2021,1,1,,金峰滷肉飯,金峰滷肉飯,complete_text,https://500times.udn.com/wtimes/story/122412/5873247
2021,1,1,,錢唐村,錢唐村,complete_text,https://500times.udn.com/wtimes/story/122412/5873247
2021,1,1,,鍋膳,鍋膳,complete_text,https://500times.udn.com/wtimes/story/122412/5873247
2021,1,1,,阿全刈包担,阿全刈包担,complete_text,https://500times.udn.com/wtimes/story/122412/5873247
2021,1,1,,阿土豆漿大王,阿土豆漿大王,complete_text,https://500times.udn.com/wtimes/story/122412/5873247
2021,1,1,,阿正廚房,阿正廚房,complete_text,https://500times.udn.com/wtimes/story/122412/5873247
2021,1,1,,陶甕百合春天,陶甕百合春天,complete_text,https://500times.udn.com/wtimes/story/122412/5873247
2021,1,1,,陽明春天,陽明春天,complete_text,https://500times.udn.com/wtimes/story/122412/5873247
2021,1,1,,隆居酒屋 Power Beef日式烤牛肉飯小酒館,隆居酒屋powerbeef日式烤牛肉飯小酒館,complete_text,https://500times.udn.com/wtimes/story/122412/5873247
2021,1,1,,雅閣,雅閣,complete_text,https://500times.udn.com/wtimes/story/122412/5873247
2021,1,1,,雲錦中餐廳,雲錦中餐廳,complete_text,https://500times.udn.com/wtimes/story/122412/5873247
2021,1,1,,響海鮮,響海鮮,complete_text,https://500times.udn.com/wtimes/story/122412/5873247
2021,1,1,,飛花落院,飛花落院,complete_text,https://500times.udn.com/wtimes/story/122412/5873247
2021,1,1,,飲廊Corridor,飲廊corridor,complete_text,https://500times.udn.com/wtimes/story/122412/5873247
2021,1,1,,養心茶樓,養心茶樓,complete_text,https://500times.udn.com/wtimes/story/122412/5873247
2021,1,1,,首爾商行,首爾商行,complete_text,https://500times.udn.com/wtimes/story/122412/5873247
2021,1,1,,香坊甕之雞,香坊甕之雞,complete_text,https://500times.udn.com/wtimes/story/122412/5873247
2021,1,1,,香港九記海鮮,香港九記海鮮,complete_text,https://500times.udn.com/wtimes/story/122412/5873247
2021,1,1,,香色 Xiang Se,香色xiangse,complete_text,https://500times.udn.com/wtimes/story/122412/5873247
2021,1,1,,馥蘭朵烏來度假酒店,馥蘭朵烏來度假酒店,complete_text,https://500times.udn.com/wtimes/story/122412/5873247
2021,1,1,,馬紹米血糕,馬紹米血糕,complete_text,https://500times.udn.com/wtimes/story/122412/5873247
2021,1,1,,騷豆花,騷豆花,complete_text,https://500times.udn.com/wtimes/story/122412/5873247
2021,1,1,,魚麗共同廚房,魚麗共同廚房,complete_text,https://500times.udn.com/wtimes/story/122412/5873247
2021,1,1,,鮨二七,鮨二七,complete_text,https://500times.udn.com/wtimes/story/122412/5873247
2021,1,1,,鮨岡心,鮨岡心,complete_text,https://500times.udn.com/wtimes/story/122412/5873247
2021,1,1,,鮨松濤,鮨松濤,complete_text,https://500times.udn.com/wtimes/story/122412/5873247
2021,1,1,,麵屋千雲,麵屋千雲,complete_text,https://500times.udn.com/wtimes/story/122412/5873247
2021,1,1,,點水樓,點水樓,complete_text,https://500times.udn.com/wtimes/story/122412/5873247
2021,1,1,,鼎旺麻辣鍋,鼎旺麻辣鍋,complete_text,https://500times.udn.com/wtimes/story/122412/5873247
2021,1,1,,鼎珍坊,鼎珍坊,complete_text,https://500times.udn.com/wtimes/story/122412/5873247
2021,1,1,,龍都酒樓,龍都酒樓,complete_text,https://500times.udn.com/wtimes/story/122412/5873247
